customer_id,churned,recency_days,frequency,monetary,avg_order_value,n_categories,customer_lifetime_days,purchase_rate,r_score,f_score,m_score,rfm_segment,region,acquisition_channel,age_band
C00001,0,37,5,1818.11,363.62,2,263,0.568,4,4,5,Champions,South East,Social Media,18-24
C00002,1,1200,1,79.69,79.69,1,0,30.0,1,1,1,Hibernating,London,Email,55+
C00003,1,97,2,1057.14,528.57,1,461,0.13,3,2,5,Lost,South East,Paid Search,25-34
C00004,1,134,2,620.67,310.34,2,238,0.251,3,2,3,Lost,London,Referral,35-44
C00005,1,150,2,442.62,221.31,2,8,6.667,3,2,3,Lost,London,Email,55+
C00006,1,570,3,548.47,182.82,3,244,0.367,1,3,3,At Risk,North West,Organic Search,35-44
C00007,1,296,2,117.38,58.69,2,565,0.106,2,2,1,Hibernating,London,Paid Search,25-34
C00008,0,53,1,91.01,91.01,1,0,30.0,4,1,1,Recent Customers,South East,Referral,55+
C00009,1,397,3,278.03,92.68,1,208,0.431,1,3,2,At Risk,North West,Email,45-54
C00010,1,1101,1,406.99,406.99,1,0,30.0,1,1,3,Hibernating,Midlands,Referral,25-34
C00011,1,397,5,771.5,154.3,1,706,0.212,1,4,4,Cannot Lose Them,North West,Paid Search,25-34
C00012,1,127,5,781.12,156.22,3,761,0.197,3,4,4,Loyal Customers,North East,Organic Search,45-54
C00013,1,163,4,298.25,74.56,2,240,0.498,3,4,2,Loyal Customers,London,Paid Search,35-44
C00014,0,88,3,236.53,78.84,1,325,0.276,3,3,2,Loyal Customers,Wales,Social Media,25-34
C00015,0,4,2,548.48,274.24,2,367,0.163,5,2,3,Recent Customers,North West,Organic Search,35-44
C00016,1,328,2,137.74,68.87,2,218,0.274,2,2,1,Hibernating,South West,Organic Search,25-34
C00017,1,267,4,826.21,206.55,3,623,0.192,2,4,4,Cannot Lose Them,South East,Organic Search,35-44
C00020,1,263,2,380.63,190.32,2,263,0.227,2,2,2,Hibernating,North West,Organic Search,55+
C00021,0,10,8,2026.84,253.36,2,36,6.486,5,5,5,Champions,Midlands,Paid Search,25-34
C00022,0,16,3,853.04,284.35,2,8,10.0,5,3,4,Loyal Customers,London,Referral,25-34
C00023,1,276,3,812.51,270.84,2,166,0.539,2,3,4,At Risk,Scotland,Organic Search,55+
C00024,1,153,4,818.94,204.74,3,919,0.13,3,4,4,Loyal Customers,North East,Organic Search,35-44
C00025,1,128,3,186.74,62.25,2,222,0.404,3,3,1,Loyal Customers,Scotland,Social Media,35-44
C00026,1,241,1,342.24,342.24,1,0,30.0,2,1,2,Hibernating,South East,Social Media,18-24
C00027,1,348,2,444.67,222.34,2,207,0.288,2,2,3,Hibernating,North West,Direct,18-24
C00029,0,10,5,948.74,189.75,2,489,0.306,5,4,4,Champions,London,Direct,25-34
C00030,0,32,4,493.99,123.5,2,216,0.553,5,4,3,Champions,Scotland,Direct,45-54
C00032,1,1024,1,101.72,101.72,1,0,30.0,1,1,1,Hibernating,Yorkshire,Referral,35-44
C00033,0,75,2,337.45,168.72,2,376,0.159,4,2,2,Recent Customers,South West,Social Media,18-24
C00034,1,194,3,282.57,94.19,2,260,0.345,2,3,2,At Risk,South East,Referral,35-44
C00035,1,792,3,442.82,147.61,1,243,0.369,1,3,3,At Risk,South West,Email,35-44
C00036,1,165,3,719.73,239.91,3,617,0.146,3,3,4,Loyal Customers,London,Referral,55+
C00038,0,45,4,995.02,248.76,3,325,0.368,4,4,4,Champions,South East,Paid Search,45-54
C00039,1,102,1,334.63,334.63,1,0,30.0,3,1,2,Lost,London,Email,35-44
C00040,0,9,2,512.84,256.42,1,15,3.75,5,2,3,Recent Customers,Scotland,Organic Search,25-34
C00041,1,509,1,38.7,38.7,1,0,30.0,1,1,1,Hibernating,Scotland,Direct,45-54
C00042,1,228,5,586.37,117.27,2,707,0.212,2,4,3,Cannot Lose Them,North West,Organic Search,35-44
C00043,1,160,4,362.93,90.73,2,391,0.306,3,4,2,Loyal Customers,North West,Organic Search,45-54
C00044,1,549,5,850.76,170.15,2,518,0.289,1,4,4,Cannot Lose Them,Scotland,Paid Search,45-54
C00046,0,17,4,446.28,111.57,2,484,0.247,5,4,3,Champions,Wales,Paid Search,25-34
C00047,0,53,6,811.05,135.17,2,308,0.583,4,5,4,Champions,London,Referral,25-34
C00049,0,65,1,399.73,399.73,1,0,30.0,4,1,3,Recent Customers,North East,Email,25-34
C00050,0,55,5,1076.52,215.3,3,243,0.615,4,4,5,Champions,North West,Organic Search,55+
C00051,1,372,2,383.55,191.78,2,368,0.163,1,2,2,Hibernating,London,Paid Search,25-34
C00052,1,197,8,2165.55,270.69,5,1154,0.208,2,5,5,Cannot Lose Them,Wales,Direct,55+
C00053,1,386,3,339.67,113.22,2,304,0.295,1,3,2,At Risk,South West,Email,45-54
C00054,1,802,1,82.02,82.02,1,0,30.0,1,1,1,Hibernating,Midlands,Paid Search,35-44
C00055,0,64,4,921.79,230.45,1,91,1.304,4,4,4,Champions,Wales,Direct,18-24
C00056,0,34,9,1577.95,175.33,5,139,1.929,4,5,5,Champions,South West,Organic Search,18-24
C00057,0,9,4,147.89,36.97,1,589,0.203,5,4,1,Champions,Yorkshire,Email,18-24
C00058,1,636,1,66.73,66.73,1,0,30.0,1,1,1,Hibernating,South East,Organic Search,55+
C00059,1,194,5,633.21,126.64,3,242,0.617,2,4,4,Cannot Lose Them,Midlands,Direct,35-44
C00060,0,9,5,728.0,145.6,2,1047,0.143,5,4,4,Champions,London,Direct,25-34
C00061,1,192,4,1221.87,305.47,2,507,0.236,2,4,5,Cannot Lose Them,London,Referral,55+
C00063,0,20,5,432.94,86.59,1,423,0.354,5,4,3,Champions,Wales,Social Media,55+
C00064,1,743,1,343.33,343.33,1,0,30.0,1,1,2,Hibernating,Yorkshire,Direct,18-24
C00065,0,90,3,578.23,192.74,2,246,0.364,3,3,3,Loyal Customers,Scotland,Social Media,25-34
C00066,1,256,2,509.05,254.52,2,349,0.171,2,2,3,Hibernating,London,Organic Search,25-34
C00067,1,820,1,71.23,71.23,1,0,30.0,1,1,1,Hibernating,Scotland,Email,35-44
C00068,1,345,1,600.34,600.34,1,0,30.0,2,1,3,Hibernating,North West,Direct,18-24
C00070,0,42,2,341.88,170.94,2,299,0.2,4,2,2,Recent Customers,North West,Organic Search,55+
C00072,0,75,3,1161.86,387.29,2,67,1.324,4,3,5,Loyal Customers,London,Organic Search,55+
C00073,0,42,1,333.03,333.03,1,0,30.0,4,1,2,Recent Customers,London,Organic Search,35-44
C00074,1,137,3,967.24,322.41,3,531,0.169,3,3,4,Loyal Customers,London,Email,25-34
C00075,1,278,2,163.94,81.97,2,298,0.201,2,2,1,Hibernating,Wales,Email,45-54
C00076,1,188,6,2843.33,473.89,2,371,0.484,2,5,5,Cannot Lose Them,London,Organic Search,35-44
C00077,1,124,4,985.99,246.5,2,738,0.162,3,4,4,Loyal Customers,Scotland,Email,45-54
C00078,1,1121,1,193.07,193.07,1,0,30.0,1,1,1,Hibernating,London,Email,45-54
C00079,1,548,3,1251.71,417.24,3,578,0.155,1,3,5,At Risk,South East,Organic Search,55+
C00082,0,36,4,1951.45,487.86,1,233,0.513,4,4,5,Champions,Yorkshire,Paid Search,45-54
C00083,1,749,2,560.85,280.42,1,417,0.144,1,2,3,Hibernating,Scotland,Paid Search,45-54
C00084,1,191,2,60.48,30.24,2,304,0.197,2,2,1,Hibernating,Scotland,Direct,35-44
C00085,1,462,1,256.27,256.27,1,0,30.0,1,1,2,Hibernating,London,Social Media,55+
C00086,1,226,1,28.09,28.09,1,0,30.0,2,1,1,Hibernating,Scotland,Direct,35-44
C00087,1,135,10,1908.5,190.85,3,322,0.929,3,5,5,Loyal Customers,Midlands,Paid Search,25-34
C00088,1,249,4,1239.65,309.91,2,503,0.238,2,4,5,Cannot Lose Them,London,Organic Search,25-34
C00090,1,108,2,748.68,374.34,2,60,0.984,3,2,4,Lost,North West,Organic Search,25-34
C00091,0,5,3,305.46,101.82,1,301,0.298,5,3,2,Loyal Customers,Yorkshire,Email,35-44
C00092,1,781,1,271.63,271.63,1,0,30.0,1,1,2,Hibernating,London,Paid Search,18-24
C00094,0,19,4,1060.05,265.01,1,29,4.0,5,4,5,Champions,London,Organic Search,35-44
C00095,0,53,1,446.53,446.53,1,0,30.0,4,1,3,Recent Customers,Midlands,Organic Search,18-24
C00096,0,24,6,996.15,166.02,2,118,1.513,5,5,4,Champions,North West,Organic Search,35-44
C00097,1,182,7,540.12,77.16,4,1138,0.184,2,5,3,Cannot Lose Them,Yorkshire,Email,35-44
C00098,0,16,3,891.93,297.31,1,64,1.385,5,3,4,Loyal Customers,South East,Paid Search,25-34
C00100,0,1,6,1144.84,190.81,1,51,3.462,5,5,5,Champions,South East,Organic Search,35-44
C00101,0,23,2,127.38,63.69,1,84,0.706,5,2,1,Recent Customers,Wales,Direct,18-24
C00102,0,80,8,1661.9,207.74,3,1084,0.221,4,5,5,Champions,London,Email,35-44
C00103,0,63,4,508.05,127.01,2,788,0.152,4,4,3,Champions,South East,Paid Search,25-34
C00104,0,73,2,79.35,39.67,1,719,0.083,4,2,1,Recent Customers,North East,Organic Search,25-34
C00105,1,209,5,465.51,93.1,3,496,0.302,2,4,3,Cannot Lose Them,North West,Organic Search,25-34
C00106,1,304,8,1431.07,178.88,3,803,0.299,2,5,5,Cannot Lose Them,London,Organic Search,45-54
C00108,1,196,3,313.2,104.4,1,651,0.138,2,3,2,At Risk,Wales,Social Media,45-54
C00109,0,72,5,1041.78,208.36,3,88,1.685,4,4,5,Champions,London,Organic Search,35-44
C00110,1,873,1,109.48,109.48,1,0,30.0,1,1,1,Hibernating,Midlands,Email,55+
C00113,1,240,1,32.29,32.29,1,0,30.0,2,1,1,Hibernating,Yorkshire,Social Media,45-54
C00114,0,3,4,401.06,100.26,2,212,0.563,5,4,3,Champions,North East,Organic Search,45-54
C00115,1,102,3,700.97,233.66,3,438,0.205,3,3,4,Loyal Customers,Midlands,Paid Search,35-44
C00117,1,561,2,236.24,118.12,1,57,1.034,1,2,2,Hibernating,North West,Organic Search,25-34
C00118,1,98,4,689.84,172.46,2,419,0.286,3,4,4,Loyal Customers,Midlands,Direct,25-34
C00119,0,79,2,243.67,121.84,2,538,0.111,4,2,2,Recent Customers,London,Direct,35-44
C00120,1,416,2,151.1,75.55,1,34,1.714,1,2,1,Hibernating,Midlands,Paid Search,55+
C00121,0,39,4,1316.54,329.14,2,509,0.235,4,4,5,Champions,London,Organic Search,25-34
C00122,1,174,1,160.03,160.03,1,0,30.0,3,1,1,Lost,North West,Organic Search,18-24
C00123,1,147,9,3022.83,335.87,3,324,0.831,3,5,5,Loyal Customers,North West,Direct,35-44
C00124,1,722,2,649.38,324.69,2,384,0.156,1,2,4,Hibernating,South East,Paid Search,35-44
C00125,0,7,8,1224.24,153.03,2,691,0.347,5,5,5,Champions,South East,Social Media,25-34
C00126,1,113,6,1226.76,204.46,2,267,0.672,3,5,5,Loyal Customers,Wales,Organic Search,55+
C00127,0,62,3,909.6,303.2,3,689,0.13,4,3,4,Loyal Customers,South East,Paid Search,25-34
C00128,0,54,6,1555.85,259.31,3,707,0.254,4,5,5,Champions,London,Paid Search,45-54
C00132,1,204,3,376.65,125.55,1,404,0.222,2,3,2,At Risk,Midlands,Paid Search,35-44
C00133,0,66,6,587.12,97.85,2,68,2.609,4,5,3,Champions,South East,Social Media,25-34
C00134,1,310,4,836.53,209.13,2,457,0.262,2,4,4,Cannot Lose Them,North West,Paid Search,45-54
C00135,0,62,5,435.0,87.0,2,236,0.633,4,4,3,Champions,South East,Email,45-54
C00136,1,383,1,170.53,170.53,1,0,30.0,1,1,1,Hibernating,North West,Organic Search,45-54
C00140,1,360,5,610.08,122.02,2,277,0.54,2,4,3,Cannot Lose Them,London,Direct,25-34
C00141,0,80,3,338.06,112.69,2,294,0.305,4,3,2,Loyal Customers,Yorkshire,Social Media,25-34
C00143,1,188,2,124.39,62.19,2,95,0.625,2,2,1,Hibernating,North East,Paid Search,25-34
C00145,0,12,2,694.0,347.0,1,408,0.147,5,2,4,Recent Customers,Wales,Paid Search,35-44
C00146,1,259,4,649.57,162.39,3,310,0.386,2,4,4,Cannot Lose Them,Midlands,Organic Search,25-34
C00147,1,538,6,1024.49,170.75,4,722,0.249,1,5,4,Cannot Lose Them,North West,Paid Search,35-44
C00148,0,21,3,560.68,186.89,2,981,0.092,5,3,3,Loyal Customers,Scotland,Social Media,35-44
C00149,1,779,3,298.59,99.53,1,318,0.282,1,3,2,At Risk,Scotland,Referral,35-44
C00150,1,724,1,100.55,100.55,1,0,30.0,1,1,1,Hibernating,Scotland,Social Media,35-44
C00152,0,44,3,206.89,68.96,1,50,1.765,4,3,2,Loyal Customers,Wales,Organic Search,18-24
C00153,1,141,6,421.85,70.31,3,680,0.264,3,5,3,Loyal Customers,South East,Organic Search,45-54
C00154,1,482,2,249.7,124.85,1,373,0.16,1,2,2,Hibernating,South East,Social Media,25-34
C00156,1,503,1,432.29,432.29,1,0,30.0,1,1,3,Hibernating,South West,Social Media,45-54
C00157,1,227,6,1962.58,327.1,3,632,0.284,2,5,5,Cannot Lose Them,Wales,Organic Search,55+
C00158,0,10,7,2049.66,292.81,4,287,0.729,5,5,5,Champions,London,Organic Search,35-44
C00159,0,86,2,165.07,82.54,1,1,30.0,3,2,1,Lost,London,Paid Search,18-24
C00160,0,31,3,281.25,93.75,1,155,0.577,5,3,2,Loyal Customers,Scotland,Social Media,55+
C00161,0,87,5,473.33,94.67,3,332,0.45,3,4,3,Loyal Customers,North West,Organic Search,25-34
C00162,0,53,1,259.61,259.61,1,0,30.0,4,1,2,Recent Customers,Scotland,Direct,25-34
C00163,1,423,4,502.91,125.73,1,407,0.294,1,4,3,Cannot Lose Them,North West,Social Media,18-24
C00164,0,64,4,1885.1,471.28,1,254,0.471,4,4,5,Champions,South East,Organic Search,18-24
C00165,0,19,10,2107.22,210.72,2,288,1.038,5,5,5,Champions,Yorkshire,Email,35-44
C00166,1,271,2,95.71,47.86,1,62,0.952,2,2,1,Hibernating,London,Social Media,35-44
C00169,0,76,4,943.19,235.8,1,288,0.415,4,4,4,Champions,London,Email,55+
C00171,0,15,3,464.1,154.7,1,69,1.286,5,3,3,Loyal Customers,South West,Email,45-54
C00172,0,51,6,1194.66,199.11,2,168,1.065,4,5,5,Champions,London,Organic Search,55+
C00174,1,226,3,502.39,167.46,2,665,0.135,2,3,3,At Risk,Scotland,Organic Search,35-44
C00175,1,450,2,206.89,103.44,1,143,0.417,1,2,2,Hibernating,London,Organic Search,35-44
C00176,0,33,5,1244.44,248.89,1,144,1.034,4,4,5,Champions,London,Social Media,18-24
C00177,1,165,1,74.72,74.72,1,0,30.0,3,1,1,Lost,North West,Email,55+
C00178,0,58,5,846.18,169.24,2,886,0.169,4,4,4,Champions,South East,Social Media,25-34
C00179,1,95,8,3562.16,445.27,3,828,0.29,3,5,5,Loyal Customers,Scotland,Referral,35-44
C00180,0,11,7,1418.11,202.59,3,490,0.428,5,5,5,Champions,London,Organic Search,45-54
C00181,0,6,6,462.82,77.14,3,816,0.22,5,5,3,Champions,London,Paid Search,45-54
C00182,1,118,1,38.7,38.7,1,0,30.0,3,1,1,Lost,South West,Organic Search,35-44
C00185,0,15,1,230.67,230.67,1,0,30.0,5,1,2,Recent Customers,Scotland,Paid Search,45-54
C00186,0,5,4,412.25,103.06,3,122,0.976,5,4,3,Champions,Yorkshire,Email,25-34
C00188,1,373,5,1071.98,214.4,3,510,0.294,1,4,5,Cannot Lose Them,Yorkshire,Organic Search,45-54
C00189,1,1020,1,249.62,249.62,1,0,30.0,1,1,2,Hibernating,London,Paid Search,55+
C00190,1,439,6,1745.77,290.96,3,680,0.264,1,5,5,Cannot Lose Them,South West,Direct,35-44
C00191,0,71,5,1121.12,224.22,4,181,0.824,4,4,5,Champions,London,Email,25-34
C00192,1,719,1,45.95,45.95,1,0,30.0,1,1,1,Hibernating,London,Paid Search,25-34
C00193,1,155,5,638.18,127.64,3,597,0.251,3,4,4,Loyal Customers,North West,Organic Search,45-54
C00194,0,68,7,1040.63,148.66,5,396,0.529,4,5,5,Champions,South West,Referral,35-44
C00195,0,48,6,783.51,130.58,3,228,0.786,4,5,4,Champions,Midlands,Social Media,45-54
C00197,1,101,2,102.87,51.44,2,374,0.16,3,2,1,Lost,Yorkshire,Social Media,25-34
C00198,1,118,2,164.37,82.18,1,195,0.306,3,2,1,Lost,Midlands,Paid Search,45-54
C00199,1,318,2,381.23,190.61,2,288,0.208,2,2,2,Hibernating,Yorkshire,Email,55+
C00200,1,175,2,298.6,149.3,2,46,1.277,3,2,2,Lost,London,Paid Search,25-34
C00201,1,201,3,526.43,175.48,1,339,0.265,2,3,3,At Risk,Scotland,Social Media,25-34
C00202,0,3,4,1461.75,365.44,1,65,1.818,5,4,5,Champions,Yorkshire,Email,18-24
C00204,0,69,1,47.56,47.56,1,0,30.0,4,1,1,Recent Customers,North West,Paid Search,45-54
C00206,1,343,1,200.75,200.75,1,0,30.0,2,1,2,Hibernating,London,Paid Search,35-44
C00207,1,105,5,855.73,171.15,2,468,0.32,3,4,4,Loyal Customers,South East,Paid Search,35-44
C00208,1,349,4,539.44,134.86,2,623,0.192,2,4,3,Cannot Lose Them,Wales,Paid Search,25-34
C00209,0,59,5,1094.02,218.8,2,556,0.269,4,4,5,Champions,North West,Organic Search,25-34
C00210,0,3,6,1648.95,274.82,2,109,1.636,5,5,5,Champions,North East,Email,45-54
C00212,0,7,1,84.33,84.33,1,0,30.0,5,1,1,Recent Customers,London,Organic Search,25-34
C00214,1,371,1,517.99,517.99,1,0,30.0,1,1,3,Hibernating,Scotland,Paid Search,35-44
C00215,1,235,6,974.01,162.34,2,977,0.184,2,5,4,Cannot Lose Them,South East,Social Media,55+
C00216,1,1057,2,110.0,55.0,2,113,0.526,1,2,1,Hibernating,London,Organic Search,35-44
C00218,0,30,6,476.91,79.48,1,755,0.238,5,5,3,Champions,Scotland,Direct,45-54
C00219,0,27,2,604.03,302.02,1,11,5.0,5,2,3,Recent Customers,London,Email,55+
C00222,0,20,4,751.15,187.79,2,34,3.429,5,4,4,Champions,South West,Paid Search,35-44
C00223,0,30,1,116.53,116.53,1,0,30.0,5,1,1,Recent Customers,Midlands,Email,35-44
C00224,1,106,5,509.76,101.95,1,130,1.145,3,4,3,Loyal Customers,Midlands,Paid Search,35-44
C00226,1,334,1,227.63,227.63,1,0,30.0,2,1,2,Hibernating,Midlands,Social Media,45-54
C00227,1,374,4,631.87,157.97,4,378,0.317,1,4,4,Cannot Lose Them,South West,Direct,18-24
C00230,0,81,5,911.13,182.23,2,1174,0.128,4,4,4,Champions,South East,Email,45-54
C00231,0,14,3,461.35,153.78,1,725,0.124,5,3,3,Loyal Customers,South East,Direct,45-54
C00232,0,11,8,1405.76,175.72,4,213,1.121,5,5,5,Champions,Midlands,Referral,55+
C00233,1,121,2,66.87,33.44,2,25,2.308,3,2,1,Lost,Midlands,Paid Search,25-34
C00234,0,25,8,1831.35,228.92,2,230,1.039,5,5,5,Champions,South East,Social Media,45-54
C00237,1,326,3,167.34,55.78,1,117,0.763,2,3,1,At Risk,Midlands,Paid Search,35-44
C00238,0,12,2,437.4,218.7,2,46,1.277,5,2,3,Recent Customers,North East,Organic Search,35-44
C00239,1,155,2,199.73,99.86,1,36,1.622,3,2,2,Lost,South East,Organic Search,25-34
C00240,0,19,5,1008.11,201.62,2,758,0.198,5,4,4,Champions,North West,Email,35-44
C00241,1,341,2,134.38,67.19,2,442,0.135,2,2,1,Hibernating,Midlands,Direct,25-34
C00242,0,33,5,599.68,119.94,3,133,1.119,4,4,3,Champions,London,Paid Search,25-34
C00243,1,555,8,1042.73,130.34,2,611,0.392,1,5,5,Cannot Lose Them,Midlands,Referral,25-34
C00244,1,593,1,262.51,262.51,1,0,30.0,1,1,2,Hibernating,North West,Social Media,55+
C00246,0,65,3,212.3,70.77,1,353,0.254,4,3,2,Loyal Customers,South West,Organic Search,45-54
C00247,0,48,7,2177.08,311.01,2,254,0.824,4,5,5,Champions,North East,Social Media,25-34
C00248,0,82,6,2061.05,343.51,3,566,0.317,4,5,5,Champions,Wales,Email,25-34
C00250,1,1183,1,65.99,65.99,1,0,30.0,1,1,1,Hibernating,London,Social Media,45-54
C00251,1,178,8,1531.85,191.48,5,1128,0.213,2,5,5,Cannot Lose Them,South East,Social Media,25-34
C00252,1,212,1,259.9,259.9,1,0,30.0,2,1,2,Hibernating,Wales,Email,45-54
C00253,1,261,1,720.98,720.98,1,0,30.0,2,1,4,Hibernating,London,Direct,55+
C00254,0,19,3,367.58,122.53,1,116,0.769,5,3,2,Loyal Customers,North West,Organic Search,55+
C00256,1,585,3,417.72,139.24,2,225,0.398,1,3,3,At Risk,London,Email,35-44
C00257,0,68,5,1224.62,244.92,3,384,0.39,4,4,5,Champions,Yorkshire,Social Media,25-34
C00258,0,85,6,943.7,157.28,3,218,0.822,4,5,4,Champions,North East,Organic Search,35-44
C00259,0,89,5,756.72,151.34,2,538,0.278,3,4,4,Loyal Customers,South East,Organic Search,45-54
C00260,1,256,1,110.9,110.9,1,0,30.0,2,1,1,Hibernating,North West,Paid Search,45-54
C00261,1,628,2,228.39,114.2,2,157,0.38,1,2,2,Hibernating,London,Paid Search,35-44
C00262,0,28,6,1001.62,166.94,4,287,0.625,5,5,4,Champions,London,Organic Search,55+
C00263,1,224,3,289.94,96.65,1,551,0.163,2,3,2,At Risk,South East,Email,18-24
C00264,0,2,6,1170.31,195.05,2,905,0.199,5,5,5,Champions,North West,Social Media,25-34
C00265,0,50,3,556.99,185.66,2,619,0.145,4,3,3,Loyal Customers,Scotland,Referral,35-44
C00266,0,10,4,1076.91,269.23,2,751,0.16,5,4,5,Champions,South East,Direct,45-54
C00267,1,151,5,502.54,100.51,3,412,0.363,3,4,3,Loyal Customers,Scotland,Email,35-44
C00268,0,29,3,630.24,210.08,2,810,0.111,5,3,4,Loyal Customers,Wales,Paid Search,45-54
C00269,0,15,4,536.56,134.14,1,29,4.0,5,4,3,Champions,London,Organic Search,25-34
C00271,1,108,3,613.74,204.58,1,339,0.265,3,3,3,Loyal Customers,North East,Organic Search,55+
C00272,0,15,6,1146.13,191.02,3,172,1.04,5,5,5,Champions,South East,Referral,25-34
C00273,1,616,1,72.27,72.27,1,0,30.0,1,1,1,Hibernating,South West,Email,45-54
C00274,1,154,4,1124.7,281.18,2,285,0.42,3,4,5,Loyal Customers,London,Paid Search,35-44
C00275,0,25,4,752.36,188.09,3,168,0.71,5,4,4,Champions,North West,Direct,25-34
C00277,0,40,5,826.78,165.36,2,1133,0.132,4,4,4,Champions,South East,Social Media,55+
C00280,1,222,3,244.71,81.57,3,706,0.127,2,3,2,At Risk,Scotland,Organic Search,45-54
C00281,1,1030,1,84.49,84.49,1,0,30.0,1,1,1,Hibernating,Yorkshire,Organic Search,45-54
C00282,0,37,1,132.24,132.24,1,0,30.0,4,1,1,Recent Customers,North West,Organic Search,45-54
C00284,1,149,3,864.22,288.07,3,992,0.091,3,3,4,Loyal Customers,South East,Paid Search,18-24
C00285,1,149,2,146.64,73.32,1,124,0.48,3,2,1,Lost,Scotland,Organic Search,35-44
C00286,1,248,3,1272.42,424.14,3,121,0.738,2,3,5,At Risk,Yorkshire,Organic Search,45-54
C00287,0,73,2,429.84,214.92,2,321,0.186,4,2,3,Recent Customers,North West,Paid Search,35-44
C00288,1,776,3,422.86,140.95,2,369,0.243,1,3,3,At Risk,London,Email,18-24
C00289,1,811,2,194.73,97.36,2,90,0.659,1,2,1,Hibernating,South West,Organic Search,35-44
C00290,0,31,2,1000.5,500.25,2,124,0.48,5,2,4,Recent Customers,Yorkshire,Organic Search,45-54
C00291,0,38,9,1427.19,158.58,3,396,0.68,4,5,5,Champions,Scotland,Email,45-54
C00292,0,53,8,696.25,87.03,4,891,0.269,4,5,4,Champions,South East,Email,55+
C00293,1,322,2,549.88,274.94,1,636,0.094,2,2,3,Hibernating,Midlands,Social Media,45-54
C00294,1,400,4,229.45,57.36,1,897,0.134,1,4,2,Cannot Lose Them,Wales,Organic Search,25-34
C00297,0,75,9,1190.18,132.24,1,75,3.553,4,5,5,Champions,Scotland,Direct,18-24
C00298,1,763,1,73.29,73.29,1,0,30.0,1,1,1,Hibernating,London,Social Media,18-24
C00299,0,30,4,744.0,186.0,2,260,0.46,5,4,4,Champions,London,Organic Search,55+
C00300,0,34,1,652.36,652.36,1,0,30.0,4,1,4,Recent Customers,Yorkshire,Social Media,18-24
C00301,1,164,1,255.33,255.33,1,0,30.0,3,1,2,Lost,Midlands,Paid Search,18-24
C00302,0,2,5,636.77,127.35,2,18,7.895,5,4,4,Champions,South West,Referral,18-24
C00303,0,90,3,414.46,138.15,2,166,0.539,3,3,3,Loyal Customers,Midlands,Paid Search,45-54
C00304,1,173,2,496.16,248.08,2,110,0.541,3,2,3,Lost,South East,Direct,18-24
C00305,1,155,4,552.38,138.1,1,282,0.424,3,4,3,Loyal Customers,South East,Direct,18-24
C00306,0,41,2,484.79,242.4,2,35,1.667,4,2,3,Recent Customers,Midlands,Social Media,25-34
C00309,1,196,6,2213.84,368.97,3,783,0.23,2,5,5,Cannot Lose Them,South East,Organic Search,45-54
C00310,1,353,4,467.53,116.88,2,754,0.159,2,4,3,Cannot Lose Them,London,Email,55+
C00312,0,31,3,816.93,272.31,2,254,0.353,5,3,4,Loyal Customers,Scotland,Paid Search,18-24
C00313,0,90,2,148.76,74.38,1,488,0.123,3,2,1,Lost,South East,Email,35-44
C00314,0,8,6,794.17,132.36,2,300,0.598,5,5,4,Champions,North West,Direct,35-44
C00315,0,5,10,1470.92,147.09,4,155,1.923,5,5,5,Champions,Midlands,Paid Search,35-44
C00319,1,127,4,555.41,138.85,2,1014,0.118,3,4,3,Loyal Customers,South West,Organic Search,25-34
C00320,1,253,2,372.79,186.4,1,151,0.395,2,2,2,Hibernating,South East,Direct,45-54
C00321,0,43,2,1069.74,534.87,1,17,3.333,4,2,5,Recent Customers,Scotland,Paid Search,45-54
C00322,1,364,3,188.56,62.85,2,98,0.909,2,3,1,At Risk,South East,Organic Search,25-34
C00323,1,327,3,505.91,168.64,3,386,0.233,2,3,3,At Risk,Yorkshire,Social Media,25-34
C00324,1,98,1,62.53,62.53,1,0,30.0,3,1,1,Lost,Scotland,Organic Search,18-24
C00325,1,505,1,251.39,251.39,1,0,30.0,1,1,2,Hibernating,London,Organic Search,45-54
C00326,0,8,5,1799.59,359.92,2,477,0.314,5,4,5,Champions,North West,Direct,18-24
C00327,0,11,5,569.96,113.99,2,111,1.339,5,4,3,Champions,South West,Direct,45-54
C00328,1,492,1,18.94,18.94,1,0,30.0,1,1,1,Hibernating,South West,Direct,25-34
C00329,1,175,2,341.07,170.54,1,323,0.185,3,2,2,Lost,Scotland,Email,18-24
C00330,0,36,8,1013.09,126.64,3,667,0.359,4,5,4,Champions,North West,Organic Search,45-54
C00331,0,24,3,673.64,224.55,1,380,0.236,5,3,4,Loyal Customers,South West,Social Media,35-44
C00332,0,15,1,87.18,87.18,1,0,30.0,5,1,1,Recent Customers,Midlands,Paid Search,18-24
C00333,0,16,3,722.84,240.95,3,83,1.071,5,3,4,Loyal Customers,London,Paid Search,25-34
C00334,1,901,3,532.82,177.61,3,200,0.448,1,3,3,At Risk,London,Direct,35-44
C00335,1,233,1,208.55,208.55,1,0,30.0,2,1,2,Hibernating,Midlands,Social Media,25-34
C00336,0,74,2,561.58,280.79,1,690,0.087,4,2,3,Recent Customers,Yorkshire,Organic Search,18-24
C00339,0,18,2,487.75,243.88,1,41,1.429,5,2,3,Recent Customers,Midlands,Social Media,18-24
C00340,0,4,2,1419.66,709.83,2,1,30.0,5,2,5,Recent Customers,Wales,Organic Search,55+
C00342,0,2,2,1266.9,633.45,1,37,1.579,5,2,5,Recent Customers,Yorkshire,Paid Search,25-34
C00343,1,733,1,141.44,141.44,1,0,30.0,1,1,1,Hibernating,Scotland,Organic Search,25-34
C00344,1,492,3,237.61,79.2,2,467,0.192,1,3,2,At Risk,South East,Paid Search,45-54
C00346,1,118,5,916.98,183.4,2,557,0.269,3,4,4,Loyal Customers,Yorkshire,Direct,45-54
C00348,0,21,3,374.35,124.78,3,114,0.783,5,3,2,Loyal Customers,Scotland,Organic Search,18-24
C00349,0,88,3,869.14,289.71,1,338,0.265,3,3,4,Loyal Customers,South West,Social Media,35-44
C00350,0,24,3,209.67,69.89,2,402,0.223,5,3,2,Loyal Customers,London,Organic Search,35-44
C00351,1,751,4,959.31,239.83,2,553,0.217,1,4,4,Cannot Lose Them,Scotland,Email,18-24
C00352,0,24,5,1813.02,362.6,3,576,0.26,5,4,5,Champions,London,Direct,18-24
C00353,1,150,3,292.23,97.41,2,189,0.474,3,3,2,Loyal Customers,Midlands,Paid Search,55+
C00355,1,224,1,196.62,196.62,1,0,30.0,2,1,1,Hibernating,South East,Paid Search,45-54
C00357,0,45,4,1083.54,270.88,2,224,0.533,4,4,5,Champions,South West,Paid Search,18-24
C00358,1,127,3,719.34,239.78,3,444,0.202,3,3,4,Loyal Customers,London,Organic Search,25-34
C00359,1,551,1,84.36,84.36,1,0,30.0,1,1,1,Hibernating,London,Social Media,35-44
C00360,0,46,6,906.89,151.15,3,500,0.359,4,5,4,Champions,London,Referral,35-44
C00361,1,174,2,400.85,200.42,1,365,0.164,3,2,3,Lost,London,Organic Search,18-24
C00362,1,177,2,182.26,91.13,2,440,0.136,3,2,1,Lost,South East,Direct,25-34
C00363,1,141,2,387.91,193.96,1,123,0.484,3,2,2,Lost,Wales,Email,25-34
C00364,1,972,1,79.11,79.11,1,0,30.0,1,1,1,Hibernating,North East,Referral,25-34
C00365,1,331,1,132.45,132.45,1,0,30.0,2,1,1,Hibernating,Yorkshire,Paid Search,18-24
C00366,1,173,3,571.98,190.66,2,340,0.264,3,3,3,Loyal Customers,South East,Social Media,35-44
C00367,1,155,5,674.8,134.96,2,563,0.266,3,4,4,Loyal Customers,Scotland,Organic Search,25-34
C00369,1,623,2,832.19,416.1,2,429,0.14,1,2,4,Hibernating,London,Email,35-44
C00370,1,153,4,505.69,126.42,1,792,0.151,3,4,3,Loyal Customers,Scotland,Organic Search,45-54
C00373,1,160,2,384.92,192.46,1,84,0.706,3,2,2,Lost,Yorkshire,Email,35-44
C00374,1,226,2,234.97,117.48,2,2,20.0,2,2,2,Hibernating,Scotland,Paid Search,18-24
C00375,0,49,4,453.66,113.42,2,64,1.846,4,4,3,Champions,Yorkshire,Email,35-44
C00376,0,6,9,2697.86,299.76,2,80,3.333,5,5,5,Champions,Scotland,Email,45-54
C00377,0,75,1,28.43,28.43,1,0,30.0,4,1,1,Recent Customers,Scotland,Referral,18-24
C00378,0,31,5,982.01,196.4,2,604,0.248,5,4,4,Champions,North East,Social Media,45-54
C00379,1,379,3,504.13,168.04,1,487,0.184,1,3,3,At Risk,North East,Social Media,35-44
C00380,0,73,5,838.61,167.72,2,352,0.425,4,4,4,Champions,South West,Organic Search,35-44
C00381,0,22,5,681.02,136.2,2,107,1.389,5,4,4,Champions,London,Direct,45-54
C00382,0,24,4,1661.79,415.45,2,28,4.138,5,4,5,Champions,London,Organic Search,25-34
C00383,1,613,2,167.06,83.53,1,26,2.222,1,2,1,Hibernating,South East,Organic Search,35-44
C00384,1,134,2,1193.6,596.8,2,609,0.098,3,2,5,Lost,South East,Organic Search,45-54
C00385,1,541,1,319.44,319.44,1,0,30.0,1,1,2,Hibernating,Yorkshire,Paid Search,18-24
C00387,1,362,1,102.73,102.73,1,0,30.0,2,1,1,Hibernating,North East,Organic Search,18-24
C00388,1,688,2,311.05,155.52,2,274,0.218,1,2,2,Hibernating,South East,Paid Search,45-54
C00389,1,276,1,181.94,181.94,1,0,30.0,2,1,1,Hibernating,Scotland,Email,55+
C00392,1,195,1,304.22,304.22,1,0,30.0,2,1,2,Hibernating,North West,Email,25-34
C00393,1,171,4,554.45,138.61,2,905,0.132,3,4,3,Loyal Customers,Wales,Social Media,25-34
C00394,1,511,2,239.95,119.98,2,79,0.75,1,2,2,Hibernating,Midlands,Referral,25-34
C00395,0,35,4,819.12,204.78,3,288,0.415,4,4,4,Champions,Yorkshire,Organic Search,18-24
C00397,1,473,1,278.07,278.07,1,0,30.0,1,1,2,Hibernating,Scotland,Social Media,55+
C00399,1,92,1,131.02,131.02,1,0,30.0,3,1,1,Lost,South West,Social Media,18-24
C00400,0,52,3,190.85,63.62,1,795,0.113,4,3,1,Loyal Customers,Scotland,Social Media,18-24
C00401,1,285,2,938.33,469.16,1,237,0.252,2,2,4,Hibernating,Midlands,Email,55+
C00402,1,149,2,187.92,93.96,1,90,0.659,3,2,1,Lost,North East,Paid Search,18-24
C00403,1,301,2,776.47,388.24,1,453,0.132,2,2,4,Hibernating,London,Organic Search,45-54
C00404,1,546,3,664.84,221.61,1,211,0.425,1,3,4,At Risk,North West,Organic Search,55+
C00405,1,382,3,916.1,305.37,2,126,0.709,1,3,4,At Risk,Midlands,Social Media,25-34
C00406,1,130,3,447.94,149.31,1,60,1.475,3,3,3,Loyal Customers,London,Organic Search,45-54
C00407,0,27,5,818.2,163.64,1,852,0.176,5,4,4,Champions,Midlands,Referral,35-44
C00409,1,471,2,159.97,79.98,2,111,0.536,1,2,1,Hibernating,South East,Organic Search,55+
C00410,1,240,2,360.71,180.36,1,20,2.857,2,2,2,Hibernating,South East,Paid Search,35-44
C00411,0,57,8,1883.27,235.41,3,681,0.352,4,5,5,Champions,South West,Email,25-34
C00412,0,81,6,1147.89,191.31,1,1087,0.165,4,5,5,Champions,Wales,Email,35-44
C00413,1,429,1,83.66,83.66,1,0,30.0,1,1,1,Hibernating,Wales,Social Media,35-44
C00414,1,179,4,553.06,138.26,2,1180,0.102,2,4,3,Cannot Lose Them,Yorkshire,Organic Search,55+
C00416,1,202,6,2110.68,351.78,2,465,0.386,2,5,5,Cannot Lose Them,Wales,Email,35-44
C00417,1,566,4,516.58,129.15,4,489,0.245,1,4,3,Cannot Lose Them,London,Organic Search,25-34
C00419,0,2,3,572.46,190.82,2,80,1.111,5,3,3,Loyal Customers,South East,Paid Search,45-54
C00421,1,128,9,1413.14,157.02,3,1119,0.241,3,5,5,Loyal Customers,Scotland,Organic Search,25-34
C00422,0,49,3,235.81,78.6,2,147,0.608,4,3,2,Loyal Customers,Yorkshire,Email,25-34
C00424,0,34,1,114.82,114.82,1,0,30.0,4,1,1,Recent Customers,North West,Social Media,25-34
C00425,1,91,2,187.64,93.82,1,203,0.294,3,2,1,Lost,Scotland,Direct,45-54
C00426,0,58,9,2379.68,264.41,2,268,1.004,4,5,5,Champions,London,Organic Search,55+
C00427,1,214,2,358.02,179.01,1,36,1.622,2,2,2,Hibernating,Midlands,Paid Search,18-24
C00429,0,34,1,303.56,303.56,1,0,30.0,4,1,2,Recent Customers,South East,Organic Search,18-24
C00430,0,44,4,727.72,181.93,3,761,0.157,4,4,4,Champions,Wales,Paid Search,45-54
C00431,1,438,1,119.65,119.65,1,0,30.0,1,1,1,Hibernating,North East,Paid Search,35-44
C00432,1,186,2,430.93,215.46,1,18,3.158,2,2,3,Hibernating,North West,Organic Search,18-24
C00433,1,379,1,284.14,284.14,1,0,30.0,1,1,2,Hibernating,London,Referral,25-34
C00434,0,38,7,774.79,110.68,2,988,0.212,4,5,4,Champions,North East,Referral,45-54
C00435,0,68,1,95.16,95.16,1,0,30.0,4,1,1,Recent Customers,Scotland,Social Media,18-24
C00437,0,37,2,246.82,123.41,1,503,0.119,4,2,2,Recent Customers,North West,Social Media,35-44
C00438,1,282,2,668.9,334.45,1,174,0.343,2,2,4,Hibernating,London,Organic Search,45-54
C00439,1,523,1,47.08,47.08,1,0,30.0,1,1,1,Hibernating,North East,Social Media,25-34
C00440,0,59,3,350.56,116.85,1,151,0.592,4,3,2,Loyal Customers,South West,Paid Search,45-54
C00441,0,24,4,1012.54,253.14,1,848,0.141,5,4,4,Champions,Scotland,Organic Search,55+
C00442,0,2,2,1071.36,535.68,1,67,0.882,5,2,5,Recent Customers,North East,Email,25-34
C00443,1,228,1,85.04,85.04,1,0,30.0,2,1,1,Hibernating,North East,Paid Search,18-24
C00446,1,307,2,568.1,284.05,2,443,0.135,2,2,3,Hibernating,London,Direct,25-34
C00447,0,15,3,345.75,115.25,1,16,5.294,5,3,2,Loyal Customers,Yorkshire,Organic Search,45-54
C00449,1,492,4,395.55,98.89,1,79,1.5,1,4,3,Cannot Lose Them,North West,Direct,35-44
C00450,1,279,1,438.13,438.13,1,0,30.0,2,1,3,Hibernating,South East,Paid Search,18-24
C00451,1,346,2,198.23,99.12,1,356,0.168,2,2,2,Hibernating,Wales,Social Media,45-54
C00453,0,39,4,429.36,107.34,2,1076,0.111,4,4,3,Champions,Wales,Organic Search,35-44
C00454,1,123,2,343.73,171.86,2,92,0.645,3,2,2,Lost,North West,Paid Search,25-34
C00455,0,16,4,406.77,101.69,1,47,2.5,5,4,3,Champions,Midlands,Email,35-44
C00456,0,23,6,1466.93,244.49,4,1080,0.167,5,5,5,Champions,Wales,Organic Search,35-44
C00457,1,358,1,114.44,114.44,1,0,30.0,2,1,1,Hibernating,South West,Social Media,35-44
C00458,0,83,1,77.78,77.78,1,0,30.0,4,1,1,Recent Customers,South East,Organic Search,55+
C00459,1,102,2,246.23,123.12,1,17,3.333,3,2,2,Lost,Midlands,Organic Search,45-54
C00460,0,32,4,1034.82,258.7,3,419,0.286,5,4,5,Champions,South West,Paid Search,25-34
C00462,0,50,3,350.72,116.91,2,215,0.417,4,3,2,Loyal Customers,London,Paid Search,55+
C00463,0,79,6,1140.81,190.14,4,1004,0.179,4,5,5,Champions,North West,Social Media,35-44
C00464,0,26,3,721.86,240.62,2,906,0.099,5,3,4,Loyal Customers,South West,Organic Search,18-24
C00465,0,34,6,707.9,117.98,3,355,0.506,4,5,4,Champions,North West,Organic Search,25-34
C00466,1,102,1,53.77,53.77,1,0,30.0,3,1,1,Lost,Midlands,Email,45-54
C00467,1,250,2,205.08,102.54,1,84,0.706,2,2,2,Hibernating,Wales,Email,45-54
C00470,1,818,1,155.69,155.69,1,0,30.0,1,1,1,Hibernating,Scotland,Paid Search,45-54
C00471,0,47,3,604.45,201.48,2,715,0.126,4,3,3,Loyal Customers,Yorkshire,Organic Search,18-24
C00472,1,291,6,803.84,133.97,1,305,0.588,2,5,4,Cannot Lose Them,South East,Organic Search,25-34
C00473,0,10,9,1133.8,125.98,5,289,0.931,5,5,5,Champions,Yorkshire,Social Media,45-54
C00474,1,465,3,534.18,178.06,1,272,0.33,1,3,3,At Risk,London,Organic Search,35-44
C00475,1,1018,3,542.51,180.84,2,73,1.216,1,3,3,At Risk,London,Direct,45-54
C00476,0,36,3,759.69,253.23,2,12,6.923,4,3,4,Loyal Customers,North West,Paid Search,18-24
C00477,1,184,8,683.95,85.49,2,1024,0.234,2,5,4,Cannot Lose Them,Scotland,Paid Search,55+
C00479,1,638,2,107.49,53.74,2,28,2.069,1,2,1,Hibernating,North West,Paid Search,45-54
C00480,1,259,3,442.78,147.59,1,92,0.968,2,3,3,At Risk,Yorkshire,Organic Search,25-34
C00481,0,88,1,276.3,276.3,1,0,30.0,3,1,2,Lost,London,Email,25-34
C00482,0,62,4,768.46,192.11,3,268,0.446,4,4,4,Champions,London,Paid Search,55+
C00483,1,748,2,267.96,133.98,1,323,0.185,1,2,2,Hibernating,North West,Paid Search,45-54
C00485,1,836,1,161.0,161.0,1,0,30.0,1,1,1,Hibernating,London,Paid Search,25-34
C00486,0,33,3,650.96,216.99,2,59,1.5,4,3,4,Loyal Customers,South West,Social Media,35-44
C00487,0,10,9,1216.29,135.14,3,1162,0.232,5,5,5,Champions,Yorkshire,Email,25-34
C00488,1,444,4,197.82,49.46,2,420,0.285,1,4,2,Cannot Lose Them,South West,Social Media,25-34
C00490,1,91,4,1000.14,250.04,3,464,0.258,3,4,4,Loyal Customers,North West,Email,25-34
C00491,1,878,1,141.18,141.18,1,0,30.0,1,1,1,Hibernating,South East,Social Media,55+
C00492,1,1269,1,159.36,159.36,1,0,30.0,1,1,1,Hibernating,Scotland,Paid Search,25-34
C00493,1,814,2,968.59,484.29,1,307,0.195,1,2,4,Hibernating,North West,Organic Search,45-54
C00494,1,115,3,266.15,88.72,1,98,0.909,3,3,2,Loyal Customers,Wales,Paid Search,25-34
C00495,1,253,4,444.22,111.06,1,516,0.232,2,4,3,Cannot Lose Them,North East,Email,35-44
C00496,0,10,2,376.37,188.18,1,23,2.5,5,2,2,Recent Customers,Scotland,Paid Search,35-44
C00497,1,117,3,132.28,44.09,2,531,0.169,3,3,1,Loyal Customers,South East,Direct,45-54
C00498,1,293,1,284.02,284.02,1,0,30.0,2,1,2,Hibernating,North East,Direct,25-34
C00499,0,43,4,495.59,123.9,2,68,1.739,4,4,3,Champions,North West,Email,45-54
C00500,0,62,2,309.2,154.6,2,636,0.094,4,2,2,Recent Customers,Yorkshire,Organic Search,25-34
C00501,1,336,2,256.27,128.14,1,139,0.429,2,2,2,Hibernating,Wales,Paid Search,35-44
C00502,0,40,5,671.66,134.33,1,165,0.904,4,4,4,Champions,Yorkshire,Social Media,35-44
C00503,0,11,5,1017.54,203.51,3,511,0.293,5,4,4,Champions,South West,Social Media,25-34
C00504,0,21,2,465.94,232.97,2,3,15.0,5,2,3,Recent Customers,North East,Organic Search,25-34
C00505,1,131,2,51.49,25.74,1,166,0.359,3,2,1,Lost,South East,Email,25-34
C00506,1,325,5,843.65,168.73,3,1034,0.145,2,4,4,Cannot Lose Them,Yorkshire,Social Media,18-24
C00507,0,2,4,392.27,98.07,2,166,0.719,5,4,3,Champions,Midlands,Organic Search,25-34
C00508,0,38,3,504.38,168.13,1,477,0.188,4,3,3,Loyal Customers,South West,Organic Search,25-34
C00509,0,42,7,1357.02,193.86,4,599,0.35,4,5,5,Champions,London,Paid Search,25-34
C00510,0,70,5,504.66,100.93,1,55,2.679,4,4,3,Champions,London,Organic Search,25-34
C00511,1,327,2,481.67,240.83,2,898,0.067,2,2,3,Hibernating,London,Direct,25-34
C00512,1,393,2,734.99,367.5,1,757,0.079,1,2,4,Hibernating,North East,Paid Search,25-34
C00513,1,353,1,91.55,91.55,1,0,30.0,2,1,1,Hibernating,North West,Paid Search,35-44
C00514,1,372,2,772.06,386.03,2,273,0.219,1,2,4,Hibernating,Scotland,Paid Search,55+
C00515,1,633,3,247.89,82.63,1,529,0.17,1,3,2,At Risk,South West,Paid Search,35-44
C00516,0,3,3,1054.79,351.6,2,823,0.109,5,3,5,Loyal Customers,South West,Organic Search,35-44
C00517,0,30,5,895.49,179.1,1,669,0.224,5,4,4,Champions,Yorkshire,Email,18-24
C00518,0,67,9,879.88,97.76,3,195,1.378,4,5,4,Champions,London,Paid Search,55+
C00519,0,50,1,385.49,385.49,1,0,30.0,4,1,2,Recent Customers,North West,Organic Search,55+
C00520,1,273,1,167.53,167.53,1,0,30.0,2,1,1,Hibernating,London,Organic Search,35-44
C00521,1,236,2,123.83,61.92,1,242,0.247,2,2,1,Hibernating,South West,Email,35-44
C00522,1,462,2,133.94,66.97,1,720,0.083,1,2,1,Hibernating,South East,Social Media,55+
C00523,1,193,1,304.03,304.03,1,0,30.0,2,1,2,Hibernating,Yorkshire,Social Media,18-24
C00524,0,2,2,756.37,378.18,2,94,0.632,5,2,4,Recent Customers,Scotland,Direct,18-24
C00525,0,47,7,1671.62,238.8,4,981,0.214,4,5,5,Champions,Yorkshire,Organic Search,25-34
C00528,0,48,4,1111.5,277.88,2,360,0.332,4,4,5,Champions,South East,Social Media,45-54
C00529,0,25,3,737.8,245.93,1,17,5.0,5,3,4,Loyal Customers,Yorkshire,Paid Search,18-24
C00530,0,85,2,319.3,159.65,1,513,0.117,4,2,2,Recent Customers,South East,Paid Search,45-54
C00531,0,7,4,900.62,225.16,3,241,0.496,5,4,4,Champions,South East,Social Media,35-44
C00532,1,174,1,102.59,102.59,1,0,30.0,3,1,1,Lost,South West,Social Media,35-44
C00533,1,134,1,22.64,22.64,1,0,30.0,3,1,1,Lost,North East,Direct,35-44
C00535,1,879,2,114.72,57.36,1,157,0.38,1,2,1,Hibernating,London,Organic Search,35-44
C00536,0,90,1,63.54,63.54,1,0,30.0,3,1,1,Lost,Scotland,Paid Search,45-54
C00537,0,6,4,857.53,214.38,1,244,0.49,5,4,4,Champions,Midlands,Organic Search,25-34
C00538,0,63,2,1101.36,550.68,1,480,0.125,4,2,5,Recent Customers,Midlands,Email,45-54
C00539,0,33,4,442.82,110.71,2,296,0.404,4,4,3,Champions,London,Email,25-34
C00540,0,10,6,735.18,122.53,3,81,2.195,5,5,4,Champions,South East,Email,45-54
C00541,1,257,2,373.92,186.96,1,344,0.174,2,2,2,Hibernating,London,Paid Search,35-44
C00542,0,22,3,757.94,252.65,2,113,0.789,5,3,4,Loyal Customers,South East,Direct,55+
C00543,1,107,1,201.59,201.59,1,0,30.0,3,1,2,Lost,Yorkshire,Paid Search,35-44
C00544,1,482,1,122.22,122.22,1,0,30.0,1,1,1,Hibernating,South West,Direct,35-44
C00545,0,28,3,502.42,167.47,2,190,0.471,5,3,3,Loyal Customers,South East,Paid Search,55+
C00546,1,126,2,515.67,257.83,1,268,0.223,3,2,3,Lost,London,Email,55+
C00547,0,16,2,373.43,186.72,2,48,1.224,5,2,2,Recent Customers,London,Paid Search,45-54
C00549,1,420,1,130.36,130.36,1,0,30.0,1,1,1,Hibernating,London,Social Media,35-44
C00550,0,84,2,403.71,201.86,1,8,6.667,4,2,3,Recent Customers,South East,Social Media,25-34
C00551,0,21,2,607.75,303.88,2,11,5.0,5,2,3,Recent Customers,London,Referral,25-34
C00552,1,426,3,461.46,153.82,2,734,0.122,1,3,3,At Risk,South East,Organic Search,35-44
C00556,0,13,5,405.68,81.14,1,518,0.289,5,4,3,Champions,London,Email,25-34
C00557,1,107,9,1380.23,153.36,3,500,0.539,3,5,5,Loyal Customers,London,Organic Search,25-34
C00559,0,88,2,523.79,261.9,2,65,0.909,3,2,3,Lost,Scotland,Paid Search,25-34
C00560,1,395,5,1309.83,261.97,3,593,0.253,1,4,5,Cannot Lose Them,South East,Organic Search,45-54
C00561,0,40,2,365.44,182.72,1,559,0.107,4,2,2,Recent Customers,London,Email,45-54
C00562,1,124,3,442.04,147.35,2,184,0.486,3,3,3,Loyal Customers,London,Email,45-54
C00563,0,32,1,216.67,216.67,1,0,30.0,5,1,2,Recent Customers,Scotland,Email,25-34
C00564,1,160,2,362.91,181.46,1,511,0.117,3,2,2,Lost,London,Organic Search,18-24
C00565,1,104,4,1167.16,291.79,2,667,0.18,3,4,5,Loyal Customers,Wales,Organic Search,45-54
C00566,1,269,1,34.49,34.49,1,0,30.0,2,1,1,Hibernating,Midlands,Organic Search,25-34
C00567,1,209,5,951.52,190.3,2,311,0.481,2,4,4,Cannot Lose Them,Wales,Organic Search,25-34
C00568,0,2,5,531.81,106.36,3,142,1.049,5,4,3,Champions,London,Email,35-44
C00569,0,43,3,1072.97,357.66,3,232,0.386,4,3,5,Loyal Customers,North West,Social Media,25-34
C00570,1,184,7,892.56,127.51,3,1254,0.167,2,5,4,Cannot Lose Them,London,Email,25-34
C00571,1,204,2,717.88,358.94,2,280,0.214,2,2,4,Hibernating,South East,Paid Search,25-34
C00572,1,183,2,92.12,46.06,2,110,0.541,2,2,1,Hibernating,Wales,Organic Search,35-44
C00574,0,24,1,260.54,260.54,1,0,30.0,5,1,2,Recent Customers,London,Paid Search,55+
C00575,0,22,3,304.7,101.57,2,406,0.221,5,3,2,Loyal Customers,South West,Organic Search,18-24
C00576,0,22,5,1303.99,260.8,4,92,1.613,5,4,5,Champions,Scotland,Referral,35-44
C00578,0,31,5,1078.35,215.67,2,173,0.862,5,4,5,Champions,South East,Paid Search,25-34
C00579,0,34,5,1482.34,296.47,3,874,0.171,4,4,5,Champions,South East,Social Media,25-34
C00581,1,698,1,28.27,28.27,1,0,30.0,1,1,1,Hibernating,Scotland,Email,25-34
C00582,0,65,3,729.8,243.27,1,650,0.138,4,3,4,Loyal Customers,Scotland,Organic Search,35-44
C00583,1,119,3,510.1,170.03,1,94,0.947,3,3,3,Loyal Customers,North West,Organic Search,55+
C00584,0,36,1,225.51,225.51,1,0,30.0,4,1,2,Recent Customers,South East,Organic Search,25-34
C00585,0,74,3,325.36,108.45,2,110,0.811,4,3,2,Loyal Customers,North East,Organic Search,35-44
C00586,1,555,2,269.44,134.72,2,6,8.571,1,2,2,Hibernating,North West,Paid Search,55+
C00587,1,227,1,53.59,53.59,1,0,30.0,2,1,1,Hibernating,Midlands,Paid Search,25-34
C00588,0,44,5,449.41,89.88,2,349,0.429,4,4,3,Champions,North East,Email,18-24
C00589,0,12,2,448.91,224.46,1,19,3.0,5,2,3,Recent Customers,London,Organic Search,55+
C00590,1,236,6,1296.95,216.16,2,636,0.283,2,5,5,Cannot Lose Them,South East,Organic Search,25-34
C00592,1,490,5,1075.55,215.11,1,494,0.303,1,4,5,Cannot Lose Them,South West,Paid Search,18-24
C00593,1,257,2,134.55,67.28,1,728,0.082,2,2,1,Hibernating,North East,Organic Search,18-24
C00594,1,216,2,675.65,337.82,2,769,0.078,2,2,4,Hibernating,Scotland,Organic Search,55+
C00595,1,112,5,435.52,87.1,1,576,0.26,3,4,3,Loyal Customers,London,Email,25-34
C00596,0,15,4,1648.06,412.02,1,288,0.415,5,4,5,Champions,Yorkshire,Paid Search,35-44
C00597,1,402,1,348.57,348.57,1,0,30.0,1,1,2,Hibernating,Scotland,Social Media,25-34
C00598,1,225,1,288.55,288.55,1,0,30.0,2,1,2,Hibernating,London,Organic Search,25-34
C00599,1,469,3,462.74,154.25,2,780,0.115,1,3,3,At Risk,South West,Organic Search,25-34
C00600,1,249,2,229.24,114.62,1,102,0.583,2,2,2,Hibernating,South East,Email,45-54
C00601,1,535,1,187.16,187.16,1,0,30.0,1,1,1,Hibernating,Midlands,Organic Search,18-24
C00602,1,249,5,1008.62,201.72,2,427,0.35,2,4,4,Cannot Lose Them,Wales,Referral,35-44
C00603,1,97,3,420.82,140.27,2,58,1.525,3,3,3,Loyal Customers,Wales,Social Media,35-44
C00604,1,738,2,140.19,70.1,2,63,0.938,1,2,1,Hibernating,London,Paid Search,18-24
C00605,0,44,5,1362.36,272.47,3,64,2.308,4,4,5,Champions,Scotland,Organic Search,25-34
C00606,0,12,4,535.57,133.89,1,200,0.597,5,4,3,Champions,South East,Direct,55+
C00607,1,131,2,144.55,72.28,1,94,0.632,3,2,1,Lost,London,Organic Search,45-54
C00608,0,15,6,2766.75,461.12,1,91,1.957,5,5,5,Champions,North West,Organic Search,55+
C00609,1,183,1,180.45,180.45,1,0,30.0,2,1,1,Hibernating,South West,Organic Search,18-24
C00610,0,33,6,1105.03,184.17,3,529,0.34,4,5,5,Champions,North East,Paid Search,25-34
C00611,1,113,3,767.42,255.81,1,719,0.125,3,3,4,Loyal Customers,Midlands,Social Media,45-54
C00612,1,206,3,489.85,163.28,2,295,0.304,2,3,3,At Risk,Scotland,Paid Search,25-34
C00613,1,270,3,797.0,265.67,2,312,0.288,2,3,4,At Risk,London,Organic Search,55+
C00614,1,453,6,619.72,103.29,2,673,0.267,1,5,3,Cannot Lose Them,Scotland,Referral,55+
C00616,1,178,5,1014.82,202.96,3,1143,0.131,2,4,4,Cannot Lose Them,Wales,Paid Search,18-24
C00617,1,167,1,47.16,47.16,1,0,30.0,3,1,1,Lost,South West,Email,18-24
C00618,1,317,2,579.26,289.63,1,89,0.667,2,2,3,Hibernating,Yorkshire,Paid Search,25-34
C00619,1,615,6,887.04,147.84,3,634,0.283,1,5,4,Cannot Lose Them,London,Social Media,18-24
C00621,1,126,3,400.5,133.5,1,325,0.276,3,3,3,Loyal Customers,South East,Organic Search,25-34
C00622,0,7,5,1037.01,207.4,3,433,0.346,5,4,5,Champions,Midlands,Direct,45-54
C00623,0,62,8,1777.64,222.2,2,1190,0.202,4,5,5,Champions,South East,Paid Search,35-44
C00624,1,206,1,104.29,104.29,1,0,30.0,2,1,1,Hibernating,South West,Organic Search,45-54
C00625,1,174,2,249.47,124.73,1,72,0.822,3,2,2,Lost,North East,Email,25-34
C00626,1,235,3,676.88,225.63,1,1008,0.089,2,3,4,At Risk,Scotland,Organic Search,35-44
C00627,1,132,2,197.77,98.88,1,162,0.368,3,2,1,Lost,Midlands,Email,18-24
C00628,0,88,4,459.71,114.93,3,562,0.213,3,4,3,Loyal Customers,London,Organic Search,35-44
C00629,1,148,1,48.55,48.55,1,0,30.0,3,1,1,Lost,South East,Paid Search,45-54
C00630,1,232,2,175.58,87.79,1,855,0.07,2,2,1,Hibernating,North West,Email,45-54
C00631,1,420,5,1236.45,247.29,3,364,0.411,1,4,5,Cannot Lose Them,Scotland,Organic Search,45-54
C00632,1,443,4,869.39,217.35,2,600,0.2,1,4,4,Cannot Lose Them,Wales,Email,25-34
C00634,1,107,1,332.06,332.06,1,0,30.0,3,1,2,Lost,London,Organic Search,18-24
C00635,0,89,2,771.32,385.66,1,850,0.071,3,2,4,Lost,London,Direct,35-44
C00636,1,751,1,159.88,159.88,1,0,30.0,1,1,1,Hibernating,North West,Paid Search,18-24
C00637,1,97,5,1501.65,300.33,2,276,0.542,3,4,5,Loyal Customers,Yorkshire,Email,25-34
C00638,1,247,5,547.93,109.59,2,573,0.261,2,4,3,Cannot Lose Them,South West,Organic Search,25-34
C00640,0,42,1,330.5,330.5,1,0,30.0,4,1,2,Recent Customers,London,Organic Search,45-54
C00643,1,359,3,367.7,122.57,1,649,0.138,2,3,2,At Risk,Wales,Paid Search,45-54
C00644,1,898,1,175.62,175.62,1,0,30.0,1,1,1,Hibernating,Midlands,Direct,45-54
C00645,0,54,7,2493.57,356.22,2,522,0.402,4,5,5,Champions,Wales,Organic Search,18-24
C00646,1,257,1,6.52,6.52,1,0,30.0,2,1,1,Hibernating,London,Organic Search,35-44
C00647,1,125,5,755.56,151.11,3,731,0.205,3,4,4,Loyal Customers,Yorkshire,Organic Search,35-44
C00648,1,222,2,542.35,271.18,1,197,0.303,2,2,3,Hibernating,London,Organic Search,25-34
C00649,0,5,2,235.08,117.54,1,239,0.25,5,2,2,Recent Customers,Wales,Email,35-44
C00650,0,68,7,1718.43,245.49,2,961,0.218,4,5,5,Champions,Scotland,Social Media,45-54
C00651,1,150,1,31.25,31.25,1,0,30.0,3,1,1,Lost,London,Paid Search,25-34
C00652,1,194,2,235.35,117.68,2,89,0.667,2,2,2,Hibernating,North West,Direct,25-34
C00653,1,334,5,898.37,179.67,2,738,0.203,2,4,4,Cannot Lose Them,Yorkshire,Organic Search,35-44
C00655,1,155,4,1699.03,424.76,2,1102,0.109,3,4,5,Loyal Customers,London,Direct,18-24
C00657,0,79,1,39.14,39.14,1,0,30.0,4,1,1,Recent Customers,Wales,Organic Search,18-24
C00658,0,9,3,1061.97,353.99,2,75,1.184,5,3,5,Loyal Customers,South West,Paid Search,18-24
C00659,1,176,3,480.64,160.21,2,629,0.143,3,3,3,Loyal Customers,Wales,Organic Search,55+
C00660,1,550,2,547.79,273.9,1,192,0.311,1,2,3,Hibernating,London,Organic Search,35-44
C00661,1,225,3,922.28,307.43,1,322,0.279,2,3,4,At Risk,Wales,Organic Search,45-54
C00662,1,398,3,356.99,119.0,2,931,0.097,1,3,2,At Risk,South West,Referral,35-44
C00663,1,131,1,45.05,45.05,1,0,30.0,3,1,1,Lost,South East,Social Media,25-34
C00664,1,235,3,107.05,35.68,1,388,0.231,2,3,1,At Risk,Yorkshire,Organic Search,55+
C00665,1,992,2,384.13,192.06,2,39,1.5,1,2,2,Hibernating,Midlands,Paid Search,18-24
C00666,1,443,5,686.45,137.29,3,237,0.63,1,4,4,Cannot Lose Them,London,Organic Search,55+
C00667,1,233,3,300.02,100.01,2,1064,0.085,2,3,2,At Risk,South East,Social Media,55+
C00668,0,63,5,1067.57,213.51,4,129,1.154,4,4,5,Champions,South East,Paid Search,45-54
C00669,1,199,1,232.85,232.85,1,0,30.0,2,1,2,Hibernating,North East,Email,35-44
C00670,1,143,6,1488.35,248.06,2,649,0.277,3,5,5,Loyal Customers,Midlands,Paid Search,25-34
C00671,0,10,2,1173.48,586.74,2,15,3.75,5,2,5,Recent Customers,South East,Paid Search,25-34
C00672,1,200,7,2630.75,375.82,2,342,0.612,2,5,5,Cannot Lose Them,Midlands,Direct,18-24
C00673,1,674,2,332.42,166.21,2,21,2.727,1,2,2,Hibernating,North West,Organic Search,25-34
C00674,1,578,1,207.86,207.86,1,0,30.0,1,1,2,Hibernating,Midlands,Paid Search,35-44
C00677,0,81,3,1073.22,357.74,2,84,1.059,4,3,5,Loyal Customers,South West,Email,35-44
C00678,1,442,3,427.96,142.65,2,418,0.215,1,3,3,At Risk,South West,Social Media,25-34
C00679,0,8,3,543.94,181.31,2,135,0.662,5,3,3,Loyal Customers,Midlands,Email,55+
C00680,0,56,4,496.06,124.02,2,40,2.927,4,4,3,Champions,London,Email,18-24
C00681,1,547,5,985.05,197.01,1,362,0.413,1,4,4,Cannot Lose Them,London,Direct,25-34
C00682,1,128,4,566.34,141.58,2,611,0.196,3,4,3,Loyal Customers,South East,Paid Search,35-44
C00683,1,283,1,26.22,26.22,1,0,30.0,2,1,1,Hibernating,North West,Direct,25-34
C00684,0,9,4,601.8,150.45,2,187,0.638,5,4,3,Champions,South West,Social Media,35-44
C00685,0,48,6,1470.94,245.16,3,410,0.438,4,5,5,Champions,South East,Paid Search,18-24
C00686,1,420,1,248.28,248.28,1,0,30.0,1,1,2,Hibernating,North East,Direct,55+
C00687,1,496,5,753.29,150.66,3,775,0.193,1,4,4,Cannot Lose Them,South West,Email,55+
C00688,0,41,4,858.82,214.7,2,90,1.319,4,4,4,Champions,South East,Paid Search,25-34
C00689,0,81,1,146.99,146.99,1,0,30.0,4,1,1,Recent Customers,North East,Organic Search,45-54
C00690,0,11,3,1134.44,378.15,3,40,2.195,5,3,5,Loyal Customers,Yorkshire,Email,25-34
C00691,0,81,4,503.03,125.76,3,444,0.27,4,4,3,Champions,London,Paid Search,25-34
C00692,0,55,3,704.0,234.67,2,326,0.275,4,3,4,Loyal Customers,Wales,Paid Search,45-54
C00693,0,33,9,2810.54,312.28,4,998,0.27,4,5,5,Champions,South West,Email,45-54
C00694,1,252,2,510.31,255.15,1,333,0.18,2,2,3,Hibernating,Scotland,Paid Search,35-44
C00695,1,221,4,698.91,174.73,3,358,0.334,2,4,4,Cannot Lose Them,Midlands,Paid Search,55+
C00696,1,596,3,817.6,272.53,3,862,0.104,1,3,4,At Risk,London,Social Media,25-34
C00700,0,35,3,350.45,116.82,1,546,0.165,4,3,2,Loyal Customers,Yorkshire,Paid Search,35-44
C00701,0,59,6,1226.79,204.46,3,841,0.214,4,5,5,Champions,North West,Paid Search,35-44
C00702,1,384,1,430.34,430.34,1,0,30.0,1,1,3,Hibernating,North East,Organic Search,25-34
C00703,0,10,5,720.7,144.14,4,142,1.049,5,4,4,Champions,London,Direct,25-34
C00704,0,90,4,2187.36,546.84,2,1044,0.115,3,4,5,Loyal Customers,London,Paid Search,45-54
C00706,0,85,5,536.27,107.25,1,770,0.195,4,4,3,Champions,South East,Social Media,18-24
C00708,1,126,1,203.31,203.31,1,0,30.0,3,1,2,Lost,Midlands,Organic Search,35-44
C00709,1,92,1,64.81,64.81,1,0,30.0,3,1,1,Lost,Scotland,Direct,35-44
C00710,1,911,1,182.35,182.35,1,0,30.0,1,1,1,Hibernating,Wales,Social Media,55+
C00711,1,531,1,566.78,566.78,1,0,30.0,1,1,3,Hibernating,South East,Email,55+
C00712,0,61,4,468.35,117.09,4,500,0.24,4,4,3,Champions,Scotland,Organic Search,18-24
C00713,0,2,4,1540.85,385.21,2,35,3.333,5,4,5,Champions,South East,Email,25-34
C00715,0,72,5,739.22,147.84,2,1262,0.119,4,4,4,Champions,North West,Organic Search,35-44
C00716,0,64,5,1205.25,241.05,1,818,0.183,4,4,5,Champions,Scotland,Organic Search,18-24
C00717,1,225,3,561.3,187.1,2,624,0.144,2,3,3,At Risk,North East,Organic Search,25-34
C00718,1,277,2,265.35,132.68,1,79,0.75,2,2,2,Hibernating,Wales,Direct,25-34
C00720,1,264,4,628.67,157.17,2,650,0.184,2,4,4,Cannot Lose Them,South East,Paid Search,35-44
C00721,1,111,7,1281.91,183.13,1,773,0.271,3,5,5,Loyal Customers,North West,Social Media,55+
C00723,0,13,3,747.84,249.28,2,978,0.092,5,3,4,Loyal Customers,Yorkshire,Social Media,35-44
C00724,0,39,5,1851.35,370.27,1,164,0.909,4,4,5,Champions,Midlands,Email,45-54
C00725,0,76,1,89.31,89.31,1,0,30.0,4,1,1,Recent Customers,Scotland,Organic Search,35-44
C00727,0,28,3,652.15,217.38,1,184,0.486,5,3,4,Loyal Customers,Midlands,Direct,45-54
C00728,0,56,8,1448.87,181.11,3,1103,0.217,4,5,5,Champions,Yorkshire,Social Media,55+
C00729,0,18,6,1326.5,221.08,2,120,1.488,5,5,5,Champions,North West,Organic Search,45-54
C00730,1,309,3,793.24,264.41,2,779,0.115,2,3,4,At Risk,North West,Organic Search,18-24
C00731,1,164,3,581.31,193.77,2,836,0.108,3,3,3,Loyal Customers,North West,Organic Search,18-24
C00732,1,302,2,596.86,298.43,2,325,0.184,2,2,3,Hibernating,South East,Social Media,35-44
C00733,1,168,4,646.89,161.72,3,285,0.42,3,4,4,Loyal Customers,London,Direct,45-54
C00734,0,48,8,1488.63,186.08,3,657,0.365,4,5,5,Champions,Yorkshire,Email,25-34
C00735,1,1155,1,367.59,367.59,1,0,30.0,1,1,2,Hibernating,South East,Social Media,25-34
C00737,1,266,3,692.28,230.76,2,590,0.152,2,3,4,At Risk,North West,Paid Search,45-54
C00738,1,308,1,132.85,132.85,1,0,30.0,2,1,1,Hibernating,Scotland,Social Media,25-34
C00739,1,151,2,1016.03,508.02,1,501,0.12,3,2,4,Lost,Midlands,Paid Search,35-44
C00740,0,32,1,233.79,233.79,1,0,30.0,5,1,2,Recent Customers,South East,Organic Search,25-34
C00741,1,262,2,256.91,128.46,2,339,0.176,2,2,2,Hibernating,Wales,Paid Search,35-44
C00744,1,409,1,253.54,253.54,1,0,30.0,1,1,2,Hibernating,North East,Social Media,25-34
C00745,0,50,5,972.33,194.47,2,1014,0.148,4,4,4,Champions,Scotland,Organic Search,35-44
C00746,0,57,5,673.0,134.6,2,308,0.485,4,4,4,Champions,Midlands,Email,18-24
C00747,1,199,5,391.86,78.37,1,518,0.289,2,4,3,Cannot Lose Them,South East,Paid Search,35-44
C00748,1,116,4,781.29,195.32,2,48,2.449,3,4,4,Loyal Customers,South East,Paid Search,45-54
C00749,1,521,2,268.21,134.1,1,467,0.128,1,2,2,Hibernating,South East,Organic Search,18-24
C00750,1,182,7,1149.15,164.16,3,628,0.334,2,5,5,Cannot Lose Them,North East,Organic Search,35-44
C00751,1,205,3,283.8,94.6,1,640,0.14,2,3,2,At Risk,South West,Social Media,18-24
C00752,1,141,2,962.78,481.39,2,94,0.632,3,2,4,Lost,Midlands,Organic Search,35-44
C00753,1,192,3,156.58,52.19,1,363,0.247,2,3,1,At Risk,South East,Organic Search,25-34
C00754,0,43,9,2749.1,305.46,3,428,0.629,4,5,5,Champions,North West,Email,35-44
C00755,0,7,7,1068.47,152.64,2,100,2.079,5,5,5,Champions,Scotland,Paid Search,45-54
C00756,1,195,2,784.06,392.03,1,756,0.079,2,2,4,Hibernating,Wales,Organic Search,35-44
C00757,1,622,2,617.66,308.83,1,182,0.328,1,2,3,Hibernating,North West,Organic Search,35-44
C00758,0,29,7,1289.69,184.24,2,320,0.654,5,5,5,Champions,London,Social Media,35-44
C00760,1,116,3,462.64,154.21,2,845,0.106,3,3,3,Loyal Customers,London,Paid Search,25-34
C00761,0,32,4,1044.88,261.22,2,177,0.674,5,4,5,Champions,Scotland,Paid Search,35-44
C00762,0,87,8,1253.26,156.66,4,895,0.268,3,5,5,Loyal Customers,North East,Referral,35-44
C00763,1,307,1,249.5,249.5,1,0,30.0,2,1,2,Hibernating,Yorkshire,Paid Search,25-34
C00764,1,539,2,313.66,156.83,1,100,0.594,1,2,2,Hibernating,London,Organic Search,18-24
C00765,0,14,1,97.06,97.06,1,0,30.0,5,1,1,Recent Customers,Scotland,Email,18-24
C00767,1,223,1,279.86,279.86,1,0,30.0,2,1,2,Hibernating,Midlands,Social Media,35-44
C00768,0,1,5,1373.27,274.65,2,105,1.415,5,4,5,Champions,South East,Paid Search,35-44
C00769,1,209,4,492.1,123.02,3,274,0.436,2,4,3,Cannot Lose Them,South East,Organic Search,25-34
C00770,1,793,2,463.07,231.54,2,642,0.093,1,2,3,Hibernating,Wales,Paid Search,45-54
C00771,0,13,4,801.8,200.45,2,685,0.175,5,4,4,Champions,South East,Social Media,18-24
C00772,0,3,3,845.26,281.75,3,538,0.167,5,3,4,Loyal Customers,Scotland,Direct,55+
C00773,1,230,3,221.85,73.95,2,703,0.128,2,3,2,At Risk,London,Direct,35-44
C00774,0,22,8,1645.86,205.73,3,813,0.295,5,5,5,Champions,North West,Email,55+
C00775,1,114,10,2320.35,232.04,3,1004,0.299,3,5,5,Loyal Customers,Scotland,Social Media,25-34
C00777,1,450,1,44.14,44.14,1,0,30.0,1,1,1,Hibernating,Scotland,Organic Search,25-34
C00778,1,640,1,416.1,416.1,1,0,30.0,1,1,3,Hibernating,Yorkshire,Organic Search,55+
C00779,0,37,7,213.82,30.55,2,245,0.854,4,5,2,Champions,North West,Email,45-54
C00780,1,109,3,390.11,130.04,1,154,0.581,3,3,2,Loyal Customers,London,Paid Search,25-34
C00781,1,308,2,438.44,219.22,2,93,0.638,2,2,3,Hibernating,London,Email,25-34
C00782,0,4,2,447.05,223.52,1,154,0.387,5,2,3,Recent Customers,Yorkshire,Direct,35-44
C00783,1,201,2,159.54,79.77,1,30,1.935,2,2,1,Hibernating,Wales,Organic Search,35-44
C00784,1,209,1,316.75,316.75,1,0,30.0,2,1,2,Hibernating,Yorkshire,Organic Search,45-54
C00786,0,74,4,353.64,88.41,3,538,0.223,4,4,2,Champions,Midlands,Organic Search,55+
C00787,0,56,3,566.2,188.73,2,71,1.25,4,3,3,Loyal Customers,London,Paid Search,55+
C00788,1,600,4,1591.37,397.84,1,753,0.159,1,4,5,Cannot Lose Them,London,Paid Search,45-54
C00789,0,1,4,878.45,219.61,2,14,8.0,5,4,4,Champions,North East,Organic Search,18-24
C00790,1,483,3,1518.06,506.02,1,760,0.118,1,3,5,At Risk,South East,Paid Search,25-34
C00791,0,18,2,234.02,117.01,1,36,1.622,5,2,2,Recent Customers,North East,Direct,35-44
C00792,0,18,3,173.27,57.76,2,141,0.634,5,3,1,Loyal Customers,Scotland,Social Media,18-24
C00793,0,18,2,967.54,483.77,2,10,5.455,5,2,4,Recent Customers,Yorkshire,Organic Search,35-44
C00794,0,29,8,1500.62,187.58,1,334,0.716,5,5,5,Champions,North West,Referral,18-24
C00795,0,45,4,632.02,158.0,1,69,1.714,4,4,4,Champions,North West,Organic Search,45-54
C00797,0,75,1,134.86,134.86,1,0,30.0,4,1,1,Recent Customers,South West,Email,45-54
C00798,0,62,7,857.68,122.53,3,948,0.221,4,5,4,Champions,Yorkshire,Email,25-34
C00799,1,323,2,305.31,152.66,1,209,0.286,2,2,2,Hibernating,Scotland,Organic Search,18-24
C00800,0,12,1,492.02,492.02,1,0,30.0,5,1,3,Recent Customers,South East,Email,55+
C00801,0,24,5,828.37,165.67,3,439,0.341,5,4,4,Champions,Scotland,Social Media,18-24
C00802,0,59,2,332.86,166.43,1,90,0.659,4,2,2,Recent Customers,Yorkshire,Social Media,45-54
C00803,0,7,9,1625.29,180.59,4,104,2.571,5,5,5,Champions,North East,Organic Search,25-34
C00804,0,74,5,1049.45,209.89,2,315,0.475,4,4,5,Champions,Wales,Email,35-44
C00807,0,62,3,370.45,123.48,2,161,0.556,4,3,2,Loyal Customers,North West,Direct,25-34
C00808,1,250,5,1710.61,342.12,1,186,0.802,2,4,5,Cannot Lose Them,London,Organic Search,25-34
C00810,1,973,1,25.58,25.58,1,0,30.0,1,1,1,Hibernating,Wales,Organic Search,35-44
C00811,0,58,2,518.78,259.39,2,892,0.067,4,2,3,Recent Customers,London,Paid Search,25-34
C00813,1,436,4,556.59,139.15,2,224,0.533,1,4,3,Cannot Lose Them,North West,Email,25-34
C00814,0,1,5,1415.48,283.1,3,364,0.411,5,4,5,Champions,North West,Social Media,25-34
C00816,1,262,4,1196.43,299.11,2,569,0.211,2,4,5,Cannot Lose Them,London,Social Media,25-34
C00817,0,78,4,1455.08,363.77,1,117,1.017,4,4,5,Champions,South West,Organic Search,35-44
C00818,1,129,3,358.36,119.45,1,810,0.111,3,3,2,Loyal Customers,London,Direct,55+
C00819,0,5,6,1115.03,185.84,2,373,0.481,5,5,5,Champions,South West,Email,45-54
C00820,0,30,2,648.43,324.22,2,39,1.5,5,2,4,Recent Customers,London,Organic Search,25-34
C00821,1,261,1,455.81,455.81,1,0,30.0,2,1,3,Hibernating,London,Organic Search,25-34
C00822,0,75,6,1328.39,221.4,3,740,0.243,4,5,5,Champions,London,Paid Search,35-44
C00823,1,364,3,246.36,82.12,1,753,0.119,2,3,2,At Risk,London,Social Media,18-24
C00824,0,60,2,228.45,114.22,2,935,0.064,4,2,2,Recent Customers,Midlands,Email,18-24
C00825,0,26,4,522.3,130.57,2,215,0.556,5,4,3,Champions,Scotland,Paid Search,25-34
C00826,0,13,2,376.14,188.07,1,8,6.667,5,2,2,Recent Customers,London,Organic Search,35-44
C00827,0,86,5,1551.54,310.31,3,684,0.219,3,4,5,Loyal Customers,Scotland,Paid Search,35-44
C00828,1,111,1,146.02,146.02,1,0,30.0,3,1,1,Lost,South East,Paid Search,25-34
C00830,1,760,1,150.15,150.15,1,0,30.0,1,1,1,Hibernating,North West,Paid Search,35-44
C00831,0,7,2,653.07,326.53,1,23,2.5,5,2,4,Recent Customers,Scotland,Referral,45-54
C00833,1,290,5,1233.64,246.73,1,555,0.27,2,4,5,Cannot Lose Them,North West,Social Media,18-24
C00834,1,258,2,571.06,285.53,1,360,0.166,2,2,3,Hibernating,North East,Direct,55+
C00835,1,521,1,105.27,105.27,1,0,30.0,1,1,1,Hibernating,Wales,Email,35-44
C00836,1,112,4,354.2,88.55,2,311,0.385,3,4,2,Loyal Customers,South East,Organic Search,35-44
C00837,1,274,1,129.67,129.67,1,0,30.0,2,1,1,Hibernating,Wales,Referral,45-54
C00838,0,29,4,1538.91,384.73,3,99,1.2,5,4,5,Champions,North West,Social Media,35-44
C00839,1,241,2,258.01,129.0,2,202,0.296,2,2,2,Hibernating,South East,Email,35-44
C00840,0,12,5,597.47,119.49,3,114,1.304,5,4,3,Champions,North West,Email,35-44
C00841,0,51,3,416.09,138.7,3,203,0.441,4,3,3,Loyal Customers,North West,Direct,35-44
C00842,1,130,2,148.71,74.36,1,194,0.308,3,2,1,Lost,Scotland,Paid Search,25-34
C00843,1,332,2,800.47,400.24,1,114,0.522,2,2,4,Hibernating,North East,Email,18-24
C00844,1,570,3,393.67,131.22,1,34,2.571,1,3,3,At Risk,Scotland,Referral,18-24
C00845,1,500,2,168.45,84.22,1,694,0.086,1,2,1,Hibernating,North West,Social Media,45-54
C00846,0,15,4,1338.77,334.69,2,674,0.178,5,4,5,Champions,Scotland,Organic Search,55+
C00848,0,10,4,228.47,57.12,1,524,0.229,5,4,2,Champions,London,Social Media,18-24
C00849,1,488,3,244.75,81.58,3,631,0.142,1,3,2,At Risk,London,Email,25-34
C00850,0,21,1,167.08,167.08,1,0,30.0,5,1,1,Recent Customers,London,Organic Search,18-24
C00851,0,57,2,184.88,92.44,2,355,0.169,4,2,1,Recent Customers,Scotland,Organic Search,35-44
C00852,1,247,1,38.92,38.92,1,0,30.0,2,1,1,Hibernating,South East,Email,35-44
C00853,0,6,6,769.5,128.25,1,232,0.773,5,5,4,Champions,South East,Organic Search,25-34
C00854,0,7,4,832.85,208.21,2,105,1.132,5,4,4,Champions,London,Email,25-34
C00855,1,203,6,795.77,132.63,2,832,0.216,2,5,4,Cannot Lose Them,London,Organic Search,25-34
C00856,0,77,2,890.48,445.24,2,16,3.529,4,2,4,Recent Customers,London,Paid Search,25-34
C00857,1,303,4,402.78,100.7,3,405,0.296,2,4,3,Cannot Lose Them,South West,Email,35-44
C00859,1,355,2,101.73,50.86,1,186,0.321,2,2,1,Hibernating,North West,Paid Search,55+
C00861,0,77,3,669.55,223.18,2,228,0.393,4,3,4,Loyal Customers,South East,Social Media,35-44
C00864,1,97,2,309.9,154.95,2,242,0.247,3,2,2,Lost,London,Social Media,25-34
C00865,1,156,7,749.52,107.07,3,888,0.236,3,5,4,Loyal Customers,South East,Organic Search,25-34
C00866,0,90,2,122.42,61.21,1,413,0.145,3,2,1,Lost,Wales,Email,55+
C00867,0,11,8,1259.56,157.44,3,1067,0.225,5,5,5,Champions,London,Organic Search,45-54
C00868,1,632,1,160.79,160.79,1,0,30.0,1,1,1,Hibernating,Scotland,Paid Search,25-34
C00869,0,44,8,739.31,92.41,2,144,1.655,4,5,4,Champions,London,Paid Search,35-44
C00870,1,358,1,58.01,58.01,1,0,30.0,2,1,1,Hibernating,North West,Paid Search,45-54
C00871,1,216,5,532.32,106.46,2,406,0.369,2,4,3,Cannot Lose Them,North West,Organic Search,45-54
C00872,0,2,6,517.79,86.3,2,966,0.186,5,5,3,Champions,North West,Paid Search,45-54
C00873,0,28,1,130.65,130.65,1,0,30.0,5,1,1,Recent Customers,North West,Organic Search,35-44
C00874,1,487,3,317.34,105.78,2,404,0.222,1,3,2,At Risk,Yorkshire,Organic Search,25-34
C00876,0,12,1,265.14,265.14,1,0,30.0,5,1,2,Recent Customers,North East,Organic Search,45-54
C00877,1,704,1,369.11,369.11,1,0,30.0,1,1,2,Hibernating,North West,Referral,35-44
C00879,0,58,4,751.33,187.83,1,571,0.21,4,4,4,Champions,Scotland,Paid Search,35-44
C00881,1,151,7,742.21,106.03,4,744,0.282,3,5,4,Loyal Customers,Yorkshire,Direct,18-24
C00882,1,449,6,1069.99,178.33,3,562,0.32,1,5,5,Cannot Lose Them,Wales,Email,18-24
C00883,1,803,1,145.67,145.67,1,0,30.0,1,1,1,Hibernating,Wales,Referral,55+
C00886,1,639,1,101.56,101.56,1,0,30.0,1,1,1,Hibernating,London,Social Media,55+
C00887,0,12,5,1019.02,203.8,1,131,1.136,5,4,4,Champions,London,Social Media,35-44
C00890,1,627,2,411.27,205.64,2,317,0.189,1,2,3,Hibernating,South East,Email,55+
C00891,0,3,6,1395.9,232.65,1,331,0.542,5,5,5,Champions,London,Email,18-24
C00892,1,153,1,62.82,62.82,1,0,30.0,3,1,1,Lost,Yorkshire,Organic Search,18-24
C00893,1,118,4,1652.4,413.1,2,997,0.12,3,4,5,Loyal Customers,London,Email,18-24
C00894,0,4,6,915.85,152.64,4,45,3.913,5,5,4,Champions,South East,Paid Search,45-54
C00895,1,171,1,36.04,36.04,1,0,30.0,3,1,1,Lost,London,Referral,35-44
C00896,0,11,8,1479.81,184.98,2,220,1.086,5,5,5,Champions,London,Email,45-54
C00897,0,22,4,1405.43,351.36,2,225,0.531,5,4,5,Champions,Midlands,Email,45-54
C00899,1,164,5,929.34,185.87,3,341,0.439,3,4,4,Loyal Customers,Midlands,Paid Search,35-44
C00900,1,588,4,854.89,213.72,2,630,0.19,1,4,4,Cannot Lose Them,North East,Social Media,18-24
C00901,0,30,4,1301.94,325.48,2,89,1.333,5,4,5,Champions,London,Social Media,35-44
C00902,1,126,4,779.9,194.98,1,134,0.889,3,4,4,Loyal Customers,Yorkshire,Paid Search,35-44
C00903,0,10,2,426.64,213.32,2,21,2.727,5,2,3,Recent Customers,Scotland,Paid Search,35-44
C00906,1,126,1,123.05,123.05,1,0,30.0,3,1,1,Lost,South East,Organic Search,25-34
C00907,0,20,5,867.57,173.51,1,325,0.46,5,4,4,Champions,South East,Paid Search,45-54
C00908,0,30,6,469.56,78.26,2,559,0.321,5,5,3,Champions,Yorkshire,Organic Search,55+
C00909,0,16,5,1366.11,273.22,2,317,0.472,5,4,5,Champions,Scotland,Organic Search,45-54
C00912,1,479,2,221.63,110.82,2,714,0.084,1,2,2,Hibernating,Wales,Organic Search,18-24
C00914,1,488,2,520.97,260.48,1,414,0.145,1,2,3,Hibernating,South East,Direct,35-44
C00915,1,564,1,44.45,44.45,1,0,30.0,1,1,1,Hibernating,Wales,Email,25-34
C00916,1,803,3,344.81,114.94,1,339,0.265,1,3,2,At Risk,London,Social Media,25-34
C00917,1,268,1,91.5,91.5,1,0,30.0,2,1,1,Hibernating,Midlands,Email,25-34
C00918,0,8,4,819.62,204.9,2,1096,0.109,5,4,4,Champions,North East,Referral,55+
C00919,1,112,5,453.21,90.64,4,526,0.285,3,4,3,Loyal Customers,Scotland,Organic Search,35-44
C00920,1,207,3,549.57,183.19,3,537,0.167,2,3,3,At Risk,London,Email,35-44
C00921,1,233,7,778.87,111.27,1,945,0.222,2,5,4,Cannot Lose Them,Scotland,Email,35-44
C00922,0,59,4,715.45,178.86,2,529,0.226,4,4,4,Champions,North West,Organic Search,18-24
C00923,0,6,5,695.73,139.15,4,144,1.034,5,4,4,Champions,South West,Email,35-44
C00924,1,110,5,832.2,166.44,3,419,0.357,3,4,4,Loyal Customers,Wales,Organic Search,18-24
C00925,0,66,12,3322.77,276.9,4,626,0.574,4,5,5,Champions,Wales,Organic Search,18-24
C00926,1,730,1,176.56,176.56,1,0,30.0,1,1,1,Hibernating,South West,Organic Search,25-34
C00927,1,654,2,254.14,127.07,1,208,0.287,1,2,2,Hibernating,North West,Organic Search,25-34
C00928,1,115,2,402.85,201.42,1,76,0.779,3,2,3,Lost,London,Organic Search,25-34
C00930,0,10,6,897.98,149.66,3,166,1.078,5,5,4,Champions,North West,Paid Search,25-34
C00931,1,602,2,147.19,73.6,1,266,0.225,1,2,1,Hibernating,North East,Email,45-54
C00932,0,55,3,1114.59,371.53,1,332,0.27,4,3,5,Loyal Customers,London,Paid Search,35-44
C00933,1,1092,1,218.15,218.15,1,0,30.0,1,1,2,Hibernating,Scotland,Organic Search,25-34
C00934,1,596,5,1985.03,397.01,2,731,0.205,1,4,5,Cannot Lose Them,Scotland,Organic Search,55+
C00935,0,86,1,45.61,45.61,1,0,30.0,3,1,1,Lost,Wales,Organic Search,35-44
C00936,1,140,2,449.95,224.98,1,703,0.085,3,2,3,Lost,Scotland,Email,18-24
C00937,1,785,2,239.67,119.84,2,112,0.531,1,2,2,Hibernating,Midlands,Direct,35-44
C00938,0,12,2,193.9,96.95,1,887,0.068,5,2,1,Recent Customers,Wales,Social Media,25-34
C00939,1,130,7,1441.08,205.87,4,579,0.362,3,5,5,Loyal Customers,North East,Paid Search,35-44
C00940,1,160,1,183.51,183.51,1,0,30.0,3,1,1,Lost,Midlands,Paid Search,35-44
C00942,1,104,1,344.19,344.19,1,0,30.0,3,1,2,Lost,South West,Organic Search,35-44
C00943,0,14,1,136.46,136.46,1,0,30.0,5,1,1,Recent Customers,Yorkshire,Email,45-54
C00944,0,40,6,712.21,118.7,2,640,0.281,4,5,4,Champions,South West,Email,45-54
C00946,0,49,2,131.63,65.82,1,137,0.435,4,2,1,Recent Customers,Scotland,Direct,25-34
C00947,0,26,6,1910.41,318.4,4,1122,0.16,5,5,5,Champions,Yorkshire,Organic Search,55+
C00949,1,778,4,785.85,196.46,3,363,0.33,1,4,4,Cannot Lose Them,Yorkshire,Email,35-44
C00950,0,30,1,577.79,577.79,1,0,30.0,5,1,3,Recent Customers,Midlands,Organic Search,35-44
C00951,0,49,1,285.64,285.64,1,0,30.0,4,1,2,Recent Customers,Scotland,Referral,35-44
C00952,0,53,3,402.95,134.32,2,3,22.5,4,3,3,Loyal Customers,Yorkshire,Email,25-34
C00953,1,241,3,373.37,124.46,2,141,0.634,2,3,2,At Risk,South West,Social Media,25-34
C00954,1,93,2,262.44,131.22,2,16,3.529,3,2,2,Lost,North West,Paid Search,55+
C00955,1,173,1,109.44,109.44,1,0,30.0,3,1,1,Lost,London,Direct,35-44
C00956,1,301,3,670.32,223.44,2,318,0.282,2,3,4,At Risk,South East,Organic Search,25-34
C00957,0,47,3,506.92,168.97,2,516,0.174,4,3,3,Loyal Customers,Scotland,Social Media,35-44
C00958,0,56,2,583.12,291.56,1,75,0.789,4,2,3,Recent Customers,Midlands,Organic Search,45-54
C00959,1,433,1,354.81,354.81,1,0,30.0,1,1,2,Hibernating,North East,Direct,45-54
C00960,1,603,3,227.82,75.94,1,385,0.233,1,3,2,At Risk,Wales,Direct,25-34
C00961,1,160,4,1085.04,271.26,1,433,0.276,3,4,5,Loyal Customers,Midlands,Email,18-24
C00963,1,303,1,111.86,111.86,1,0,30.0,2,1,1,Hibernating,North West,Organic Search,35-44
C00964,1,191,7,1571.38,224.48,2,381,0.55,2,5,5,Cannot Lose Them,Scotland,Organic Search,55+
C00965,1,266,4,289.94,72.48,2,113,1.053,2,4,2,Cannot Lose Them,South East,Paid Search,35-44
C00966,1,231,1,223.1,223.1,1,0,30.0,2,1,2,Hibernating,London,Email,35-44
C00967,1,310,2,1098.82,549.41,1,528,0.113,2,2,5,Hibernating,Wales,Organic Search,45-54
C00968,0,67,8,2455.06,306.88,4,659,0.364,4,5,5,Champions,London,Social Media,25-34
C00969,1,298,1,291.69,291.69,1,0,30.0,2,1,2,Hibernating,London,Email,55+
C00970,0,35,6,607.6,101.27,1,1407,0.128,4,5,3,Champions,South West,Organic Search,25-34
C00971,1,372,3,1200.0,400.0,1,557,0.161,1,3,5,At Risk,North East,Social Media,25-34
C00972,1,194,3,506.37,168.79,2,253,0.354,2,3,3,At Risk,South East,Email,35-44
C00973,0,4,5,707.47,141.49,3,385,0.389,5,4,4,Champions,London,Referral,25-34
C00974,0,58,1,74.17,74.17,1,0,30.0,4,1,1,Recent Customers,South East,Organic Search,55+
C00976,1,431,1,96.4,96.4,1,0,30.0,1,1,1,Hibernating,London,Email,25-34
C00977,1,189,5,974.12,194.82,5,581,0.258,2,4,4,Cannot Lose Them,Yorkshire,Organic Search,25-34
C00978,0,10,8,1892.6,236.58,4,922,0.26,5,5,5,Champions,North East,Referral,25-34
C00979,0,55,7,857.13,122.45,2,339,0.618,4,5,4,Champions,Midlands,Paid Search,18-24
C00980,1,238,3,692.83,230.94,1,826,0.109,2,3,4,At Risk,Midlands,Referral,25-34
C00981,1,462,1,196.74,196.74,1,0,30.0,1,1,1,Hibernating,Scotland,Direct,35-44
C00982,1,654,2,584.3,292.15,1,189,0.316,1,2,3,Hibernating,South West,Organic Search,25-34
C00983,1,346,1,84.65,84.65,1,0,30.0,2,1,1,Hibernating,Yorkshire,Paid Search,45-54
C00985,0,60,5,719.73,143.95,1,1074,0.14,4,4,4,Champions,Scotland,Direct,18-24
C00986,0,6,6,845.88,140.98,2,1037,0.173,5,5,4,Champions,London,Organic Search,25-34
C00987,1,138,9,944.82,104.98,5,404,0.667,3,5,4,Loyal Customers,South East,Email,45-54
C00988,0,89,2,213.12,106.56,2,387,0.155,3,2,2,Lost,Scotland,Email,25-34
C00989,0,47,2,218.01,109.0,1,25,2.308,4,2,2,Recent Customers,Midlands,Paid Search,18-24
C00991,1,207,4,1090.56,272.64,3,557,0.215,2,4,5,Cannot Lose Them,South East,Direct,25-34
C00993,0,2,1,301.79,301.79,1,0,30.0,5,1,2,Recent Customers,Yorkshire,Paid Search,45-54
C00994,1,149,2,162.95,81.47,2,151,0.395,3,2,1,Lost,London,Organic Search,25-34
C00995,1,784,3,629.45,209.82,2,562,0.16,1,3,4,At Risk,Midlands,Email,18-24
C00996,0,51,4,554.47,138.62,2,701,0.171,4,4,3,Champions,South East,Direct,18-24
C00997,0,25,4,1063.85,265.96,1,47,2.5,5,4,5,Champions,South West,Organic Search,25-34
C00998,1,616,2,564.59,282.3,1,136,0.438,1,2,3,Hibernating,Midlands,Social Media,45-54
C00999,0,20,5,1492.22,298.44,3,249,0.6,5,4,5,Champions,London,Organic Search,45-54
C01000,1,220,5,1039.82,207.96,3,521,0.287,2,4,5,Cannot Lose Them,South East,Organic Search,25-34
C01001,1,728,1,107.41,107.41,1,0,30.0,1,1,1,Hibernating,Scotland,Paid Search,25-34
C01002,0,51,2,218.4,109.2,2,622,0.096,4,2,2,Recent Customers,Scotland,Direct,35-44
C01005,1,129,5,684.78,136.96,3,420,0.356,3,4,4,Loyal Customers,North East,Social Media,45-54
C01006,0,73,3,273.47,91.16,3,280,0.32,4,3,2,Loyal Customers,London,Referral,35-44
C01007,1,618,1,78.44,78.44,1,0,30.0,1,1,1,Hibernating,London,Referral,55+
C01008,1,159,4,691.92,172.98,4,260,0.46,3,4,4,Loyal Customers,South East,Organic Search,45-54
C01009,0,58,1,768.42,768.42,1,0,30.0,4,1,4,Recent Customers,Yorkshire,Email,35-44
C01010,1,213,8,899.93,112.49,2,794,0.302,2,5,4,Cannot Lose Them,Midlands,Social Media,25-34
C01011,0,38,5,1025.11,205.02,2,157,0.949,4,4,5,Champions,North West,Email,25-34
C01013,0,4,4,324.51,81.13,2,263,0.455,5,4,2,Champions,South West,Organic Search,25-34
C01014,0,6,7,1932.13,276.02,3,61,3.387,5,5,5,Champions,Midlands,Email,45-54
C01016,1,320,2,134.38,67.19,2,91,0.652,2,2,1,Hibernating,Yorkshire,Organic Search,35-44
C01017,1,374,1,289.96,289.96,1,0,30.0,1,1,2,Hibernating,Yorkshire,Referral,45-54
C01018,0,24,9,3638.12,404.24,4,284,0.947,5,5,5,Champions,Wales,Organic Search,25-34
C01019,0,2,1,150.62,150.62,1,0,30.0,5,1,1,Recent Customers,London,Paid Search,55+
C01020,1,335,2,478.59,239.3,2,183,0.326,2,2,3,Hibernating,South West,Social Media,45-54
C01021,1,131,4,415.91,103.98,3,306,0.391,3,4,3,Loyal Customers,Midlands,Organic Search,55+
C01022,1,139,1,156.21,156.21,1,0,30.0,3,1,1,Lost,London,Paid Search,35-44
C01023,1,261,1,378.25,378.25,1,0,30.0,2,1,2,Hibernating,Scotland,Social Media,45-54
C01024,1,622,2,297.97,148.99,1,88,0.674,1,2,2,Hibernating,Midlands,Referral,35-44
C01025,1,504,2,317.57,158.78,2,157,0.38,1,2,2,Hibernating,South East,Paid Search,45-54
C01026,1,263,8,422.68,52.84,2,757,0.317,2,5,3,Cannot Lose Them,South East,Paid Search,55+
C01027,1,91,3,263.07,87.69,1,851,0.106,3,3,2,Loyal Customers,London,Paid Search,55+
C01028,0,30,5,956.91,191.38,3,1095,0.137,5,4,4,Champions,Yorkshire,Organic Search,35-44
C01029,1,119,2,342.76,171.38,1,19,3.0,3,2,2,Lost,South East,Organic Search,18-24
C01030,1,116,3,125.51,41.84,2,939,0.096,3,3,1,Loyal Customers,Scotland,Paid Search,25-34
C01031,1,674,2,306.71,153.35,1,249,0.24,1,2,2,Hibernating,North West,Social Media,18-24
C01033,1,176,3,618.48,206.16,3,150,0.596,3,3,3,Loyal Customers,South East,Social Media,35-44
C01034,1,163,4,521.65,130.41,2,472,0.254,3,4,3,Loyal Customers,Wales,Paid Search,35-44
C01035,0,87,2,186.8,93.4,2,82,0.723,3,2,1,Lost,Midlands,Email,25-34
C01036,1,372,5,555.97,111.19,1,700,0.214,1,4,3,Cannot Lose Them,South East,Direct,35-44
C01037,0,31,13,3236.82,248.99,4,1148,0.339,5,5,5,Champions,Yorkshire,Direct,25-34
C01039,1,159,3,297.98,99.33,2,659,0.136,3,3,2,Loyal Customers,South West,Paid Search,18-24
C01042,1,362,4,626.12,156.53,2,897,0.134,2,4,3,Cannot Lose Them,London,Organic Search,25-34
C01043,0,36,5,579.27,115.85,2,232,0.644,4,4,3,Champions,Scotland,Paid Search,45-54
C01044,0,22,4,1657.54,414.38,1,69,1.714,5,4,5,Champions,South East,Social Media,25-34
C01045,1,439,4,941.38,235.34,3,702,0.171,1,4,4,Cannot Lose Them,South East,Organic Search,25-34
C01046,1,566,3,1066.32,355.44,2,104,0.857,1,3,5,At Risk,London,Organic Search,55+
C01047,0,37,2,603.46,301.73,1,67,0.882,4,2,3,Recent Customers,Scotland,Referral,35-44
C01049,0,67,3,242.38,80.79,2,21,4.091,4,3,2,Loyal Customers,Scotland,Direct,45-54
C01050,1,235,3,856.31,285.44,2,557,0.161,2,3,4,At Risk,North West,Email,25-34
C01051,1,271,3,639.68,213.23,3,545,0.165,2,3,4,At Risk,Scotland,Organic Search,25-34
C01052,1,728,1,216.73,216.73,1,0,30.0,1,1,2,Hibernating,Yorkshire,Organic Search,55+
C01054,1,851,1,189.53,189.53,1,0,30.0,1,1,1,Hibernating,London,Organic Search,35-44
C01055,0,85,1,19.34,19.34,1,0,30.0,4,1,1,Recent Customers,South East,Email,45-54
C01056,0,7,1,283.05,283.05,1,0,30.0,5,1,2,Recent Customers,North West,Paid Search,35-44
C01058,0,22,4,778.61,194.65,2,360,0.332,5,4,4,Champions,South East,Paid Search,25-34
C01059,0,5,4,1737.15,434.29,2,139,0.857,5,4,5,Champions,Wales,Referral,35-44
C01060,1,441,6,664.85,110.81,3,895,0.201,1,5,4,Cannot Lose Them,Scotland,Paid Search,25-34
C01062,1,681,1,158.23,158.23,1,0,30.0,1,1,1,Hibernating,North East,Email,18-24
C01063,1,220,4,523.23,130.81,1,644,0.186,2,4,3,Cannot Lose Them,Wales,Organic Search,25-34
C01064,0,11,6,539.46,89.91,2,107,1.667,5,5,3,Champions,Scotland,Organic Search,45-54
C01065,0,13,6,733.4,122.23,4,566,0.317,5,5,4,Champions,North East,Organic Search,45-54
C01066,1,521,1,235.92,235.92,1,0,30.0,1,1,2,Hibernating,London,Paid Search,25-34
C01067,1,459,5,1940.96,388.19,2,280,0.534,1,4,5,Cannot Lose Them,Scotland,Paid Search,35-44
C01068,1,110,3,531.85,177.28,1,388,0.231,3,3,3,Loyal Customers,Scotland,Paid Search,35-44
C01069,1,136,4,462.49,115.62,4,443,0.27,3,4,3,Loyal Customers,Scotland,Social Media,25-34
C01070,0,6,3,329.08,109.69,2,127,0.703,5,3,2,Loyal Customers,Wales,Social Media,25-34
C01071,0,62,4,2074.06,518.52,1,305,0.392,4,4,5,Champions,South East,Paid Search,25-34
C01075,1,499,4,1620.04,405.01,2,718,0.167,1,4,5,Cannot Lose Them,Scotland,Paid Search,35-44
C01076,1,536,1,146.87,146.87,1,0,30.0,1,1,1,Hibernating,London,Organic Search,35-44
C01077,1,97,2,280.72,140.36,2,204,0.293,3,2,2,Lost,South East,Direct,18-24
C01078,1,369,2,241.63,120.82,2,21,2.727,1,2,2,Hibernating,Midlands,Organic Search,55+
C01079,1,696,2,443.5,221.75,2,78,0.759,1,2,3,Hibernating,South West,Organic Search,45-54
C01080,0,70,6,1057.81,176.3,2,360,0.499,4,5,5,Champions,Midlands,Organic Search,45-54
C01081,0,30,4,603.82,150.95,4,120,0.992,5,4,3,Champions,North West,Paid Search,35-44
C01082,1,887,1,69.14,69.14,1,0,30.0,1,1,1,Hibernating,London,Organic Search,25-34
C01083,0,25,7,1475.7,210.81,2,1295,0.162,5,5,5,Champions,North West,Paid Search,18-24
C01084,1,455,1,441.88,441.88,1,0,30.0,1,1,3,Hibernating,Scotland,Organic Search,18-24
C01085,1,533,1,327.95,327.95,1,0,30.0,1,1,2,Hibernating,South East,Organic Search,35-44
C01086,1,548,2,377.52,188.76,2,320,0.187,1,2,2,Hibernating,Scotland,Email,55+
C01087,1,344,1,33.71,33.71,1,0,30.0,2,1,1,Hibernating,Scotland,Social Media,35-44
C01089,1,122,3,128.46,42.82,2,139,0.643,3,3,1,Loyal Customers,South East,Direct,45-54
C01090,1,224,1,40.6,40.6,1,0,30.0,2,1,1,Hibernating,North West,Organic Search,25-34
C01091,1,115,6,1333.6,222.27,4,167,1.071,3,5,5,Loyal Customers,Wales,Organic Search,55+
C01093,0,11,4,840.65,210.16,2,566,0.212,5,4,4,Champions,London,Email,18-24
C01095,0,31,4,1017.82,254.46,2,104,1.143,5,4,4,Champions,North West,Paid Search,35-44
C01096,1,105,2,841.91,420.96,1,963,0.062,3,2,4,Lost,Wales,Paid Search,35-44
C01097,0,69,8,811.61,101.45,2,431,0.556,4,5,4,Champions,South West,Organic Search,25-34
C01098,0,20,1,235.46,235.46,1,0,30.0,5,1,2,Recent Customers,Midlands,Social Media,35-44
C01100,1,159,3,973.67,324.56,3,34,2.571,3,3,4,Loyal Customers,London,Email,18-24
C01101,0,64,3,428.16,142.72,2,550,0.163,4,3,3,Loyal Customers,Wales,Email,18-24
C01102,1,256,2,60.13,30.06,1,60,0.984,2,2,1,Hibernating,North West,Social Media,35-44
C01103,1,257,5,1269.51,253.9,2,467,0.321,2,4,5,Cannot Lose Them,London,Organic Search,35-44
C01104,1,297,3,537.91,179.3,2,1006,0.089,2,3,3,At Risk,Yorkshire,Email,25-34
C01105,0,68,4,1105.25,276.31,2,585,0.205,4,4,5,Champions,North West,Paid Search,35-44
C01107,1,777,1,492.28,492.28,1,0,30.0,1,1,3,Hibernating,Yorkshire,Paid Search,35-44
C01108,1,220,2,196.79,98.4,2,554,0.108,2,2,1,Hibernating,South East,Organic Search,45-54
C01109,0,12,3,741.43,247.14,1,158,0.566,5,3,4,Loyal Customers,South East,Organic Search,18-24
C01110,1,162,2,214.85,107.43,2,301,0.199,3,2,2,Lost,South West,Email,18-24
C01113,1,156,1,114.69,114.69,1,0,30.0,3,1,1,Lost,Midlands,Direct,35-44
C01114,0,84,3,567.94,189.31,3,519,0.173,4,3,3,Loyal Customers,South East,Organic Search,45-54
C01115,0,72,9,1046.63,116.29,5,818,0.33,4,5,5,Champions,Scotland,Paid Search,25-34
C01116,1,263,3,196.39,65.46,1,458,0.196,2,3,1,At Risk,South East,Direct,55+
C01117,1,91,2,451.92,225.96,1,9,6.0,3,2,3,Lost,North West,Paid Search,18-24
C01119,1,411,6,2178.75,363.12,2,865,0.208,1,5,5,Cannot Lose Them,Midlands,Direct,35-44
C01120,1,172,4,415.69,103.92,2,812,0.148,3,4,3,Loyal Customers,South East,Paid Search,35-44
C01121,0,21,9,2204.78,244.98,2,631,0.427,5,5,5,Champions,South East,Social Media,35-44
C01123,1,262,3,666.66,222.22,1,194,0.462,2,3,4,At Risk,London,Organic Search,45-54
C01124,1,178,5,931.28,186.26,3,1101,0.136,2,4,4,Cannot Lose Them,North West,Paid Search,18-24
C01126,1,188,2,463.6,231.8,2,393,0.152,2,2,3,Hibernating,Midlands,Paid Search,25-34
C01127,1,207,4,513.5,128.38,3,567,0.211,2,4,3,Cannot Lose Them,Yorkshire,Email,35-44
C01128,1,691,2,367.9,183.95,2,169,0.353,1,2,2,Hibernating,Yorkshire,Direct,45-54
C01129,1,288,3,1027.82,342.61,1,691,0.13,2,3,5,At Risk,Wales,Email,25-34
C01130,1,270,1,39.72,39.72,1,0,30.0,2,1,1,Hibernating,South West,Direct,25-34
C01131,0,68,1,66.14,66.14,1,0,30.0,4,1,1,Recent Customers,South West,Paid Search,45-54
C01132,0,25,9,1071.89,119.1,4,356,0.756,5,5,5,Champions,South East,Social Media,18-24
C01133,1,310,2,352.69,176.34,2,595,0.101,2,2,2,Hibernating,North West,Organic Search,25-34
C01134,1,750,1,228.54,228.54,1,0,30.0,1,1,2,Hibernating,Scotland,Paid Search,35-44
C01135,1,373,2,293.48,146.74,1,12,4.615,1,2,2,Hibernating,Midlands,Organic Search,35-44
C01136,0,69,2,218.27,109.14,1,130,0.458,4,2,2,Recent Customers,London,Direct,35-44
C01137,0,77,5,498.74,99.75,2,670,0.224,4,5,3,Champions,South West,Paid Search,25-34
C01138,0,9,4,664.21,166.05,1,345,0.347,5,4,4,Champions,Midlands,Organic Search,45-54
C01139,1,290,5,803.44,160.69,2,205,0.728,2,5,4,Cannot Lose Them,North West,Email,35-44
C01140,1,270,1,186.99,186.99,1,0,30.0,2,1,1,Hibernating,South East,Organic Search,25-34
C01141,1,132,1,382.52,382.52,1,0,30.0,3,1,2,Lost,North East,Organic Search,45-54
C01142,1,244,3,543.8,181.27,2,875,0.103,2,3,3,At Risk,North East,Organic Search,45-54
C01144,0,89,3,272.24,90.75,2,137,0.652,3,3,2,Loyal Customers,London,Paid Search,35-44
C01146,1,154,2,794.76,397.38,1,47,1.25,3,2,4,Lost,London,Social Media,25-34
C01147,1,929,1,41.27,41.27,1,0,30.0,1,1,1,Hibernating,London,Direct,35-44
C01148,0,2,4,403.72,100.93,2,62,1.905,5,4,3,Champions,North West,Organic Search,35-44
C01149,1,272,5,1191.12,238.22,2,287,0.521,2,5,5,Cannot Lose Them,Scotland,Paid Search,18-24
C01150,0,11,7,725.25,103.61,2,415,0.505,5,5,4,Champions,North West,Organic Search,55+
C01151,1,274,2,813.09,406.54,1,60,0.984,2,2,4,Hibernating,London,Email,25-34
C01154,1,118,4,761.1,190.28,2,540,0.222,3,4,4,Loyal Customers,South West,Organic Search,45-54
C01155,1,301,4,1155.44,288.86,2,775,0.155,2,4,5,Cannot Lose Them,Midlands,Organic Search,35-44
C01156,0,82,1,59.28,59.28,1,0,30.0,4,1,1,Recent Customers,Scotland,Direct,35-44
C01158,1,107,1,174.62,174.62,1,0,30.0,3,1,1,Lost,Wales,Email,35-44
C01159,0,83,3,559.71,186.57,2,733,0.123,4,3,3,Loyal Customers,South West,Organic Search,18-24
C01160,1,162,6,1199.62,199.94,2,615,0.292,3,5,5,Loyal Customers,North East,Paid Search,25-34
C01161,1,148,11,1203.39,109.4,6,620,0.531,3,5,5,Loyal Customers,Wales,Paid Search,18-24
C01162,0,86,3,323.26,107.75,3,301,0.298,3,3,2,Loyal Customers,South East,Referral,25-34
C01163,1,608,1,350.52,350.52,1,0,30.0,1,1,2,Hibernating,London,Organic Search,18-24
C01164,1,389,4,545.99,136.5,1,307,0.39,1,4,3,Cannot Lose Them,London,Organic Search,25-34
C01165,0,7,3,835.69,278.56,2,199,0.45,5,3,4,Loyal Customers,North West,Email,25-34
C01166,0,60,3,920.67,306.89,2,166,0.539,4,3,4,Loyal Customers,Wales,Direct,25-34
C01167,0,63,2,853.58,426.79,1,360,0.166,4,2,4,Recent Customers,Scotland,Direct,25-34
C01168,1,527,1,332.85,332.85,1,0,30.0,1,1,2,Hibernating,Scotland,Organic Search,25-34
C01169,0,3,6,1914.79,319.13,3,210,0.853,5,5,5,Champions,North West,Direct,18-24
C01170,1,224,2,288.88,144.44,2,110,0.541,2,2,2,Hibernating,Scotland,Organic Search,55+
C01171,0,39,1,1221.62,1221.62,1,0,30.0,4,1,5,Recent Customers,South West,Social Media,25-34
C01172,0,18,4,2275.99,569.0,1,38,3.077,5,4,5,Champions,South West,Direct,18-24
C01173,1,140,1,94.75,94.75,1,0,30.0,3,1,1,Lost,North West,Organic Search,25-34
C01175,0,18,3,1872.3,624.1,2,15,5.625,5,3,5,Loyal Customers,South East,Paid Search,18-24
C01177,1,147,2,136.35,68.18,2,394,0.152,3,2,1,Lost,Scotland,Organic Search,35-44
C01178,0,15,6,1454.01,242.34,3,59,3.0,5,5,5,Champions,Yorkshire,Organic Search,25-34
C01179,1,796,2,790.01,395.0,2,70,0.845,1,2,4,Hibernating,Yorkshire,Organic Search,45-54
C01180,1,239,3,174.93,58.31,2,348,0.258,2,3,1,At Risk,Scotland,Paid Search,18-24
C01181,1,283,1,19.05,19.05,1,0,30.0,2,1,1,Hibernating,Yorkshire,Paid Search,25-34
C01182,0,34,7,1467.9,209.7,3,47,4.375,4,5,5,Champions,London,Direct,45-54
C01183,0,41,2,590.92,295.46,2,748,0.08,4,2,3,Recent Customers,London,Social Media,18-24
C01184,1,154,4,733.72,183.43,2,556,0.215,3,4,4,Loyal Customers,Yorkshire,Email,25-34
C01185,1,534,5,668.71,133.74,3,586,0.256,1,5,4,Cannot Lose Them,South East,Organic Search,55+
C01187,1,235,2,242.41,121.2,1,92,0.645,2,2,2,Hibernating,Scotland,Direct,45-54
C01188,1,460,1,109.05,109.05,1,0,30.0,1,1,1,Hibernating,Scotland,Organic Search,35-44
C01189,0,42,1,111.31,111.31,1,0,30.0,4,1,1,Recent Customers,Wales,Email,35-44
C01190,0,2,4,901.46,225.36,1,48,2.449,5,4,4,Champions,North West,Organic Search,35-44
C01191,0,57,4,453.05,113.26,2,407,0.294,4,4,3,Champions,South East,Paid Search,35-44
C01192,0,89,2,557.78,278.89,1,43,1.364,3,2,3,Lost,South West,Organic Search,18-24
C01195,0,5,6,1672.84,278.81,3,497,0.361,5,5,5,Champions,South West,Social Media,25-34
C01196,1,136,2,872.74,436.37,2,69,0.857,3,2,4,Lost,Midlands,Paid Search,45-54
C01198,1,124,3,417.02,139.01,2,55,1.607,3,3,3,Loyal Customers,North West,Email,45-54
C01199,1,843,3,620.58,206.86,1,118,0.756,1,3,3,At Risk,South East,Social Media,35-44
C01200,1,107,3,238.87,79.62,2,298,0.301,3,3,2,Loyal Customers,South West,Paid Search,18-24
C01201,1,123,5,1077.44,215.49,2,86,1.724,3,5,5,Loyal Customers,London,Social Media,45-54
C01202,0,39,2,303.11,151.56,1,30,1.935,4,2,2,Recent Customers,Yorkshire,Email,55+
C01204,0,19,5,1629.47,325.89,4,33,4.412,5,5,5,Champions,South West,Organic Search,35-44
C01206,0,87,5,759.71,151.94,2,160,0.932,3,5,4,Loyal Customers,South West,Referral,55+
C01207,1,93,2,260.57,130.28,2,232,0.258,3,2,2,Lost,Midlands,Referral,18-24
C01208,1,669,4,948.71,237.18,4,307,0.39,1,4,4,Cannot Lose Them,South East,Social Media,55+
C01211,1,102,5,898.47,179.69,3,666,0.225,3,5,4,Loyal Customers,Wales,Email,25-34
C01212,1,165,4,1451.9,362.98,2,774,0.155,3,4,5,Loyal Customers,Scotland,Organic Search,35-44
C01213,1,312,1,60.68,60.68,1,0,30.0,2,1,1,Hibernating,South West,Organic Search,35-44
C01214,1,261,2,156.27,78.13,1,155,0.385,2,2,1,Hibernating,North West,Paid Search,45-54
C01215,0,11,5,1691.6,338.32,3,652,0.23,5,5,5,Champions,Wales,Paid Search,45-54
C01217,0,5,6,2747.88,457.98,3,34,5.143,5,5,5,Champions,Wales,Organic Search,25-34
C01218,1,169,8,1337.39,167.17,5,951,0.252,3,5,5,Loyal Customers,South West,Paid Search,45-54
C01219,1,302,3,510.89,170.3,2,139,0.643,2,3,3,At Risk,South West,Direct,18-24
C01220,0,52,6,584.6,97.43,3,452,0.397,4,5,3,Champions,London,Organic Search,25-34
C01221,1,288,5,751.37,150.27,2,530,0.282,2,5,4,Cannot Lose Them,Wales,Email,25-34
C01222,0,12,7,2359.7,337.1,2,174,1.2,5,5,5,Champions,North West,Paid Search,35-44
C01223,1,673,2,208.09,104.04,2,218,0.274,1,2,2,Hibernating,North West,Direct,25-34
C01224,1,1071,1,17.78,17.78,1,0,30.0,1,1,1,Hibernating,Scotland,Social Media,55+
C01225,1,362,1,41.16,41.16,1,0,30.0,2,1,1,Hibernating,Yorkshire,Email,45-54
C01226,1,93,3,472.56,157.52,1,796,0.113,3,3,3,Loyal Customers,London,Organic Search,35-44
C01227,1,160,4,1904.87,476.22,1,1239,0.097,3,4,5,Loyal Customers,Midlands,Email,45-54
C01228,1,313,3,394.79,131.6,1,308,0.291,2,3,3,At Risk,Yorkshire,Organic Search,18-24
C01229,0,24,5,1408.72,281.74,3,123,1.21,5,5,5,Champions,South West,Organic Search,35-44
C01230,0,14,6,951.47,158.58,3,113,1.579,5,5,4,Champions,London,Paid Search,45-54
C01232,0,20,5,686.85,137.37,1,185,0.806,5,5,4,Champions,Yorkshire,Paid Search,25-34
C01233,1,269,8,2268.02,283.5,1,596,0.402,2,5,5,Cannot Lose Them,North West,Email,18-24
C01234,1,182,2,200.25,100.12,2,203,0.294,2,2,2,Hibernating,Yorkshire,Social Media,25-34
C01235,0,28,3,561.45,187.15,1,903,0.1,5,3,3,Loyal Customers,South East,Organic Search,45-54
C01238,1,111,1,125.36,125.36,1,0,30.0,3,1,1,Lost,South East,Organic Search,55+
C01239,0,67,5,482.83,96.57,2,967,0.155,4,5,3,Champions,Midlands,Referral,55+
C01240,0,8,6,2226.21,371.04,1,164,1.091,5,5,5,Champions,Scotland,Social Media,18-24
C01241,1,985,2,333.88,166.94,2,18,3.158,1,2,2,Hibernating,Midlands,Social Media,45-54
C01242,0,44,2,554.91,277.46,1,682,0.088,4,2,3,Recent Customers,North East,Email,45-54
C01243,1,188,4,1411.1,352.78,2,741,0.162,2,4,5,Cannot Lose Them,London,Paid Search,25-34
C01244,0,72,5,440.98,88.2,3,657,0.228,4,5,3,Champions,London,Direct,45-54
C01245,1,179,3,787.03,262.34,2,429,0.209,2,3,4,At Risk,Scotland,Organic Search,25-34
C01246,0,32,4,911.73,227.93,3,538,0.223,5,4,4,Champions,Scotland,Paid Search,45-54
C01247,0,9,4,1521.11,380.28,3,26,4.444,5,4,5,Champions,Yorkshire,Paid Search,45-54
C01248,1,748,1,158.73,158.73,1,0,30.0,1,1,1,Hibernating,London,Paid Search,35-44
C01249,1,116,1,189.29,189.29,1,0,30.0,3,1,1,Lost,London,Organic Search,35-44
C01250,1,103,2,228.98,114.49,2,179,0.333,3,2,2,Lost,London,Social Media,45-54
C01251,0,88,1,20.04,20.04,1,0,30.0,3,1,1,Lost,London,Email,45-54
C01252,0,76,4,256.71,64.18,3,247,0.484,4,4,2,Champions,Midlands,Paid Search,35-44
C01253,1,225,1,152.49,152.49,1,0,30.0,2,1,1,Hibernating,Scotland,Paid Search,25-34
C01254,1,126,2,58.73,29.36,2,373,0.16,3,2,1,Lost,North West,Paid Search,35-44
C01257,1,214,7,793.88,113.41,1,663,0.316,2,5,4,Cannot Lose Them,South East,Email,55+
C01258,0,84,2,161.57,80.78,1,193,0.309,4,2,1,Recent Customers,London,Email,25-34
C01259,1,1077,1,37.58,37.58,1,0,30.0,1,1,1,Hibernating,London,Email,18-24
C01260,1,134,5,315.97,63.19,3,704,0.213,3,5,2,Loyal Customers,Scotland,Email,55+
C01261,1,198,3,270.56,90.19,1,372,0.241,2,3,2,At Risk,Scotland,Organic Search,45-54
C01262,1,163,5,1048.41,209.68,1,712,0.21,3,5,5,Loyal Customers,Wales,Organic Search,55+
C01263,1,704,2,254.69,127.34,2,324,0.185,1,2,2,Hibernating,South East,Paid Search,45-54
C01264,1,348,1,78.02,78.02,1,0,30.0,2,1,1,Hibernating,North East,Organic Search,18-24
C01266,0,37,4,446.69,111.67,2,160,0.745,4,4,3,Champions,London,Paid Search,55+
C01267,1,1243,1,356.27,356.27,1,0,30.0,1,1,2,Hibernating,London,Organic Search,35-44
C01268,0,23,3,2011.37,670.46,1,390,0.23,5,3,5,Loyal Customers,South West,Social Media,55+
C01269,0,30,5,1774.06,354.81,3,31,4.688,5,5,5,Champions,South West,Social Media,25-34
C01271,1,407,1,29.11,29.11,1,0,30.0,1,1,1,Hibernating,Midlands,Organic Search,35-44
C01272,1,384,1,346.77,346.77,1,0,30.0,1,1,2,Hibernating,London,Email,25-34
C01273,1,403,5,696.48,139.3,3,509,0.294,1,5,4,Cannot Lose Them,Wales,Social Media,18-24
C01274,0,83,6,2254.66,375.78,3,80,2.222,4,5,5,Champions,North West,Paid Search,25-34
C01277,1,130,9,1566.79,174.09,4,179,1.5,3,5,5,Loyal Customers,South East,Organic Search,25-34
C01278,1,630,3,290.6,96.87,1,83,1.071,1,3,2,At Risk,North West,Organic Search,18-24
C01279,0,6,1,1040.97,1040.97,1,0,30.0,5,1,5,Recent Customers,South West,Organic Search,25-34
C01280,0,47,5,455.09,91.02,3,624,0.24,4,5,3,Champions,Yorkshire,Paid Search,35-44
C01281,1,750,2,1145.01,572.5,2,2,20.0,1,2,5,Hibernating,London,Paid Search,35-44
C01282,1,343,7,1277.69,182.53,2,829,0.253,2,5,5,Cannot Lose Them,North West,Paid Search,45-54
C01283,0,17,6,819.24,136.54,3,328,0.547,5,5,4,Champions,Yorkshire,Paid Search,35-44
C01284,1,230,5,361.97,72.39,3,526,0.285,2,5,2,Cannot Lose Them,North West,Paid Search,25-34
C01286,1,128,3,412.76,137.59,1,207,0.433,3,3,3,Loyal Customers,London,Email,25-34
C01287,1,802,4,411.67,102.92,3,266,0.449,1,4,3,Cannot Lose Them,South East,Direct,45-54
C01288,0,85,5,992.94,198.59,2,214,0.698,4,5,4,Champions,Yorkshire,Email,25-34
C01290,0,2,2,330.03,165.02,1,1043,0.057,5,2,2,Recent Customers,South East,Paid Search,25-34
C01291,0,78,3,1035.42,345.14,2,499,0.18,4,3,5,Loyal Customers,Scotland,Paid Search,55+
C01292,1,102,4,498.01,124.5,3,1014,0.118,3,4,3,Loyal Customers,Yorkshire,Email,25-34
C01293,1,130,7,837.25,119.61,2,641,0.327,3,5,4,Loyal Customers,London,Organic Search,18-24
C01294,1,470,3,797.64,265.88,2,877,0.103,1,3,4,At Risk,London,Social Media,18-24
C01297,0,23,4,848.61,212.15,2,44,2.667,5,4,4,Champions,Wales,Email,55+
C01298,0,15,6,912.54,152.09,3,345,0.52,5,5,4,Champions,South West,Social Media,35-44
C01299,0,69,3,1364.0,454.67,2,251,0.357,4,3,5,Loyal Customers,Scotland,Organic Search,55+
C01300,0,35,7,1516.95,216.71,4,390,0.537,4,5,5,Champions,London,Organic Search,35-44
C01301,0,56,7,1521.25,217.32,4,481,0.436,4,5,5,Champions,North West,Direct,25-34
C01302,1,112,4,1137.74,284.44,2,217,0.55,3,4,5,Loyal Customers,London,Social Media,25-34
C01304,0,56,2,212.0,106.0,2,288,0.208,4,2,2,Recent Customers,London,Paid Search,18-24
C01307,1,416,4,513.58,128.39,2,851,0.141,1,4,3,Cannot Lose Them,Scotland,Organic Search,18-24
C01309,0,28,2,762.76,381.38,1,403,0.149,5,2,4,Recent Customers,Wales,Organic Search,18-24
C01310,1,875,3,254.72,84.91,1,217,0.413,1,3,2,At Risk,London,Paid Search,18-24
C01311,1,208,4,919.7,229.92,1,813,0.147,2,4,4,Cannot Lose Them,North West,Referral,25-34
C01312,1,777,3,1452.47,484.16,2,621,0.145,1,3,5,At Risk,London,Paid Search,45-54
C01313,0,68,4,1116.51,279.13,2,102,1.165,4,4,5,Champions,London,Email,25-34
C01314,0,67,3,815.03,271.68,1,133,0.672,4,3,4,Loyal Customers,South East,Paid Search,35-44
C01315,1,107,3,459.35,153.12,2,37,2.368,3,3,3,Loyal Customers,South East,Paid Search,25-34
C01316,1,167,6,968.44,161.41,2,569,0.316,3,5,4,Loyal Customers,Scotland,Paid Search,25-34
C01317,0,5,3,260.53,86.84,2,77,1.154,5,3,2,Loyal Customers,North West,Social Media,18-24
C01318,0,35,5,1371.98,274.4,2,894,0.168,4,5,5,Champions,North East,Paid Search,18-24
C01319,0,14,7,1766.33,252.33,3,659,0.318,5,5,5,Champions,North East,Direct,18-24
C01320,1,235,2,1112.11,556.05,1,154,0.387,2,2,5,Hibernating,Yorkshire,Organic Search,55+
C01321,1,110,7,869.36,124.19,3,257,0.814,3,5,4,Loyal Customers,Midlands,Email,45-54
C01322,1,138,2,100.71,50.36,1,621,0.096,3,2,1,Lost,Scotland,Organic Search,35-44
C01323,0,70,7,1512.06,216.01,3,793,0.264,4,5,5,Champions,South West,Organic Search,18-24
C01326,1,377,3,901.57,300.52,2,591,0.152,1,3,4,At Risk,Scotland,Organic Search,18-24
C01327,0,17,9,782.0,86.89,2,658,0.41,5,5,4,Champions,Wales,Paid Search,45-54
C01329,0,12,8,1635.18,204.4,2,65,3.636,5,5,5,Champions,Scotland,Organic Search,55+
C01330,0,8,1,215.0,215.0,1,0,30.0,5,1,2,Recent Customers,Midlands,Email,45-54
C01331,0,50,3,1475.85,491.95,2,177,0.506,4,3,5,Loyal Customers,London,Email,18-24
C01332,1,126,5,913.72,182.74,2,143,1.042,3,5,4,Loyal Customers,London,Email,18-24
C01333,1,182,2,449.71,224.86,2,44,1.333,2,2,3,Hibernating,South East,Paid Search,55+
C01334,1,110,7,1417.53,202.5,2,280,0.747,3,5,5,Loyal Customers,South East,Social Media,25-34
C01335,0,64,6,2052.79,342.13,3,480,0.374,4,5,5,Champions,London,Email,35-44
C01336,0,88,5,1070.98,214.2,1,273,0.547,3,5,5,Loyal Customers,North West,Social Media,35-44
C01337,0,61,5,697.21,139.44,2,536,0.279,4,5,4,Champions,Midlands,Social Media,18-24
C01338,1,369,2,369.97,184.98,2,308,0.194,1,2,2,Hibernating,London,Paid Search,45-54
C01339,0,43,1,607.74,607.74,1,0,30.0,4,1,3,Recent Customers,North East,Email,18-24
C01340,0,62,3,1182.64,394.21,2,413,0.217,4,3,5,Loyal Customers,Scotland,Email,35-44
C01341,1,227,1,33.98,33.98,1,0,30.0,2,1,1,Hibernating,South East,Paid Search,18-24
C01342,0,25,11,1451.08,131.92,4,281,1.17,5,5,5,Champions,London,Organic Search,35-44
C01343,1,385,1,260.24,260.24,1,0,30.0,1,1,2,Hibernating,Midlands,Paid Search,25-34
C01345,1,111,5,784.2,156.84,1,410,0.365,3,5,4,Loyal Customers,Scotland,Paid Search,25-34
C01346,1,137,1,180.17,180.17,1,0,30.0,3,1,1,Lost,North West,Organic Search,25-34
C01347,1,251,2,297.81,148.91,2,217,0.275,2,2,2,Hibernating,Yorkshire,Social Media,45-54
C01349,1,361,1,224.4,224.4,1,0,30.0,2,1,2,Hibernating,North West,Referral,18-24
C01350,1,231,2,198.26,99.13,1,190,0.314,2,2,2,Hibernating,Midlands,Referral,25-34
C01351,1,574,1,306.03,306.03,1,0,30.0,1,1,2,Hibernating,Wales,Social Media,25-34
C01352,1,95,9,1763.62,195.96,1,644,0.419,3,5,5,Loyal Customers,Wales,Paid Search,35-44
C01353,0,10,3,410.56,136.85,2,43,2.045,5,3,3,Loyal Customers,North East,Social Media,25-34
C01354,1,114,3,205.72,68.57,1,381,0.236,3,3,2,Loyal Customers,Scotland,Social Media,35-44
C01355,1,126,3,350.06,116.69,1,758,0.119,3,3,2,Loyal Customers,South East,Email,35-44
C01357,0,19,2,230.05,115.02,1,47,1.25,5,2,2,Recent Customers,Scotland,Paid Search,25-34
C01358,1,453,3,220.04,73.35,2,597,0.151,1,3,2,At Risk,North West,Paid Search,45-54
C01359,1,183,2,100.31,50.16,2,130,0.458,2,2,1,Hibernating,North West,Paid Search,55+
C01360,1,119,2,82.76,41.38,2,4,12.0,3,2,1,Lost,Yorkshire,Email,55+
C01361,1,170,1,168.28,168.28,1,0,30.0,3,1,1,Lost,South West,Direct,35-44
C01362,0,64,5,1307.05,261.41,2,838,0.179,4,5,5,Champions,North East,Email,35-44
C01363,0,21,1,85.2,85.2,1,0,30.0,5,1,1,Recent Customers,Midlands,Email,35-44
C01366,1,157,1,158.61,158.61,1,0,30.0,3,1,1,Lost,London,Direct,35-44
C01367,1,196,1,55.9,55.9,1,0,30.0,2,1,1,Hibernating,London,Organic Search,45-54
C01368,1,339,1,96.98,96.98,1,0,30.0,2,1,1,Hibernating,Midlands,Email,55+
C01369,1,100,4,457.99,114.5,3,372,0.322,3,4,3,Loyal Customers,North West,Organic Search,45-54
C01370,1,146,6,2453.74,408.96,2,640,0.281,3,5,5,Loyal Customers,South East,Referral,35-44
C01371,1,117,7,670.0,95.71,3,621,0.338,3,5,4,Loyal Customers,Scotland,Organic Search,35-44
C01372,1,193,1,58.14,58.14,1,0,30.0,2,1,1,Hibernating,Yorkshire,Email,18-24
C01373,1,617,5,1151.66,230.33,2,458,0.327,1,5,5,Cannot Lose Them,Wales,Paid Search,45-54
C01374,1,232,4,205.02,51.26,1,209,0.571,2,4,2,Cannot Lose Them,London,Paid Search,45-54
C01376,1,186,3,1004.21,334.74,2,117,0.763,2,3,4,At Risk,Scotland,Paid Search,18-24
C01377,1,159,6,537.15,89.52,3,823,0.218,3,5,3,Loyal Customers,London,Social Media,25-34
C01378,1,98,5,568.66,113.73,2,589,0.254,3,5,3,Loyal Customers,North West,Email,35-44
C01379,1,514,2,151.24,75.62,1,36,1.622,1,2,1,Hibernating,South East,Organic Search,25-34
C01380,1,262,3,411.32,137.11,1,686,0.131,2,3,3,At Risk,South East,Social Media,25-34
C01381,0,80,5,979.15,195.83,1,938,0.16,4,5,4,Champions,Yorkshire,Paid Search,45-54
C01382,0,89,2,707.47,353.74,2,123,0.484,3,2,4,Lost,Midlands,Referral,35-44
C01383,1,202,4,500.9,125.22,4,429,0.279,2,4,3,Cannot Lose Them,North West,Social Media,35-44
C01384,0,2,1,166.82,166.82,1,0,30.0,5,1,1,Recent Customers,Scotland,Social Media,35-44
C01385,0,86,2,211.02,105.51,1,253,0.236,3,2,2,Lost,North West,Organic Search,35-44
C01387,0,19,4,488.4,122.1,1,446,0.268,5,4,3,Champions,Yorkshire,Social Media,18-24
C01388,1,617,1,216.96,216.96,1,0,30.0,1,1,2,Hibernating,Scotland,Paid Search,45-54
C01391,0,56,1,172.02,172.02,1,0,30.0,4,1,1,Recent Customers,South East,Paid Search,45-54
C01392,0,20,4,795.6,198.9,3,123,0.968,5,4,4,Champions,North West,Social Media,35-44
C01393,0,85,2,555.16,277.58,2,493,0.121,4,2,3,Recent Customers,Midlands,Social Media,55+
C01395,1,95,2,193.11,96.56,2,31,1.875,3,2,1,Lost,South West,Paid Search,45-54
C01396,1,169,2,204.28,102.14,1,21,2.727,3,2,2,Lost,Midlands,Social Media,45-54
C01397,0,16,2,609.25,304.62,2,38,1.538,5,2,3,Recent Customers,Scotland,Email,18-24
C01398,0,13,10,1520.17,152.02,3,181,1.648,5,5,5,Champions,South East,Email,25-34
C01399,1,297,2,181.72,90.86,1,572,0.105,2,2,1,Hibernating,Wales,Social Media,45-54
C01400,0,12,4,305.28,76.32,2,87,1.364,5,4,2,Champions,Yorkshire,Email,25-34
C01401,1,92,7,1223.96,174.85,3,692,0.303,3,5,5,Loyal Customers,South East,Social Media,35-44
C01402,1,154,3,466.37,155.46,2,365,0.246,3,3,3,Loyal Customers,South East,Email,25-34
C01403,0,24,5,724.0,144.8,4,212,0.704,5,5,4,Champions,London,Email,18-24
C01404,0,86,2,262.06,131.03,2,333,0.18,3,2,2,Lost,Scotland,Email,45-54
C01405,0,14,4,1653.01,413.25,3,156,0.764,5,4,5,Champions,Midlands,Paid Search,55+
C01406,1,283,3,390.55,130.18,2,307,0.292,2,3,3,At Risk,North West,Social Media,45-54
C01408,1,98,5,1195.98,239.2,3,929,0.161,3,5,5,Loyal Customers,London,Organic Search,18-24
C01409,0,69,4,481.73,120.43,3,1148,0.104,4,4,3,Champions,North West,Paid Search,18-24
C01410,1,329,1,231.6,231.6,1,0,30.0,2,1,2,Hibernating,London,Email,55+
C01411,1,218,3,304.13,101.38,2,662,0.136,2,3,2,At Risk,London,Social Media,55+
C01412,0,12,5,454.89,90.98,2,636,0.235,5,5,3,Champions,South East,Social Media,18-24
C01415,0,18,4,613.76,153.44,3,138,0.863,5,4,3,Champions,Yorkshire,Email,25-34
C01416,0,79,4,418.3,104.58,2,83,1.429,4,4,3,Champions,Yorkshire,Paid Search,25-34
C01417,0,22,5,315.95,63.19,1,377,0.397,5,5,2,Champions,Wales,Referral,25-34
C01418,1,246,3,252.7,84.23,1,895,0.1,2,3,2,At Risk,South East,Organic Search,18-24
C01419,1,260,3,325.87,108.62,2,335,0.268,2,3,2,At Risk,South East,Email,25-34
C01420,1,215,3,659.07,219.69,1,124,0.72,2,3,4,At Risk,Wales,Email,55+
C01421,1,218,5,918.53,183.71,3,913,0.164,2,5,4,Cannot Lose Them,North West,Social Media,25-34
C01422,1,647,2,211.8,105.9,1,435,0.138,1,2,2,Hibernating,Yorkshire,Email,35-44
C01423,0,4,3,544.23,181.41,1,155,0.577,5,3,3,Loyal Customers,South East,Social Media,25-34
C01424,0,19,8,1012.18,126.52,4,39,6.0,5,5,4,Champions,Yorkshire,Referral,45-54
C01425,0,17,2,295.64,147.82,1,25,2.308,5,2,2,Recent Customers,Scotland,Organic Search,35-44
C01427,1,1050,1,159.74,159.74,1,0,30.0,1,1,1,Hibernating,Yorkshire,Social Media,18-24
C01428,1,764,1,384.65,384.65,1,0,30.0,1,1,2,Hibernating,North West,Social Media,25-34
C01429,1,224,1,193.43,193.43,1,0,30.0,2,1,1,Hibernating,London,Organic Search,35-44
C01430,1,340,1,113.78,113.78,1,0,30.0,2,1,1,Hibernating,Scotland,Paid Search,25-34
C01431,1,217,3,270.63,90.21,2,1007,0.089,2,3,2,At Risk,Scotland,Organic Search,55+
C01432,0,83,2,186.61,93.3,2,224,0.267,4,2,1,Recent Customers,London,Organic Search,45-54
C01433,1,128,5,300.59,60.12,2,706,0.212,3,5,2,Loyal Customers,North East,Email,18-24
C01435,1,132,6,2887.92,481.32,2,609,0.295,3,5,5,Loyal Customers,North West,Social Media,35-44
C01436,0,43,5,469.08,93.82,4,397,0.377,4,5,3,Champions,Wales,Referral,25-34
C01437,1,249,3,381.09,127.03,3,131,0.682,2,3,2,At Risk,Wales,Organic Search,35-44
C01438,1,130,2,412.68,206.34,1,54,1.091,3,2,3,Lost,London,Paid Search,45-54
C01439,1,931,1,196.63,196.63,1,0,30.0,1,1,1,Hibernating,South East,Organic Search,25-34
C01441,0,19,6,636.35,106.06,2,340,0.528,5,5,4,Champions,South East,Organic Search,18-24
C01443,1,256,3,566.65,188.88,2,1001,0.09,2,3,3,At Risk,London,Paid Search,25-34
C01444,0,18,4,1235.63,308.91,3,17,6.667,5,4,5,Champions,South East,Social Media,25-34
C01445,1,308,4,717.58,179.4,2,154,0.774,2,4,4,Cannot Lose Them,London,Organic Search,25-34
C01446,0,65,2,820.76,410.38,2,24,2.4,4,2,4,Recent Customers,Midlands,Organic Search,45-54
C01447,1,228,4,860.31,215.08,2,800,0.15,2,4,4,Cannot Lose Them,Yorkshire,Email,55+
C01448,0,70,1,17.56,17.56,1,0,30.0,4,1,1,Recent Customers,North West,Email,25-34
C01449,0,83,7,1140.23,162.89,3,761,0.276,4,5,5,Champions,Yorkshire,Organic Search,35-44
C01450,0,58,5,621.41,124.28,2,992,0.151,4,5,3,Champions,Yorkshire,Social Media,55+
C01451,1,172,5,566.13,113.23,2,288,0.519,3,5,3,Loyal Customers,South East,Organic Search,35-44
C01452,1,323,1,134.03,134.03,1,0,30.0,2,1,1,Hibernating,South West,Organic Search,18-24
C01453,0,16,4,2056.91,514.23,1,96,1.237,5,4,5,Champions,Yorkshire,Social Media,35-44
C01454,0,11,9,2278.94,253.22,2,1047,0.258,5,5,5,Champions,Wales,Paid Search,45-54
C01456,0,12,3,463.0,154.33,2,59,1.5,5,3,3,Loyal Customers,Wales,Direct,35-44
C01457,1,698,1,42.91,42.91,1,0,30.0,1,1,1,Hibernating,South East,Paid Search,25-34
C01458,1,365,5,940.4,188.08,3,417,0.359,1,5,4,Cannot Lose Them,Yorkshire,Email,35-44
C01459,0,88,1,74.05,74.05,1,0,30.0,3,1,1,Lost,London,Paid Search,35-44
C01460,0,14,5,1970.21,394.04,2,24,6.0,5,5,5,Champions,Yorkshire,Organic Search,18-24
C01461,0,2,2,754.51,377.26,2,17,3.333,5,2,4,Recent Customers,Midlands,Direct,55+
C01462,0,18,1,134.71,134.71,1,0,30.0,5,1,1,Recent Customers,London,Email,45-54
C01463,1,139,1,66.52,66.52,1,0,30.0,3,1,1,Lost,London,Organic Search,18-24
C01464,0,57,1,208.01,208.01,1,0,30.0,4,1,2,Recent Customers,South West,Email,25-34
C01465,0,35,3,306.25,102.08,2,647,0.139,4,3,2,Loyal Customers,Scotland,Paid Search,55+
C01466,0,26,3,796.47,265.49,2,129,0.692,5,3,4,Loyal Customers,North West,Organic Search,35-44
C01467,0,6,8,838.0,104.75,4,64,3.692,5,5,4,Champions,London,Direct,45-54
C01468,1,1410,1,131.83,131.83,1,0,30.0,1,1,1,Hibernating,North West,Social Media,45-54
C01470,0,59,8,1124.55,140.57,4,1209,0.198,4,5,5,Champions,Midlands,Paid Search,35-44
C01471,0,73,3,1497.96,499.32,1,304,0.295,4,3,5,Loyal Customers,Wales,Social Media,18-24
C01472,1,112,6,1032.58,172.1,4,912,0.197,3,5,5,Loyal Customers,South East,Paid Search,35-44
C01473,0,23,6,1117.71,186.28,2,1200,0.15,5,5,5,Champions,North West,Social Media,35-44
C01475,0,10,3,289.47,96.49,2,289,0.31,5,3,2,Loyal Customers,South East,Referral,45-54
C01476,1,320,2,419.41,209.7,1,33,1.765,2,2,3,Hibernating,South West,Social Media,25-34
C01477,0,67,3,93.65,31.22,1,53,1.667,4,3,1,Loyal Customers,Wales,Paid Search,35-44
C01478,0,68,7,1191.27,170.18,3,464,0.452,4,5,5,Champions,North West,Direct,35-44
C01479,0,47,5,2326.59,465.32,2,387,0.387,4,5,5,Champions,Wales,Paid Search,35-44
C01480,0,19,1,56.56,56.56,1,0,30.0,5,1,1,Recent Customers,Midlands,Email,55+
C01481,1,113,3,308.98,102.99,2,333,0.269,3,3,2,Loyal Customers,Midlands,Referral,25-34
C01482,0,88,1,142.09,142.09,1,0,30.0,3,1,1,Lost,London,Social Media,18-24
C01483,0,14,3,680.93,226.98,1,64,1.385,5,3,4,Loyal Customers,South East,Organic Search,35-44
C01484,0,80,4,397.78,99.44,2,818,0.147,4,4,3,Champions,Wales,Email,25-34
C01485,1,492,5,698.91,139.78,2,728,0.206,1,5,4,Cannot Lose Them,South West,Organic Search,35-44
C01486,1,135,3,300.38,100.13,2,117,0.763,3,3,2,Loyal Customers,North West,Social Media,25-34
C01487,1,137,5,953.49,190.7,3,298,0.502,3,5,4,Loyal Customers,Wales,Referral,25-34
C01488,1,594,3,536.08,178.69,1,549,0.164,1,3,3,At Risk,North West,Email,35-44
C01489,1,141,1,253.58,253.58,1,0,30.0,3,1,2,Lost,Scotland,Email,18-24
C01490,1,237,7,689.26,98.47,3,534,0.393,2,5,4,Cannot Lose Them,Midlands,Direct,45-54
C01491,1,375,1,623.27,623.27,1,0,30.0,1,1,3,Hibernating,Wales,Paid Search,25-34
C01493,1,276,2,190.67,95.34,1,32,1.818,2,2,1,Hibernating,Wales,Paid Search,18-24
C01494,1,509,2,62.44,31.22,1,681,0.088,1,2,1,Hibernating,Wales,Email,35-44
C01495,1,706,4,479.99,120.0,2,329,0.364,1,4,3,Cannot Lose Them,South West,Organic Search,25-34
C01496,1,657,1,306.39,306.39,1,0,30.0,1,1,2,Hibernating,Midlands,Direct,25-34
C01499,0,44,2,932.45,466.22,1,173,0.345,4,2,4,Recent Customers,Yorkshire,Paid Search,25-34
C01500,0,24,2,580.71,290.36,2,66,0.896,5,2,3,Recent Customers,South East,Organic Search,25-34
C01501,1,589,2,181.53,90.76,1,90,0.659,1,2,1,Hibernating,South East,Direct,45-54
C01502,0,22,4,1189.98,297.5,1,80,1.481,5,4,5,Champions,London,Paid Search,35-44
C01503,1,376,2,184.95,92.48,1,812,0.074,1,2,1,Hibernating,Wales,Email,35-44
C01504,1,735,2,151.35,75.68,2,579,0.103,1,2,1,Hibernating,London,Email,35-44
C01505,1,153,4,1552.76,388.19,2,76,1.558,3,4,5,Loyal Customers,North West,Social Media,35-44
C01506,1,160,5,1448.36,289.67,4,450,0.333,3,5,5,Loyal Customers,South East,Email,25-34
C01507,1,294,3,447.49,149.16,2,314,0.286,2,3,3,At Risk,North West,Email,35-44
C01508,0,36,9,1801.89,200.21,3,419,0.643,4,5,5,Champions,South West,Paid Search,18-24
C01509,1,119,1,104.83,104.83,1,0,30.0,3,1,1,Lost,Wales,Organic Search,35-44
C01510,1,121,9,1375.44,152.83,4,917,0.294,3,5,5,Loyal Customers,Scotland,Paid Search,35-44
C01511,1,402,3,585.72,195.24,2,127,0.703,1,3,3,At Risk,Midlands,Paid Search,18-24
C01512,1,131,5,364.09,72.82,2,1224,0.122,3,5,2,Loyal Customers,London,Paid Search,45-54
C01513,1,514,1,64.93,64.93,1,0,30.0,1,1,1,Hibernating,North East,Social Media,25-34
C01514,1,444,4,1347.33,336.83,1,572,0.209,1,4,5,Cannot Lose Them,South East,Organic Search,25-34
C01515,0,78,3,540.45,180.15,1,403,0.223,4,3,3,Loyal Customers,London,Paid Search,25-34
C01516,0,32,8,933.78,116.72,1,980,0.245,5,5,4,Champions,South West,Paid Search,35-44
C01517,1,360,3,622.82,207.61,3,286,0.314,2,3,3,At Risk,Yorkshire,Organic Search,45-54
C01518,0,15,2,759.33,379.66,2,13,4.286,5,2,4,Recent Customers,North West,Paid Search,25-34
C01519,0,49,7,1170.35,167.19,4,734,0.286,4,5,5,Champions,Yorkshire,Social Media,18-24
C01520,0,3,8,1974.92,246.86,3,268,0.892,5,5,5,Champions,Yorkshire,Email,45-54
C01521,1,585,2,574.61,287.3,1,165,0.361,1,2,3,Hibernating,South East,Social Media,45-54
C01522,1,555,3,506.83,168.94,2,147,0.608,1,3,3,At Risk,South East,Social Media,35-44
C01524,1,169,4,1018.59,254.65,3,345,0.347,3,4,4,Loyal Customers,South West,Organic Search,45-54
C01525,1,99,4,740.93,185.23,2,510,0.235,3,4,4,Loyal Customers,Midlands,Social Media,25-34
C01527,0,63,3,493.97,164.66,2,572,0.157,4,3,3,Loyal Customers,Scotland,Organic Search,35-44
C01528,1,412,4,436.22,109.06,2,318,0.376,1,4,3,Cannot Lose Them,Wales,Organic Search,18-24
C01529,1,309,1,70.84,70.84,1,0,30.0,2,1,1,Hibernating,Scotland,Direct,55+
C01530,1,205,2,416.42,208.21,2,522,0.115,2,2,3,Hibernating,South East,Paid Search,55+
C01531,1,713,3,540.11,180.04,3,239,0.375,1,3,3,At Risk,Yorkshire,Paid Search,25-34
C01532,1,209,1,182.23,182.23,1,0,30.0,2,1,1,Hibernating,London,Direct,45-54
C01533,1,302,3,440.24,146.75,3,389,0.231,2,3,3,At Risk,North West,Paid Search,18-24
C01534,1,652,2,174.48,87.24,1,293,0.204,1,2,1,Hibernating,London,Referral,35-44
C01535,0,5,1,529.82,529.82,1,0,30.0,5,1,3,Recent Customers,South West,Paid Search,25-34
C01536,1,237,8,3061.92,382.74,2,555,0.432,2,5,5,Cannot Lose Them,North East,Social Media,18-24
C01537,0,14,6,3147.91,524.65,1,1000,0.18,5,5,5,Champions,Scotland,Organic Search,55+
C01538,0,67,1,358.58,358.58,1,0,30.0,4,1,2,Recent Customers,South East,Paid Search,35-44
C01539,0,26,3,230.88,76.96,2,60,1.475,5,3,2,Loyal Customers,South East,Email,18-24
C01542,0,73,4,1137.39,284.35,2,184,0.649,4,4,5,Champions,South East,Paid Search,35-44
C01543,0,34,2,489.64,244.82,2,168,0.355,4,2,3,Recent Customers,North West,Paid Search,35-44
C01544,0,5,3,705.85,235.28,2,834,0.108,5,3,4,Loyal Customers,South East,Social Media,35-44
C01545,1,379,1,132.81,132.81,1,0,30.0,1,1,1,Hibernating,London,Email,55+
C01546,1,427,2,1129.16,564.58,1,336,0.178,1,2,5,Hibernating,North West,Paid Search,45-54
C01547,1,197,4,342.09,85.52,3,287,0.417,2,4,2,Cannot Lose Them,Scotland,Paid Search,35-44
C01548,0,24,3,424.93,141.64,2,892,0.101,5,3,3,Loyal Customers,South East,Social Media,35-44
C01550,1,162,1,44.16,44.16,1,0,30.0,3,1,1,Lost,Scotland,Paid Search,25-34
C01551,0,43,3,467.27,155.76,2,483,0.186,4,3,3,Loyal Customers,Yorkshire,Paid Search,25-34
C01553,1,153,4,832.75,208.19,2,1032,0.116,3,4,4,Loyal Customers,Wales,Organic Search,35-44
C01554,0,81,4,1418.75,354.69,2,202,0.591,4,4,5,Champions,South West,Email,45-54
C01555,1,169,5,1503.82,300.76,2,167,0.893,3,5,5,Loyal Customers,North East,Social Media,55+
C01556,0,9,2,909.37,454.68,2,476,0.126,5,2,4,Recent Customers,Yorkshire,Direct,35-44
C01557,0,6,8,2779.58,347.45,1,463,0.517,5,5,5,Champions,Scotland,Direct,25-34
C01558,1,144,3,360.91,120.3,1,201,0.446,3,3,2,Loyal Customers,South West,Paid Search,55+
C01561,0,32,2,808.31,404.16,1,203,0.294,5,2,4,Recent Customers,London,Organic Search,45-54
C01562,1,473,5,1217.61,243.52,3,724,0.207,1,5,5,Cannot Lose Them,South West,Paid Search,35-44
C01563,1,327,3,592.55,197.52,2,283,0.317,2,3,3,At Risk,South West,Social Media,45-54
C01564,1,354,2,190.74,95.37,2,230,0.26,2,2,1,Hibernating,Scotland,Email,45-54
C01565,1,677,1,131.01,131.01,1,0,30.0,1,1,1,Hibernating,South East,Paid Search,35-44
C01566,0,36,9,1380.0,153.33,4,884,0.305,4,5,5,Champions,London,Social Media,25-34
C01567,1,404,1,184.47,184.47,1,0,30.0,1,1,1,Hibernating,South West,Organic Search,25-34
C01568,0,81,1,51.64,51.64,1,0,30.0,4,1,1,Recent Customers,North West,Paid Search,25-34
C01569,0,74,2,825.4,412.7,2,298,0.201,4,2,4,Recent Customers,South West,Direct,45-54
C01570,0,33,5,659.67,131.93,2,211,0.708,4,5,4,Champions,Scotland,Organic Search,55+
C01571,1,608,3,212.53,70.84,3,317,0.283,1,3,2,At Risk,Scotland,Paid Search,35-44
C01572,0,17,8,816.94,102.12,3,102,2.33,5,5,4,Champions,Midlands,Social Media,25-34
C01574,0,88,3,385.03,128.34,1,111,0.804,3,3,2,Loyal Customers,London,Paid Search,35-44
C01575,1,251,4,366.52,91.63,3,444,0.27,2,4,2,Cannot Lose Them,Wales,Organic Search,45-54
C01577,1,246,2,86.92,43.46,1,393,0.152,2,2,1,Hibernating,Scotland,Direct,18-24
C01578,0,64,4,782.69,195.67,2,816,0.147,4,4,4,Champions,North West,Direct,35-44
C01579,0,4,7,524.73,74.96,2,605,0.347,5,5,3,Champions,Scotland,Social Media,35-44
C01580,0,26,6,1225.02,204.17,3,694,0.259,5,5,5,Champions,Scotland,Social Media,18-24
C01581,0,24,7,2472.76,353.25,3,553,0.379,5,5,5,Champions,South East,Email,25-34
C01584,0,14,6,1223.95,203.99,2,191,0.938,5,5,5,Champions,London,Email,25-34
C01585,1,342,1,120.4,120.4,1,0,30.0,2,1,1,Hibernating,Midlands,Email,35-44
C01586,1,1183,1,92.56,92.56,1,0,30.0,1,1,1,Hibernating,Yorkshire,Social Media,35-44
C01587,1,1032,1,81.05,81.05,1,0,30.0,1,1,1,Hibernating,South East,Email,35-44
C01588,1,208,3,236.76,78.92,3,280,0.32,2,3,2,At Risk,North West,Paid Search,35-44
C01589,0,37,2,405.29,202.64,1,350,0.171,4,2,3,Recent Customers,South East,Social Media,45-54
C01591,0,15,3,464.71,154.9,2,1023,0.088,5,3,3,Loyal Customers,South East,Social Media,45-54
C01592,1,345,2,171.26,85.63,2,443,0.135,2,2,1,Hibernating,Midlands,Organic Search,55+
C01593,1,163,5,738.15,147.63,1,395,0.379,3,5,4,Loyal Customers,Wales,Organic Search,45-54
C01594,1,108,2,432.65,216.32,2,1024,0.059,3,2,3,Lost,London,Organic Search,45-54
C01595,1,136,1,268.32,268.32,1,0,30.0,3,1,2,Lost,Yorkshire,Social Media,25-34
C01596,1,200,1,87.66,87.66,1,0,30.0,2,1,1,Hibernating,London,Email,35-44
C01597,1,471,3,202.18,67.39,2,160,0.559,1,3,2,At Risk,North East,Organic Search,25-34
C01598,1,99,5,697.07,139.41,3,542,0.276,3,5,4,Loyal Customers,London,Organic Search,35-44
C01599,0,69,6,1172.27,195.38,4,222,0.807,4,5,5,Champions,Scotland,Organic Search,55+
C01600,1,117,2,247.85,123.93,1,544,0.11,3,2,2,Lost,Scotland,Social Media,25-34
C01601,0,60,6,1493.48,248.91,2,499,0.36,4,5,5,Champions,London,Paid Search,18-24
C01602,1,107,7,1385.42,197.92,2,975,0.215,3,5,5,Loyal Customers,Midlands,Direct,18-24
C01603,1,117,1,102.83,102.83,1,0,30.0,3,1,1,Lost,North West,Social Media,18-24
C01604,1,809,1,220.57,220.57,1,0,30.0,1,1,2,Hibernating,South West,Organic Search,25-34
C01605,0,4,5,1692.3,338.46,2,36,4.054,5,5,5,Champions,Midlands,Paid Search,35-44
C01606,0,33,7,1417.68,202.53,1,964,0.218,4,5,5,Champions,London,Direct,45-54
C01607,0,11,2,354.8,177.4,2,8,6.667,5,2,2,Recent Customers,Wales,Paid Search,45-54
C01608,0,85,2,330.41,165.2,2,285,0.21,4,2,2,Recent Customers,South East,Direct,25-34
C01609,1,136,5,1798.02,359.6,3,722,0.207,3,5,5,Loyal Customers,London,Organic Search,25-34
C01610,0,41,6,816.62,136.1,2,929,0.194,4,5,4,Champions,Scotland,Organic Search,18-24
C01611,0,7,2,303.61,151.8,1,37,1.579,5,2,2,Recent Customers,North East,Email,18-24
C01612,1,200,5,697.55,139.51,1,327,0.457,2,5,4,Cannot Lose Them,Midlands,Direct,25-34
C01613,1,371,4,619.28,154.82,1,545,0.22,1,4,3,Cannot Lose Them,Wales,Organic Search,18-24
C01614,0,44,5,1424.72,284.94,3,1346,0.111,4,5,5,Champions,London,Referral,55+
C01616,0,70,2,385.83,192.92,1,941,0.064,4,2,2,Recent Customers,Scotland,Organic Search,35-44
C01617,1,578,1,132.77,132.77,1,0,30.0,1,1,1,Hibernating,London,Paid Search,45-54
C01618,0,40,2,540.71,270.36,1,650,0.092,4,2,3,Recent Customers,London,Social Media,25-34
C01620,0,39,1,263.81,263.81,1,0,30.0,4,1,2,Recent Customers,Scotland,Paid Search,55+
C01622,1,535,2,390.23,195.12,1,333,0.18,1,2,3,Hibernating,Midlands,Paid Search,45-54
C01623,0,36,6,1286.8,214.47,3,149,1.2,4,5,5,Champions,Scotland,Organic Search,45-54
C01625,1,132,1,90.59,90.59,1,0,30.0,3,1,1,Lost,North East,Email,35-44
C01627,1,110,4,894.05,223.51,2,87,1.364,3,4,4,Loyal Customers,London,Paid Search,45-54
C01628,0,22,3,692.59,230.86,1,303,0.296,5,3,4,Loyal Customers,London,Paid Search,55+
C01629,1,465,2,224.82,112.41,2,313,0.191,1,2,2,Hibernating,Scotland,Direct,45-54
C01631,0,47,2,143.05,71.53,1,28,2.069,4,2,1,Recent Customers,South East,Paid Search,18-24
C01635,0,62,3,686.57,228.86,2,514,0.175,4,3,4,Loyal Customers,London,Paid Search,55+
C01636,1,93,4,823.09,205.77,2,199,0.6,3,4,4,Loyal Customers,Wales,Social Media,35-44
C01638,1,175,1,44.46,44.46,1,0,30.0,3,1,1,Lost,London,Email,45-54
C01639,1,271,1,174.81,174.81,1,0,30.0,2,1,1,Hibernating,Yorkshire,Direct,35-44
C01640,0,2,5,1213.76,242.75,2,28,5.172,5,5,5,Champions,London,Direct,35-44
C01641,1,214,8,2566.84,320.86,3,844,0.284,2,5,5,Cannot Lose Them,South East,Direct,45-54
C01643,0,68,5,1858.65,371.73,3,939,0.16,4,5,5,Champions,South West,Organic Search,18-24
C01644,1,639,1,131.54,131.54,1,0,30.0,1,1,1,Hibernating,South East,Organic Search,18-24
C01645,0,39,1,101.54,101.54,1,0,30.0,4,1,1,Recent Customers,South East,Direct,35-44
C01646,1,184,1,692.86,692.86,1,0,30.0,2,1,4,Hibernating,North West,Social Media,25-34
C01647,1,398,5,701.17,140.23,1,637,0.235,1,5,4,Cannot Lose Them,North East,Email,35-44
C01648,0,24,1,119.91,119.91,1,0,30.0,5,1,1,Recent Customers,Wales,Organic Search,18-24
C01649,1,150,2,93.49,46.74,2,1179,0.051,3,2,1,Lost,London,Organic Search,35-44
C01651,1,515,2,116.81,58.4,2,327,0.183,1,2,1,Hibernating,South East,Organic Search,25-34
C01653,1,226,4,949.76,237.44,1,861,0.139,2,4,4,Cannot Lose Them,Wales,Social Media,35-44
C01654,1,971,1,34.79,34.79,1,0,30.0,1,1,1,Hibernating,Midlands,Organic Search,18-24
C01656,0,3,3,1835.81,611.94,2,12,6.923,5,3,5,Loyal Customers,South West,Organic Search,35-44
C01657,1,392,1,80.99,80.99,1,0,30.0,1,1,1,Hibernating,North West,Direct,55+
C01658,1,288,3,848.38,282.79,2,833,0.108,2,3,4,At Risk,London,Direct,55+
C01660,0,35,2,879.13,439.57,2,982,0.061,4,2,4,Recent Customers,South East,Email,18-24
C01661,0,16,8,3701.96,462.74,3,394,0.608,5,5,5,Champions,North East,Organic Search,25-34
C01662,1,179,3,550.99,183.66,2,901,0.1,2,3,3,At Risk,Scotland,Organic Search,25-34
C01663,1,550,3,246.04,82.01,2,103,0.865,1,3,2,At Risk,North East,Organic Search,35-44
C01664,1,175,4,689.33,172.33,2,86,1.379,3,4,4,Loyal Customers,North East,Paid Search,25-34
C01665,1,266,1,74.02,74.02,1,0,30.0,2,1,1,Hibernating,North West,Email,35-44
C01667,1,372,1,155.09,155.09,1,0,30.0,1,1,1,Hibernating,Midlands,Paid Search,35-44
C01668,1,332,5,639.55,127.91,1,890,0.168,2,5,4,Cannot Lose Them,North East,Social Media,35-44
C01671,1,164,4,602.31,150.58,1,853,0.141,3,4,3,Loyal Customers,London,Social Media,45-54
C01672,1,138,7,1680.87,240.12,3,378,0.554,3,5,5,Loyal Customers,London,Paid Search,25-34
C01673,0,1,3,719.78,239.93,2,41,2.143,5,3,4,Loyal Customers,Scotland,Paid Search,55+
C01674,1,114,3,433.4,144.47,3,521,0.172,3,3,3,Loyal Customers,North West,Organic Search,35-44
C01675,1,841,2,260.18,130.09,1,86,0.69,1,2,2,Hibernating,Yorkshire,Direct,25-34
C01677,1,202,3,584.67,194.89,2,173,0.517,2,3,3,At Risk,Scotland,Email,55+
C01679,1,182,2,623.39,311.7,1,195,0.306,2,2,3,Hibernating,Midlands,Paid Search,35-44
C01680,1,405,9,1577.86,175.32,4,886,0.304,1,5,5,Cannot Lose Them,London,Email,25-34
C01681,1,362,3,1091.09,363.7,2,75,1.184,2,3,5,At Risk,South East,Social Media,35-44
C01682,1,122,9,2383.26,264.81,3,219,1.227,3,5,5,Loyal Customers,Scotland,Organic Search,25-34
C01683,0,89,4,554.08,138.52,3,395,0.303,3,4,3,Loyal Customers,Scotland,Paid Search,25-34
C01684,0,27,1,266.45,266.45,1,0,30.0,5,1,2,Recent Customers,South West,Organic Search,35-44
C01685,0,13,10,1163.95,116.4,3,148,2.013,5,5,5,Champions,London,Referral,18-24
C01687,1,309,2,81.09,40.54,2,184,0.324,2,2,1,Hibernating,Wales,Email,18-24
C01688,1,526,5,559.5,111.9,1,393,0.381,1,5,3,Cannot Lose Them,Midlands,Organic Search,45-54
C01689,0,50,3,828.62,276.21,3,430,0.209,4,3,4,Loyal Customers,Scotland,Social Media,25-34
C01690,1,753,1,192.35,192.35,1,0,30.0,1,1,1,Hibernating,North West,Paid Search,45-54
C01692,0,55,8,1108.52,138.56,3,940,0.255,4,5,5,Champions,South East,Email,18-24
C01693,1,371,2,277.37,138.68,2,151,0.395,1,2,2,Hibernating,North West,Organic Search,25-34
C01694,1,117,4,978.35,244.59,3,845,0.142,3,4,4,Loyal Customers,North East,Paid Search,55+
C01695,1,118,1,59.1,59.1,1,0,30.0,3,1,1,Lost,London,Paid Search,25-34
C01696,0,13,5,2065.9,413.18,1,115,1.293,5,5,5,Champions,Scotland,Paid Search,18-24
C01697,1,117,4,204.05,51.01,3,1051,0.114,3,4,2,Loyal Customers,Yorkshire,Organic Search,25-34
C01698,1,455,1,48.04,48.04,1,0,30.0,1,1,1,Hibernating,South East,Referral,18-24
C01700,0,25,6,1571.88,261.98,2,306,0.586,5,5,5,Champions,Scotland,Email,45-54
C01701,1,628,6,1434.52,239.09,2,819,0.22,1,5,5,Cannot Lose Them,North West,Organic Search,25-34
C01702,1,239,2,94.31,47.16,1,700,0.086,2,2,1,Hibernating,Midlands,Organic Search,25-34
C01703,1,124,3,140.18,46.73,2,752,0.12,3,3,1,Loyal Customers,London,Email,25-34
C01706,1,94,7,1132.69,161.81,3,290,0.722,3,5,5,Loyal Customers,Scotland,Paid Search,25-34
C01707,1,437,3,561.02,187.01,3,846,0.106,1,3,3,At Risk,Yorkshire,Paid Search,25-34
C01709,0,43,9,1063.07,118.12,2,1319,0.205,4,5,5,Champions,London,Email,18-24
C01710,0,35,6,2291.06,381.84,1,394,0.456,4,5,5,Champions,Scotland,Email,55+
C01711,1,129,1,212.81,212.81,1,0,30.0,3,1,2,Lost,Scotland,Email,35-44
C01713,0,17,4,1506.17,376.54,2,239,0.5,5,4,5,Champions,North West,Social Media,18-24
C01714,1,111,6,1677.8,279.63,3,1132,0.159,3,5,5,Loyal Customers,Yorkshire,Email,35-44
C01715,1,529,2,284.63,142.32,2,131,0.455,1,2,2,Hibernating,Scotland,Direct,25-34
C01716,1,133,3,1049.7,349.9,3,493,0.182,3,3,5,Loyal Customers,Wales,Paid Search,25-34
C01717,0,22,2,303.3,151.65,2,582,0.103,5,2,2,Recent Customers,Scotland,Email,18-24
C01718,1,524,2,127.69,63.84,1,136,0.438,1,2,1,Hibernating,North West,Organic Search,25-34
C01719,1,387,1,35.31,35.31,1,0,30.0,1,1,1,Hibernating,London,Paid Search,35-44
C01720,1,694,2,820.0,410.0,1,85,0.698,1,2,4,Hibernating,Scotland,Organic Search,35-44
C01721,1,781,2,618.63,309.32,1,99,0.6,1,2,3,Hibernating,London,Organic Search,45-54
C01722,0,6,3,228.41,76.14,2,315,0.285,5,3,2,Loyal Customers,South West,Email,45-54
C01723,1,749,1,302.93,302.93,1,0,30.0,1,1,2,Hibernating,North West,Paid Search,18-24
C01724,1,101,2,839.08,419.54,2,990,0.061,3,2,4,Lost,London,Paid Search,25-34
C01725,0,63,2,252.32,126.16,1,43,1.364,4,2,2,Recent Customers,North West,Organic Search,55+
C01726,1,932,2,1140.85,570.42,2,179,0.333,1,2,5,Hibernating,Yorkshire,Paid Search,45-54
C01727,1,115,2,134.49,67.24,2,80,0.741,3,2,1,Lost,North West,Organic Search,35-44
C01729,1,106,5,409.86,81.97,1,570,0.263,3,5,3,Loyal Customers,South West,Paid Search,45-54
C01730,1,507,1,156.8,156.8,1,0,30.0,1,1,1,Hibernating,Midlands,Direct,45-54
C01731,0,2,5,627.56,125.51,3,752,0.199,5,5,4,Champions,Scotland,Paid Search,25-34
C01733,1,203,1,149.02,149.02,1,0,30.0,2,1,1,Hibernating,South East,Paid Search,25-34
C01734,0,31,4,376.62,94.16,1,581,0.206,5,4,2,Champions,South West,Organic Search,45-54
C01735,0,44,3,383.28,127.76,2,444,0.202,4,3,2,Loyal Customers,Wales,Social Media,25-34
C01736,1,474,1,138.05,138.05,1,0,30.0,1,1,1,Hibernating,Yorkshire,Email,25-34
C01737,0,36,3,101.68,33.89,3,200,0.448,4,3,1,Loyal Customers,London,Direct,55+
C01738,1,551,1,44.23,44.23,1,0,30.0,1,1,1,Hibernating,North West,Email,25-34
C01739,0,3,2,310.09,155.05,1,580,0.103,5,2,2,Recent Customers,Midlands,Social Media,25-34
C01740,1,142,1,110.28,110.28,1,0,30.0,3,1,1,Lost,Wales,Paid Search,18-24
C01741,1,126,1,505.07,505.07,1,0,30.0,3,1,3,Lost,South East,Organic Search,25-34
C01742,1,202,2,529.86,264.93,2,250,0.239,2,2,3,Hibernating,London,Social Media,45-54
C01743,1,117,1,178.12,178.12,1,0,30.0,3,1,1,Lost,North East,Direct,35-44
C01744,0,19,5,460.18,92.04,3,238,0.628,5,5,3,Champions,Wales,Email,35-44
C01745,0,1,2,240.61,120.3,1,13,4.286,5,2,2,Recent Customers,North West,Email,25-34
C01746,0,31,1,242.49,242.49,1,0,30.0,5,1,2,Recent Customers,North West,Organic Search,35-44
C01749,1,1073,2,117.71,58.86,1,367,0.163,1,2,1,Hibernating,South East,Direct,35-44
C01751,0,79,5,941.91,188.38,2,877,0.171,4,5,4,Champions,London,Paid Search,55+
C01752,1,237,2,67.83,33.92,2,364,0.164,2,2,1,Hibernating,Scotland,Direct,18-24
C01753,0,6,9,1929.04,214.34,5,1195,0.226,5,5,5,Champions,North West,Email,18-24
C01754,1,129,9,1556.06,172.9,2,827,0.326,3,5,5,Loyal Customers,London,Organic Search,25-34
C01755,1,185,1,358.27,358.27,1,0,30.0,2,1,2,Hibernating,Scotland,Email,45-54
C01756,1,125,6,1033.71,172.28,4,574,0.313,3,5,5,Loyal Customers,Scotland,Direct,35-44
C01757,1,95,5,769.69,153.94,5,503,0.298,3,5,4,Loyal Customers,Wales,Organic Search,25-34
C01758,1,128,3,537.86,179.29,2,859,0.105,3,3,3,Loyal Customers,Wales,Social Media,35-44
C01760,1,306,2,111.43,55.72,2,629,0.095,2,2,1,Hibernating,North East,Paid Search,25-34
C01761,1,490,3,430.27,143.42,3,289,0.31,1,3,3,At Risk,Midlands,Organic Search,55+
C01762,1,535,3,407.91,135.97,1,728,0.123,1,3,3,At Risk,South East,Paid Search,18-24
C01763,1,94,3,140.04,46.68,2,636,0.141,3,3,1,Loyal Customers,Yorkshire,Referral,45-54
C01764,1,174,1,135.43,135.43,1,0,30.0,3,1,1,Lost,London,Organic Search,55+
C01765,1,407,1,321.46,321.46,1,0,30.0,1,1,2,Hibernating,London,Direct,55+
C01766,0,88,3,346.89,115.63,2,794,0.113,3,3,2,Loyal Customers,Midlands,Referral,25-34
C01767,1,129,2,304.47,152.24,2,633,0.095,3,2,2,Lost,Scotland,Social Media,45-54
C01768,0,65,3,215.82,71.94,1,194,0.462,4,3,2,Loyal Customers,Wales,Email,45-54
C01769,0,58,3,297.46,99.15,3,961,0.094,4,3,2,Loyal Customers,Yorkshire,Paid Search,25-34
C01770,0,89,7,1390.38,198.63,2,835,0.251,3,5,5,Loyal Customers,London,Organic Search,35-44
C01771,1,453,2,410.15,205.08,1,160,0.373,1,2,3,Hibernating,Wales,Referral,35-44
C01772,1,243,9,2674.56,297.17,2,369,0.73,2,5,5,Cannot Lose Them,Scotland,Organic Search,35-44
C01773,0,75,1,344.22,344.22,1,0,30.0,4,1,2,Recent Customers,London,Referral,45-54
C01774,1,155,1,115.68,115.68,1,0,30.0,3,1,1,Lost,Yorkshire,Paid Search,35-44
C01776,1,287,2,207.07,103.54,1,106,0.561,2,2,2,Hibernating,Scotland,Organic Search,25-34
C01777,1,357,3,521.66,173.89,2,166,0.539,2,3,3,At Risk,North West,Direct,45-54
C01778,0,53,1,289.43,289.43,1,0,30.0,4,1,2,Recent Customers,Yorkshire,Paid Search,45-54
C01779,0,9,3,106.15,35.38,3,221,0.405,5,3,1,Loyal Customers,London,Organic Search,55+
C01780,1,747,5,1146.1,229.22,2,401,0.373,1,5,5,Cannot Lose Them,London,Paid Search,35-44
C01781,0,81,5,1116.8,223.36,2,850,0.176,4,5,5,Champions,South West,Social Media,55+
C01782,0,3,3,825.74,275.25,2,77,1.154,5,3,4,Loyal Customers,London,Organic Search,55+
C01783,0,1,1,192.42,192.42,1,0,30.0,5,1,1,Recent Customers,Scotland,Organic Search,18-24
C01785,1,201,4,515.94,128.98,2,520,0.23,2,4,3,Cannot Lose Them,South West,Organic Search,25-34
C01787,0,25,3,367.86,122.62,3,155,0.577,5,3,2,Loyal Customers,South West,Paid Search,55+
C01788,0,1,8,945.69,118.21,2,370,0.647,5,5,4,Champions,Midlands,Direct,18-24
C01790,0,9,3,658.99,219.66,1,13,6.429,5,3,4,Loyal Customers,South East,Direct,25-34
C01791,1,204,6,1246.36,207.73,3,1019,0.176,2,5,5,Cannot Lose Them,London,Paid Search,55+
C01793,1,210,3,888.8,296.27,2,925,0.097,2,3,4,At Risk,North East,Email,25-34
C01794,1,190,3,661.68,220.56,2,771,0.117,2,3,4,At Risk,South East,Organic Search,45-54
C01795,1,389,1,282.37,282.37,1,0,30.0,1,1,2,Hibernating,London,Paid Search,25-34
C01796,0,73,4,508.91,127.23,4,231,0.517,4,4,3,Champions,Yorkshire,Direct,25-34
C01797,1,338,1,45.9,45.9,1,0,30.0,2,1,1,Hibernating,London,Email,35-44
C01798,0,32,2,378.55,189.28,2,2,20.0,5,2,2,Recent Customers,North West,Paid Search,25-34
C01799,0,86,2,74.03,37.02,1,49,1.2,3,2,1,Lost,North West,Organic Search,45-54
C01800,1,414,3,283.54,94.51,2,166,0.539,1,3,2,At Risk,South West,Organic Search,25-34
C01801,1,502,5,721.39,144.28,2,576,0.26,1,5,4,Cannot Lose Them,London,Organic Search,45-54
C01802,1,163,3,907.1,302.37,2,351,0.256,3,3,4,Loyal Customers,North West,Social Media,25-34
C01803,0,7,8,1313.12,164.14,3,338,0.708,5,5,5,Champions,North West,Organic Search,25-34
C01804,1,116,5,657.34,131.47,2,745,0.201,3,5,4,Loyal Customers,North East,Organic Search,18-24
C01805,0,53,6,1825.05,304.18,2,1114,0.161,4,5,5,Champions,Scotland,Referral,45-54
C01806,1,143,1,163.96,163.96,1,0,30.0,3,1,1,Lost,South East,Social Media,35-44
C01808,1,649,1,121.22,121.22,1,0,30.0,1,1,1,Hibernating,Scotland,Organic Search,35-44
C01810,1,273,6,1676.05,279.34,3,670,0.268,2,5,5,Cannot Lose Them,London,Organic Search,18-24
C01811,0,76,4,290.93,72.73,2,346,0.346,4,4,2,Champions,South East,Paid Search,45-54
C01812,1,661,2,317.62,158.81,1,263,0.227,1,2,2,Hibernating,Midlands,Email,35-44
C01813,0,49,3,1205.99,402.0,2,994,0.09,4,3,5,Loyal Customers,South East,Organic Search,35-44
C01814,1,311,3,549.55,183.18,1,193,0.464,2,3,3,At Risk,South West,Organic Search,18-24
C01815,0,5,4,830.86,207.72,1,18,6.316,5,4,4,Champions,Yorkshire,Email,55+
C01816,0,28,1,223.57,223.57,1,0,30.0,5,1,2,Recent Customers,Yorkshire,Paid Search,55+
C01818,1,229,4,530.08,132.52,2,471,0.254,2,4,3,Cannot Lose Them,London,Social Media,55+
C01820,1,182,2,299.47,149.73,1,141,0.423,2,3,2,At Risk,London,Organic Search,25-34
C01821,1,103,7,2371.13,338.73,3,638,0.329,3,5,5,Loyal Customers,South East,Paid Search,25-34
C01822,1,325,1,404.91,404.91,1,0,30.0,2,1,3,Hibernating,North West,Organic Search,18-24
C01823,1,382,1,323.5,323.5,1,0,30.0,1,1,2,Hibernating,North East,Direct,18-24
C01824,1,672,3,336.95,112.32,1,170,0.526,1,3,2,At Risk,South West,Organic Search,18-24
C01825,1,540,3,615.87,205.29,3,429,0.209,1,3,3,At Risk,Wales,Email,35-44
C01826,0,74,4,761.82,190.46,1,117,1.017,4,4,4,Champions,North West,Email,55+
C01827,0,90,1,533.33,533.33,1,0,30.0,3,1,3,Lost,North East,Organic Search,18-24
C01828,1,164,4,626.16,156.54,3,352,0.34,3,4,4,Loyal Customers,South West,Email,55+
C01829,0,62,3,628.45,209.48,2,306,0.293,4,3,4,Loyal Customers,North West,Social Media,25-34
C01830,1,232,3,524.55,174.85,2,696,0.129,2,3,3,At Risk,North East,Email,35-44
C01831,0,10,1,114.95,114.95,1,0,30.0,5,1,1,Recent Customers,North West,Direct,55+
C01832,1,217,2,567.82,283.91,1,159,0.375,2,3,3,At Risk,Scotland,Paid Search,25-34
C01833,0,68,2,243.24,121.62,1,65,0.909,4,3,2,Loyal Customers,South East,Organic Search,55+
C01835,0,34,3,406.18,135.39,1,150,0.596,4,3,3,Loyal Customers,South East,Paid Search,55+
C01837,1,320,3,564.3,188.1,1,327,0.274,2,3,3,At Risk,South West,Organic Search,18-24
C01838,0,74,1,217.26,217.26,1,0,30.0,4,1,2,Recent Customers,London,Organic Search,25-34
C01839,0,88,2,150.01,75.0,2,458,0.131,3,3,1,Loyal Customers,Scotland,Direct,35-44
C01840,0,61,3,284.0,94.67,1,364,0.247,4,3,2,Loyal Customers,London,Organic Search,25-34
C01842,1,365,3,328.53,109.51,1,146,0.612,1,3,2,At Risk,North West,Email,25-34
C01844,1,133,2,137.83,68.92,1,180,0.331,3,3,1,Loyal Customers,Scotland,Social Media,35-44
C01845,1,614,1,321.47,321.47,1,0,30.0,1,1,2,Hibernating,Midlands,Paid Search,25-34
C01846,0,11,2,215.96,107.98,1,59,1.0,5,3,2,Loyal Customers,Scotland,Email,18-24
C01848,1,296,3,376.43,125.48,3,604,0.149,2,3,2,At Risk,Yorkshire,Paid Search,18-24
C01849,1,258,1,108.82,108.82,1,0,30.0,2,1,1,Hibernating,South West,Organic Search,25-34
C01850,0,43,2,184.36,92.18,2,92,0.645,4,3,1,Loyal Customers,London,Organic Search,45-54
C01852,1,216,1,55.99,55.99,1,0,30.0,2,1,1,Hibernating,South East,Email,55+
C01853,1,505,1,55.7,55.7,1,0,30.0,1,1,1,Hibernating,North West,Paid Search,25-34
C01854,1,313,3,338.74,112.91,2,93,0.957,2,3,2,At Risk,Scotland,Organic Search,35-44
C01855,0,72,5,1169.77,233.95,3,520,0.288,4,5,5,Champions,North West,Paid Search,35-44
C01856,0,34,1,284.1,284.1,1,0,30.0,4,1,2,Recent Customers,London,Organic Search,25-34
C01858,0,47,1,397.31,397.31,1,0,30.0,4,1,3,Recent Customers,South West,Email,35-44
C01859,1,93,5,1094.59,218.92,2,378,0.396,3,5,5,Loyal Customers,North West,Organic Search,45-54
C01860,1,219,5,644.41,128.88,2,932,0.161,2,5,4,Cannot Lose Them,North East,Organic Search,25-34
C01861,0,60,4,878.37,219.59,1,156,0.764,4,4,4,Champions,Yorkshire,Email,55+
C01863,0,63,1,353.9,353.9,1,0,30.0,4,1,2,Recent Customers,North West,Referral,25-34
C01864,1,344,2,167.91,83.96,2,74,0.8,2,3,1,At Risk,North West,Organic Search,55+
C01865,1,238,2,209.2,104.6,2,116,0.513,2,3,2,At Risk,Wales,Paid Search,45-54
C01866,0,35,4,696.05,174.01,2,403,0.297,4,4,4,Champions,London,Email,35-44
C01867,1,136,2,461.58,230.79,2,24,2.4,3,3,3,Loyal Customers,Wales,Paid Search,25-34
C01868,1,374,2,453.68,226.84,1,377,0.159,1,3,3,At Risk,North East,Organic Search,25-34
C01870,1,381,1,170.65,170.65,1,0,30.0,1,1,1,Hibernating,North West,Email,25-34
C01871,1,112,3,247.21,82.4,2,927,0.097,3,3,2,Loyal Customers,North East,Organic Search,25-34
C01872,1,226,2,430.92,215.46,2,158,0.377,2,3,3,At Risk,North West,Social Media,35-44
C01875,0,47,3,115.74,38.58,1,195,0.459,4,3,1,Loyal Customers,South East,Organic Search,45-54
C01876,0,6,5,1201.98,240.4,3,655,0.229,5,5,5,Champions,North West,Paid Search,35-44
C01877,1,377,3,600.44,200.15,2,454,0.198,1,3,3,At Risk,Scotland,Email,25-34
C01878,1,308,1,59.17,59.17,1,0,30.0,2,2,1,Hibernating,Midlands,Email,25-34
C01879,1,105,4,390.22,97.56,2,120,0.992,3,4,3,Loyal Customers,South East,Organic Search,18-24
C01880,1,432,1,172.21,172.21,1,0,30.0,1,2,1,Hibernating,Scotland,Social Media,45-54
C01881,0,26,6,2738.47,456.41,2,121,1.475,5,5,5,Champions,Yorkshire,Email,25-34
C01882,0,2,2,516.42,258.21,1,27,2.143,5,3,3,Loyal Customers,London,Organic Search,25-34
C01883,0,35,6,901.47,150.24,4,695,0.259,4,5,4,Champions,North West,Email,25-34
C01884,1,95,4,1557.52,389.38,1,44,2.667,3,4,5,Loyal Customers,South East,Email,25-34
C01885,0,5,1,109.41,109.41,1,0,30.0,5,2,1,Recent Customers,Scotland,Social Media,25-34
C01886,0,39,3,559.06,186.35,3,981,0.092,4,3,3,Loyal Customers,Scotland,Paid Search,18-24
C01887,0,15,4,644.15,161.04,2,225,0.531,5,4,4,Champions,North West,Organic Search,35-44
C01888,1,457,1,108.9,108.9,1,0,30.0,1,2,1,Hibernating,South West,Social Media,25-34
C01889,1,110,8,828.6,103.58,4,1092,0.22,3,5,4,Loyal Customers,North West,Organic Search,35-44
C01890,1,255,1,533.67,533.67,1,0,30.0,2,2,3,Hibernating,South West,Organic Search,35-44
C01891,1,1222,1,54.02,54.02,1,0,30.0,1,2,1,Hibernating,London,Social Media,35-44
C01892,1,582,5,426.88,85.38,2,801,0.187,1,5,3,Cannot Lose Them,London,Organic Search,35-44
C01893,0,70,2,195.62,97.81,2,493,0.121,4,3,1,Loyal Customers,North West,Organic Search,35-44
C01895,1,144,3,147.99,49.33,1,321,0.28,3,3,1,Loyal Customers,Scotland,Direct,45-54
C01896,1,224,2,605.84,302.92,2,18,3.158,2,3,3,At Risk,North West,Organic Search,35-44
C01897,1,454,5,270.44,54.09,1,772,0.194,1,5,2,Cannot Lose Them,Yorkshire,Organic Search,45-54
C01899,0,53,3,606.55,202.18,1,392,0.229,4,3,3,Loyal Customers,North West,Organic Search,18-24
C01900,1,271,4,935.13,233.78,2,201,0.594,2,4,4,Cannot Lose Them,South West,Email,25-34
C01901,1,160,2,261.08,130.54,1,326,0.183,3,3,2,Loyal Customers,North West,Email,35-44
C01902,1,448,4,883.41,220.85,2,812,0.148,1,4,4,Cannot Lose Them,London,Social Media,45-54
C01903,0,35,3,183.28,61.09,2,54,1.636,4,3,1,Loyal Customers,North West,Organic Search,35-44
C01904,1,117,4,1119.98,280.0,2,554,0.216,3,4,5,Loyal Customers,Midlands,Organic Search,35-44
C01906,0,69,4,585.74,146.44,2,367,0.326,4,4,3,Champions,Wales,Social Media,25-34
C01907,0,51,5,579.86,115.97,2,217,0.688,4,5,3,Champions,South West,Organic Search,25-34
C01908,0,15,5,1343.89,268.78,2,980,0.153,5,5,5,Champions,Yorkshire,Social Media,25-34
C01909,0,78,9,2914.18,323.8,2,537,0.502,4,5,5,Champions,London,Social Media,35-44
C01910,1,468,1,72.38,72.38,1,0,30.0,1,2,1,Hibernating,London,Email,45-54
C01911,1,332,2,301.25,150.62,1,748,0.08,2,3,2,At Risk,Midlands,Organic Search,35-44
C01912,1,349,3,965.55,321.85,1,271,0.331,2,3,4,At Risk,South East,Email,35-44
C01914,1,105,2,585.1,292.55,1,385,0.155,3,3,3,Loyal Customers,Midlands,Paid Search,18-24
C01915,1,989,2,829.8,414.9,2,15,3.75,1,3,4,At Risk,South East,Social Media,25-34
C01917,0,49,2,441.0,220.5,2,792,0.076,4,3,3,Loyal Customers,South West,Direct,55+
C01918,1,254,1,399.19,399.19,1,0,30.0,2,2,3,Hibernating,Scotland,Email,35-44
C01919,1,257,1,345.09,345.09,1,0,30.0,2,2,2,Hibernating,Yorkshire,Organic Search,25-34
C01920,0,51,6,832.2,138.7,5,244,0.735,4,5,4,Champions,London,Email,35-44
C01921,1,166,3,662.24,220.75,2,441,0.204,3,3,4,Loyal Customers,Yorkshire,Direct,55+
C01923,0,82,4,260.03,65.01,3,743,0.161,4,4,2,Champions,Scotland,Email,18-24
C01924,0,30,6,545.21,90.87,3,404,0.444,5,5,3,Champions,Scotland,Paid Search,35-44
C01925,1,301,3,862.35,287.45,2,271,0.331,2,3,4,At Risk,Scotland,Organic Search,18-24
C01926,1,1210,2,706.51,353.26,2,74,0.8,1,3,4,At Risk,Scotland,Paid Search,25-34
C01927,0,8,3,366.12,122.04,2,72,1.233,5,3,2,Loyal Customers,Midlands,Organic Search,45-54
C01928,1,170,8,1450.77,181.35,3,830,0.289,3,5,5,Loyal Customers,North East,Organic Search,25-34
C01931,0,27,3,221.74,73.91,2,149,0.6,5,3,2,Loyal Customers,London,Email,55+
C01932,1,665,1,75.36,75.36,1,0,30.0,1,2,1,Hibernating,Wales,Social Media,45-54
C01933,0,38,5,835.07,167.01,2,597,0.251,4,5,4,Champions,South East,Direct,25-34
C01934,0,16,3,888.63,296.21,3,27,3.214,5,3,4,Loyal Customers,Scotland,Direct,18-24
C01936,1,98,1,173.17,173.17,1,0,30.0,3,2,1,Lost,Yorkshire,Email,45-54
C01937,0,9,3,684.86,228.29,1,34,2.571,5,3,4,Loyal Customers,South West,Referral,25-34
C01938,1,799,5,1457.95,291.59,2,457,0.328,1,5,5,Cannot Lose Them,Scotland,Paid Search,45-54
C01939,0,26,2,350.21,175.1,1,488,0.123,5,3,2,Loyal Customers,North West,Referral,55+
C01940,1,788,3,397.38,132.46,2,43,2.045,1,3,3,At Risk,South East,Paid Search,18-24
C01941,1,267,3,701.09,233.7,1,400,0.224,2,3,4,At Risk,North West,Paid Search,35-44
C01942,1,207,4,299.24,74.81,2,931,0.129,2,4,2,Cannot Lose Them,Scotland,Paid Search,45-54
C01943,1,259,2,365.95,182.98,1,26,2.222,2,3,2,At Risk,London,Social Media,25-34
C01945,0,67,2,435.11,217.56,1,133,0.448,4,3,3,Loyal Customers,Midlands,Paid Search,45-54
C01946,1,1141,2,233.07,116.54,2,81,0.732,1,3,2,At Risk,Midlands,Email,35-44
C01947,1,255,2,440.77,220.38,2,32,1.818,2,3,3,At Risk,Scotland,Direct,55+
C01948,0,66,3,434.68,144.89,3,316,0.284,4,4,3,Champions,Scotland,Direct,35-44
C01950,1,230,1,358.3,358.3,1,0,30.0,2,2,2,Hibernating,Wales,Direct,45-54
C01951,0,10,6,1768.09,294.68,3,388,0.463,5,5,5,Champions,North West,Paid Search,25-34
C01952,1,355,5,858.91,171.78,3,852,0.176,2,5,4,Cannot Lose Them,Midlands,Social Media,55+
C01953,1,214,5,733.8,146.76,2,816,0.184,2,5,4,Cannot Lose Them,Yorkshire,Organic Search,35-44
C01954,0,85,5,713.3,142.66,1,111,1.339,4,5,4,Champions,South West,Email,35-44
C01956,1,142,2,462.6,231.3,1,600,0.1,3,3,3,Loyal Customers,North West,Email,45-54
C01958,1,1123,1,528.93,528.93,1,0,30.0,1,2,3,Hibernating,South West,Email,25-34
C01959,1,176,1,55.74,55.74,1,0,30.0,3,2,1,Lost,Scotland,Paid Search,18-24
C01960,0,47,2,478.58,239.29,1,107,0.556,4,3,3,Loyal Customers,London,Direct,35-44
C01961,0,1,4,578.77,144.69,3,1271,0.094,5,4,3,Champions,Midlands,Social Media,18-24
C01962,1,91,7,967.93,138.28,2,170,1.228,3,5,4,Loyal Customers,Midlands,Paid Search,25-34
C01963,1,110,2,274.11,137.06,1,71,0.833,3,3,2,Loyal Customers,Midlands,Email,25-34
C01965,1,475,3,185.82,61.94,2,191,0.469,1,4,1,Cannot Lose Them,North West,Paid Search,25-34
C01966,1,475,3,526.39,175.46,2,549,0.164,1,4,3,Cannot Lose Them,North East,Paid Search,25-34
C01967,0,71,7,469.75,67.11,3,143,1.458,4,5,3,Champions,Midlands,Organic Search,18-24
C01968,1,100,4,535.43,133.86,1,84,1.412,3,4,3,Loyal Customers,Midlands,Organic Search,25-34
C01969,0,5,4,516.81,129.2,1,925,0.13,5,4,3,Champions,North West,Paid Search,55+
C01970,0,53,3,1251.9,417.3,1,174,0.514,4,4,5,Champions,South East,Email,45-54
C01971,0,64,2,121.91,60.96,1,52,1.132,4,3,1,Loyal Customers,Scotland,Organic Search,25-34
C01972,1,467,1,156.25,156.25,1,0,30.0,1,2,1,Hibernating,Wales,Organic Search,45-54
C01973,0,14,3,973.36,324.45,2,38,2.308,5,4,4,Champions,North West,Email,35-44
C01974,1,139,1,226.0,226.0,1,0,30.0,3,2,2,Lost,North West,Organic Search,18-24
C01975,0,78,6,394.43,65.74,3,407,0.441,4,5,3,Champions,London,Paid Search,25-34
C01977,1,1028,1,51.88,51.88,1,0,30.0,1,2,1,Hibernating,Scotland,Direct,55+
C01978,0,7,2,616.47,308.24,2,207,0.288,5,3,3,Loyal Customers,North West,Paid Search,45-54
C01979,1,861,3,118.78,39.59,2,200,0.448,1,4,1,Cannot Lose Them,South East,Organic Search,35-44
C01980,1,1091,1,76.41,76.41,1,0,30.0,1,2,1,Hibernating,South East,Referral,18-24
C01981,0,34,8,1383.85,172.98,4,297,0.805,4,5,5,Champions,South West,Direct,45-54
C01982,1,682,1,349.64,349.64,1,0,30.0,1,2,2,Hibernating,Wales,Paid Search,25-34
C01984,0,88,3,742.8,247.6,2,202,0.443,3,4,4,Loyal Customers,South West,Direct,35-44
C01985,0,60,4,675.16,168.79,2,116,1.026,4,4,4,Champions,North West,Referral,35-44
C01986,0,7,4,681.76,170.44,2,11,10.0,5,4,4,Champions,Scotland,Direct,25-34
C01987,0,53,2,465.91,232.96,1,75,0.789,4,3,3,Loyal Customers,London,Paid Search,25-34
C01988,1,125,5,1149.7,229.94,1,238,0.628,3,5,5,Loyal Customers,South East,Paid Search,55+
C01989,0,43,6,773.23,128.87,2,977,0.184,4,5,4,Champions,London,Email,35-44
C01990,1,133,4,1593.01,398.25,2,170,0.702,3,4,5,Loyal Customers,North West,Paid Search,35-44
C01991,0,31,3,557.3,185.77,2,15,5.625,5,4,3,Champions,Scotland,Paid Search,18-24
C01993,0,29,6,2362.41,393.73,3,92,1.935,5,5,5,Champions,London,Social Media,25-34
C01995,0,78,1,204.14,204.14,1,0,30.0,4,2,2,Recent Customers,North East,Email,45-54
C01997,0,3,1,63.14,63.14,1,0,30.0,5,2,1,Recent Customers,South East,Social Media,18-24
C01999,1,191,6,985.58,164.26,4,434,0.414,2,5,4,Cannot Lose Them,North East,Organic Search,45-54
C02000,1,811,3,167.2,55.73,1,396,0.227,1,4,1,Cannot Lose Them,South East,Paid Search,25-34
