customer_id,registration_date,region,acquisition_channel,preferred_device,preferred_category,segment,base_purchase_prob,age_band
C00001,2024-02-01,South East,Social Media,Desktop,Electronics,New,0.38,18-24
C00002,2021-03-29,London,Email,Mobile,Beauty,At Risk,0.28,55+
C00003,2022-01-21,South East,Paid Search,Mobile,Electronics,Loyal,0.55,25-34
C00004,2023-12-19,London,Referral,Mobile,Clothing,At Risk,0.28,35-44
C00005,2024-06-21,London,Email,Mobile,Clothing,Hibernating,0.12,55+
C00006,2021-11-12,North West,Organic Search,Mobile,Clothing,Hibernating,0.12,35-44
C00007,2022-05-24,London,Paid Search,Mobile,Beauty,New,0.38,25-34
C00008,2022-07-20,South East,Referral,Desktop,Books,Hibernating,0.12,55+
C00009,2021-09-27,North West,Email,Mobile,Toys,New,0.38,45-54
C00010,2021-12-04,Midlands,Referral,Desktop,Clothing,Hibernating,0.12,25-34
C00011,2021-03-06,North West,Paid Search,Mobile,Clothing,Champions,0.72,25-34
C00012,2022-01-27,North East,Organic Search,Mobile,Clothing,New,0.38,45-54
C00013,2023-02-19,London,Paid Search,Mobile,Beauty,At Risk,0.28,35-44
C00014,2023-08-19,Wales,Social Media,Desktop,Clothing,At Risk,0.28,25-34
C00015,2023-03-06,North West,Organic Search,Mobile,Clothing,Hibernating,0.12,35-44
C00016,2022-07-18,South West,Organic Search,Desktop,Home & Garden,Hibernating,0.12,25-34
C00017,2022-06-09,South East,Organic Search,Tablet,Sports,Champions,0.72,35-44
C00018,2022-10-08,South East,Paid Search,Desktop,Electronics,At Risk,0.28,18-24
C00019,2024-06-08,South East,Email,Mobile,Electronics,Lost,0.05,25-34
C00020,2022-12-11,North West,Organic Search,Mobile,Electronics,Hibernating,0.12,55+
C00021,2024-10-29,Midlands,Paid Search,Mobile,Clothing,Loyal,0.55,25-34
C00022,2024-11-10,London,Referral,Mobile,Toys,New,0.38,25-34
C00023,2023-05-05,Scotland,Organic Search,Mobile,Electronics,Loyal,0.55,55+
C00024,2021-09-04,North East,Organic Search,Desktop,Electronics,New,0.38,35-44
C00025,2021-07-17,Scotland,Social Media,Mobile,Home & Garden,At Risk,0.28,35-44
C00026,2022-10-22,South East,Social Media,Desktop,Electronics,At Risk,0.28,18-24
C00027,2022-05-04,North West,Direct,Mobile,Electronics,New,0.38,18-24
C00028,2021-05-31,South West,Organic Search,Mobile,Toys,Hibernating,0.12,35-44
C00029,2023-05-31,London,Direct,Desktop,Home & Garden,Loyal,0.55,25-34
C00030,2024-01-28,Scotland,Direct,Mobile,Sports,New,0.38,45-54
C00031,2021-04-14,London,Organic Search,Desktop,Clothing,Hibernating,0.12,25-34
C00032,2021-12-04,Yorkshire,Referral,Mobile,Clothing,Hibernating,0.12,35-44
C00033,2023-03-27,South West,Social Media,Desktop,Home & Garden,New,0.38,18-24
C00034,2022-04-15,South East,Referral,Mobile,Sports,Loyal,0.55,35-44
C00035,2021-08-14,South West,Email,Desktop,Clothing,At Risk,0.28,35-44
C00036,2022-07-01,London,Referral,Mobile,Clothing,New,0.38,55+
C00037,2023-11-27,North West,Referral,Tablet,Sports,Lost,0.05,25-34
C00038,2023-09-08,South East,Paid Search,Mobile,Electronics,Loyal,0.55,45-54
C00039,2024-09-08,London,Email,Tablet,Clothing,Hibernating,0.12,35-44
C00040,2024-11-10,Scotland,Organic Search,Desktop,Home & Garden,At Risk,0.28,25-34
C00041,2022-06-22,Scotland,Direct,Mobile,Home & Garden,New,0.38,45-54
C00042,2021-11-17,North West,Organic Search,Desktop,Clothing,Champions,0.72,35-44
C00043,2022-12-28,North West,Organic Search,Tablet,Sports,New,0.38,45-54
C00044,2021-11-01,Scotland,Paid Search,Mobile,Home & Garden,Champions,0.72,45-54
C00045,2023-10-01,Yorkshire,Social Media,Mobile,Electronics,Lost,0.05,35-44
C00046,2023-07-25,Wales,Paid Search,Mobile,Beauty,New,0.38,25-34
C00047,2023-12-18,London,Referral,Desktop,Beauty,Champions,0.72,25-34
C00048,2023-12-18,Yorkshire,Organic Search,Mobile,Clothing,Lost,0.05,55+
C00049,2023-06-16,North East,Email,Desktop,Electronics,Lost,0.05,25-34
C00050,2023-09-24,North West,Organic Search,Mobile,Electronics,Loyal,0.55,55+
C00051,2022-03-29,London,Paid Search,Mobile,Clothing,At Risk,0.28,25-34
C00052,2021-01-23,Wales,Direct,Mobile,Clothing,Champions,0.72,55+
C00053,2023-02-08,South West,Email,Tablet,Books,Hibernating,0.12,45-54
C00054,2021-06-09,Midlands,Paid Search,Desktop,Electronics,Lost,0.05,35-44
C00055,2024-07-15,Wales,Direct,Mobile,Clothing,At Risk,0.28,18-24
C00056,2024-06-30,South West,Organic Search,Mobile,Sports,Champions,0.72,18-24
C00057,2022-02-22,Yorkshire,Email,Mobile,Books,Loyal,0.55,18-24
C00058,2022-12-30,South East,Organic Search,Desktop,Sports,New,0.38,55+
C00059,2023-09-05,Midlands,Direct,Mobile,Clothing,Loyal,0.55,35-44
C00060,2021-10-06,London,Direct,Mobile,Sports,New,0.38,25-34
C00061,2022-11-30,London,Referral,Desktop,Electronics,Champions,0.72,55+
C00062,2023-01-05,Midlands,Email,Mobile,Electronics,Lost,0.05,25-34
C00063,2023-06-10,Wales,Social Media,Mobile,Books,Loyal,0.55,55+
C00064,2022-02-02,Yorkshire,Direct,Mobile,Clothing,Hibernating,0.12,18-24
C00065,2024-01-03,Scotland,Social Media,Mobile,Clothing,New,0.38,25-34
C00066,2023-03-06,London,Organic Search,Tablet,Electronics,New,0.38,25-34
C00067,2022-05-15,Scotland,Email,Mobile,Beauty,Loyal,0.55,35-44
C00068,2023-05-26,North West,Direct,Mobile,Electronics,Hibernating,0.12,18-24
C00069,2024-05-28,North East,Social Media,Desktop,Beauty,Hibernating,0.12,35-44
C00070,2021-12-14,North West,Organic Search,Desktop,Clothing,Lost,0.05,55+
C00071,2022-11-16,London,Direct,Mobile,Toys,Lost,0.05,18-24
C00072,2024-06-04,London,Organic Search,Mobile,Electronics,New,0.38,55+
C00073,2024-07-06,London,Organic Search,Tablet,Sports,Lost,0.05,35-44
C00074,2022-10-30,London,Email,Mobile,Clothing,At Risk,0.28,25-34
C00075,2023-05-19,Wales,Email,Mobile,Electronics,Lost,0.05,45-54
C00076,2023-01-02,London,Organic Search,Tablet,Electronics,Loyal,0.55,35-44
C00077,2022-03-26,Scotland,Email,Mobile,Electronics,Champions,0.72,45-54
C00078,2021-05-26,London,Email,Mobile,Toys,Lost,0.05,45-54
C00079,2021-04-15,South East,Organic Search,Desktop,Sports,At Risk,0.28,55+
C00080,2023-02-10,North East,Direct,Desktop,Clothing,Hibernating,0.12,35-44
C00081,2021-01-01,Midlands,Organic Search,Desktop,Home & Garden,Lost,0.05,25-34
C00082,2024-01-01,Yorkshire,Paid Search,Desktop,Electronics,Champions,0.72,45-54
C00083,2021-08-24,Scotland,Paid Search,Mobile,Clothing,Hibernating,0.12,45-54
C00084,2023-05-03,Scotland,Direct,Desktop,Toys,New,0.38,35-44
C00085,2023-03-09,London,Social Media,Mobile,Electronics,Hibernating,0.12,55+
C00086,2022-06-26,Scotland,Direct,Mobile,Books,Hibernating,0.12,35-44
C00087,2023-09-11,Midlands,Paid Search,Mobile,Home & Garden,Champions,0.72,25-34
C00088,2021-04-21,London,Organic Search,Mobile,Home & Garden,Loyal,0.55,25-34
C00089,2021-10-08,Yorkshire,Email,Mobile,Clothing,Lost,0.05,18-24
C00090,2023-10-26,North West,Organic Search,Mobile,Home & Garden,At Risk,0.28,25-34
C00091,2023-12-06,Yorkshire,Email,Mobile,Beauty,At Risk,0.28,35-44
C00092,2021-08-27,London,Paid Search,Mobile,Sports,Hibernating,0.12,18-24
C00093,2024-06-30,Midlands,Direct,Mobile,Beauty,Lost,0.05,35-44
C00094,2024-11-10,London,Organic Search,Desktop,Sports,New,0.38,35-44
C00095,2024-07-21,Midlands,Organic Search,Mobile,Electronics,At Risk,0.28,18-24
C00096,2024-07-20,North West,Organic Search,Desktop,Home & Garden,Loyal,0.55,35-44
C00097,2021-03-08,Yorkshire,Email,Desktop,Home & Garden,New,0.38,35-44
C00098,2023-01-18,South East,Paid Search,Desktop,Home & Garden,Loyal,0.55,25-34
C00099,2023-05-27,Wales,Organic Search,Mobile,Electronics,At Risk,0.28,35-44
C00100,2024-10-05,South East,Organic Search,Desktop,Clothing,Loyal,0.55,35-44
C00101,2023-11-30,Wales,Direct,Mobile,Books,New,0.38,18-24
C00102,2021-04-28,London,Email,Tablet,Home & Garden,Loyal,0.55,35-44
C00103,2021-06-22,South East,Paid Search,Mobile,Home & Garden,New,0.38,25-34
C00104,2022-07-13,North East,Organic Search,Mobile,Books,New,0.38,25-34
C00105,2021-09-16,North West,Organic Search,Mobile,Toys,Champions,0.72,25-34
C00106,2021-11-17,London,Organic Search,Mobile,Home & Garden,Loyal,0.55,45-54
C00107,2024-01-24,Scotland,Referral,Mobile,Beauty,Lost,0.05,55+
C00108,2022-08-11,Wales,Social Media,Mobile,Beauty,At Risk,0.28,45-54
C00109,2024-06-06,London,Organic Search,Desktop,Home & Garden,Loyal,0.55,35-44
C00110,2021-05-12,Midlands,Email,Mobile,Beauty,At Risk,0.28,55+
C00111,2022-02-26,North West,Email,Mobile,Electronics,Hibernating,0.12,35-44
C00112,2023-04-01,Midlands,Organic Search,Tablet,Home & Garden,Lost,0.05,25-34
C00113,2023-11-05,Yorkshire,Social Media,Mobile,Toys,Lost,0.05,45-54
C00114,2023-10-18,North East,Organic Search,Mobile,Beauty,Loyal,0.55,45-54
C00115,2023-05-15,Midlands,Paid Search,Mobile,Home & Garden,Loyal,0.55,35-44
C00116,2024-07-08,North West,Social Media,Mobile,Home & Garden,Hibernating,0.12,35-44
C00117,2023-03-05,North West,Organic Search,Desktop,Home & Garden,Loyal,0.55,25-34
C00118,2023-03-26,Midlands,Direct,Mobile,Clothing,Loyal,0.55,25-34
C00119,2023-04-08,London,Direct,Desktop,Clothing,Hibernating,0.12,35-44
C00120,2023-10-06,Midlands,Paid Search,Desktop,Books,Hibernating,0.12,55+
C00121,2023-03-25,London,Organic Search,Desktop,Electronics,Loyal,0.55,25-34
C00122,2022-01-06,North West,Organic Search,Mobile,Sports,Hibernating,0.12,18-24
C00123,2023-07-26,North West,Direct,Tablet,Electronics,Loyal,0.55,35-44
C00124,2021-12-13,South East,Paid Search,Mobile,Clothing,At Risk,0.28,35-44
C00125,2022-12-11,South East,Social Media,Mobile,Clothing,Champions,0.72,25-34
C00126,2023-12-09,Wales,Organic Search,Mobile,Clothing,Loyal,0.55,55+
C00127,2022-07-15,South East,Paid Search,Mobile,Beauty,Loyal,0.55,25-34
C00128,2022-11-01,London,Paid Search,Mobile,Clothing,Loyal,0.55,45-54
C00129,2024-04-13,Midlands,Paid Search,Mobile,Beauty,Hibernating,0.12,18-24
C00130,2024-07-11,Wales,Paid Search,Mobile,Home & Garden,Lost,0.05,25-34
C00131,2021-03-28,Scotland,Direct,Mobile,Home & Garden,Lost,0.05,25-34
C00132,2022-03-19,Midlands,Paid Search,Mobile,Sports,Hibernating,0.12,35-44
C00133,2024-07-11,South East,Social Media,Desktop,Sports,Champions,0.72,25-34
C00134,2021-06-14,North West,Paid Search,Mobile,Home & Garden,Loyal,0.55,45-54
C00135,2024-01-14,South East,Email,Mobile,Sports,Champions,0.72,45-54
C00136,2023-01-16,North West,Organic Search,Desktop,Electronics,New,0.38,45-54
C00137,2023-06-24,South East,Direct,Desktop,Clothing,At Risk,0.28,45-54
C00138,2022-09-24,Yorkshire,Organic Search,Mobile,Home & Garden,Lost,0.05,45-54
C00139,2021-08-25,South East,Email,Mobile,Clothing,At Risk,0.28,55+
C00140,2022-09-02,London,Direct,Mobile,Home & Garden,Loyal,0.55,25-34
C00141,2023-11-07,Yorkshire,Social Media,Mobile,Clothing,At Risk,0.28,25-34
C00142,2024-08-03,Midlands,Email,Desktop,Clothing,Lost,0.05,55+
C00143,2023-07-11,North East,Paid Search,Mobile,Books,At Risk,0.28,25-34
C00144,2022-11-24,South East,Paid Search,Mobile,Electronics,Hibernating,0.12,45-54
C00145,2023-03-18,Wales,Paid Search,Tablet,Clothing,Hibernating,0.12,35-44
C00146,2023-01-21,Midlands,Organic Search,Mobile,Home & Garden,Loyal,0.55,25-34
C00147,2021-06-03,North West,Paid Search,Mobile,Beauty,At Risk,0.28,35-44
C00148,2021-01-25,Scotland,Social Media,Desktop,Clothing,Loyal,0.55,35-44
C00149,2021-10-02,Scotland,Referral,Desktop,Beauty,At Risk,0.28,35-44
C00150,2021-01-12,Scotland,Social Media,Desktop,Home & Garden,Hibernating,0.12,35-44
C00151,2022-12-11,Scotland,Email,Desktop,Clothing,Lost,0.05,35-44
C00152,2024-08-04,Wales,Organic Search,Mobile,Books,New,0.38,18-24
C00153,2022-09-21,South East,Organic Search,Mobile,Beauty,New,0.38,45-54
C00154,2022-01-07,South East,Social Media,Mobile,Home & Garden,New,0.38,25-34
C00155,2021-07-07,Scotland,Email,Mobile,Electronics,Hibernating,0.12,35-44
C00156,2022-05-12,South West,Social Media,Mobile,Electronics,Hibernating,0.12,45-54
C00157,2021-11-07,Wales,Organic Search,Mobile,Electronics,At Risk,0.28,55+
C00158,2023-11-29,London,Organic Search,Mobile,Electronics,Champions,0.72,35-44
C00159,2024-06-16,London,Paid Search,Mobile,Beauty,At Risk,0.28,18-24
C00160,2024-03-11,Scotland,Social Media,Desktop,Clothing,Loyal,0.55,55+
C00161,2022-08-08,North West,Organic Search,Tablet,Beauty,Loyal,0.55,25-34
C00162,2024-11-04,Scotland,Direct,Mobile,Home & Garden,At Risk,0.28,25-34
C00163,2022-07-18,North West,Social Media,Mobile,Sports,Champions,0.72,18-24
C00164,2024-02-05,South East,Organic Search,Desktop,Electronics,Loyal,0.55,18-24
C00165,2023-12-07,Yorkshire,Email,Mobile,Clothing,Loyal,0.55,35-44
C00166,2023-04-30,London,Social Media,Mobile,Clothing,New,0.38,35-44
C00167,2021-11-25,Scotland,Paid Search,Mobile,Clothing,Lost,0.05,35-44
C00168,2024-05-03,Scotland,Social Media,Desktop,Home & Garden,Lost,0.05,18-24
C00169,2023-09-11,London,Email,Mobile,Home & Garden,Loyal,0.55,55+
C00170,2023-08-31,Wales,Organic Search,Desktop,Home & Garden,Lost,0.05,55+
C00171,2024-09-08,South West,Email,Mobile,Sports,At Risk,0.28,45-54
C00172,2024-04-06,London,Organic Search,Mobile,Clothing,Loyal,0.55,55+
C00173,2021-12-22,North East,Organic Search,Desktop,Sports,Hibernating,0.12,18-24
C00174,2022-06-19,Scotland,Organic Search,Desktop,Clothing,Champions,0.72,35-44
C00175,2022-08-12,London,Organic Search,Desktop,Toys,Hibernating,0.12,35-44
C00176,2024-05-31,London,Social Media,Mobile,Electronics,At Risk,0.28,18-24
C00177,2024-06-10,North West,Email,Tablet,Clothing,Lost,0.05,55+
C00178,2022-04-29,South East,Social Media,Mobile,Home & Garden,Champions,0.72,25-34
C00179,2022-04-19,Scotland,Referral,Desktop,Electronics,Champions,0.72,35-44
C00180,2023-08-06,London,Organic Search,Mobile,Electronics,New,0.38,45-54
C00181,2022-07-24,London,Paid Search,Tablet,Clothing,Champions,0.72,45-54
C00182,2024-07-18,South West,Organic Search,Mobile,Beauty,New,0.38,35-44
C00183,2023-04-29,London,Social Media,Desktop,Sports,Lost,0.05,55+
C00184,2024-11-11,North West,Social Media,Desktop,Clothing,At Risk,0.28,45-54
C00185,2023-03-03,Scotland,Paid Search,Tablet,Clothing,At Risk,0.28,45-54
C00186,2024-08-25,Yorkshire,Email,Mobile,Beauty,Loyal,0.55,25-34
C00187,2022-01-13,Scotland,Paid Search,Mobile,Clothing,Hibernating,0.12,35-44
C00188,2022-06-05,Yorkshire,Organic Search,Desktop,Clothing,Loyal,0.55,45-54
C00189,2022-01-30,London,Paid Search,Desktop,Electronics,Lost,0.05,55+
C00190,2021-06-15,South West,Direct,Desktop,Clothing,Loyal,0.55,35-44
C00191,2024-01-17,London,Email,Mobile,Electronics,Loyal,0.55,25-34
C00192,2022-11-04,London,Paid Search,Mobile,Clothing,Hibernating,0.12,25-34
C00193,2022-08-12,North West,Organic Search,Mobile,Beauty,Champions,0.72,45-54
C00194,2023-09-21,South West,Referral,Mobile,Sports,Champions,0.72,35-44
C00195,2024-01-02,Midlands,Social Media,Desktop,Beauty,Champions,0.72,45-54
C00196,2024-09-03,Yorkshire,Email,Mobile,Home & Garden,Hibernating,0.12,45-54
C00197,2023-06-14,Yorkshire,Social Media,Mobile,Clothing,New,0.38,25-34
C00198,2023-06-28,Midlands,Paid Search,Mobile,Beauty,At Risk,0.28,45-54
C00199,2021-11-05,Yorkshire,Email,Desktop,Clothing,New,0.38,55+
C00200,2023-05-23,London,Paid Search,Mobile,Electronics,Hibernating,0.12,25-34
C00201,2023-06-22,Scotland,Social Media,Desktop,Electronics,At Risk,0.28,25-34
C00202,2024-10-19,Yorkshire,Email,Mobile,Home & Garden,New,0.38,18-24
C00203,2023-05-16,Scotland,Direct,Mobile,Clothing,Hibernating,0.12,35-44
C00204,2024-06-23,North West,Paid Search,Desktop,Clothing,At Risk,0.28,45-54
C00205,2021-04-10,London,Organic Search,Tablet,Clothing,Lost,0.05,45-54
C00206,2023-10-02,London,Paid Search,Desktop,Home & Garden,At Risk,0.28,35-44
C00207,2023-04-18,South East,Paid Search,Desktop,Clothing,New,0.38,35-44
C00208,2022-04-05,Wales,Paid Search,Mobile,Clothing,Loyal,0.55,25-34
C00209,2023-04-24,North West,Organic Search,Desktop,Beauty,New,0.38,25-34
C00210,2024-07-31,North East,Email,Mobile,Sports,Champions,0.72,45-54
C00211,2021-06-05,Midlands,Email,Mobile,Toys,Lost,0.05,18-24
C00212,2024-08-09,London,Organic Search,Mobile,Books,Lost,0.05,25-34
C00213,2023-10-06,South West,Paid Search,Mobile,Beauty,Hibernating,0.12,18-24
C00214,2021-08-05,Scotland,Paid Search,Mobile,Electronics,New,0.38,35-44
C00215,2021-05-31,South East,Social Media,Mobile,Home & Garden,Champions,0.72,55+
C00216,2021-05-09,London,Organic Search,Tablet,Clothing,New,0.38,35-44
C00217,2024-02-17,South West,Paid Search,Desktop,Sports,Lost,0.05,35-44
C00218,2022-08-11,Scotland,Direct,Desktop,Books,Loyal,0.55,45-54
C00219,2024-08-20,London,Email,Tablet,Clothing,New,0.38,55+
C00220,2024-01-18,North East,Email,Desktop,Sports,Lost,0.05,25-34
C00221,2022-05-09,North West,Direct,Desktop,Electronics,Lost,0.05,45-54
C00222,2024-09-29,South West,Paid Search,Desktop,Home & Garden,Loyal,0.55,35-44
C00223,2023-04-08,Midlands,Email,Mobile,Clothing,Hibernating,0.12,35-44
C00224,2023-08-26,Midlands,Paid Search,Mobile,Sports,New,0.38,35-44
C00225,2022-03-30,Scotland,Organic Search,Mobile,Home & Garden,Lost,0.05,25-34
C00226,2023-02-22,Midlands,Social Media,Desktop,Home & Garden,At Risk,0.28,45-54
C00227,2022-09-11,South West,Direct,Mobile,Books,Champions,0.72,18-24
C00228,2023-02-28,South East,Organic Search,Desktop,Home & Garden,At Risk,0.28,35-44
C00229,2023-01-21,Midlands,Organic Search,Desktop,Electronics,Hibernating,0.12,55+
C00230,2021-03-31,South East,Email,Mobile,Home & Garden,Loyal,0.55,45-54
C00231,2021-11-08,South East,Direct,Mobile,Clothing,New,0.38,45-54
C00232,2024-04-10,Midlands,Referral,Desktop,Sports,Champions,0.72,55+
C00233,2023-11-16,Midlands,Paid Search,Desktop,Books,Loyal,0.55,25-34
C00234,2024-03-23,South East,Social Media,Desktop,Home & Garden,Loyal,0.55,45-54
C00235,2023-07-04,Yorkshire,Email,Mobile,Beauty,Hibernating,0.12,45-54
C00236,2022-09-23,London,Paid Search,Mobile,Clothing,Hibernating,0.12,35-44
C00237,2023-08-27,Midlands,Paid Search,Tablet,Clothing,At Risk,0.28,35-44
C00238,2024-10-29,North East,Organic Search,Mobile,Sports,At Risk,0.28,35-44
C00239,2024-01-31,South East,Organic Search,Mobile,Sports,Hibernating,0.12,25-34
C00240,2022-10-10,North West,Email,Mobile,Sports,At Risk,0.28,35-44
C00241,2022-03-04,Midlands,Direct,Desktop,Home & Garden,Loyal,0.55,25-34
C00242,2024-07-06,London,Paid Search,Mobile,Toys,Loyal,0.55,25-34
C00243,2021-04-26,Midlands,Referral,Mobile,Beauty,Champions,0.72,25-34
C00244,2021-07-27,North West,Social Media,Mobile,Electronics,At Risk,0.28,55+
C00245,2022-05-30,South East,Paid Search,Mobile,Toys,Lost,0.05,55+
C00246,2021-12-30,South West,Organic Search,Mobile,Beauty,Loyal,0.55,45-54
C00247,2023-10-10,North East,Social Media,Mobile,Electronics,New,0.38,25-34
C00248,2021-12-27,Wales,Email,Mobile,Electronics,Champions,0.72,25-34
C00249,2024-05-04,London,Social Media,Mobile,Home & Garden,Lost,0.05,25-34
C00250,2021-01-12,London,Social Media,Mobile,Sports,Lost,0.05,45-54
C00251,2021-05-14,South East,Social Media,Mobile,Clothing,Loyal,0.55,25-34
C00252,2023-07-20,Wales,Email,Desktop,Clothing,At Risk,0.28,45-54
C00253,2021-06-13,London,Direct,Desktop,Electronics,Hibernating,0.12,55+
C00254,2023-06-21,North West,Organic Search,Mobile,Clothing,Loyal,0.55,55+
C00255,2023-11-02,North West,Paid Search,Mobile,Electronics,Lost,0.05,18-24
C00256,2022-01-25,London,Email,Mobile,Electronics,Champions,0.72,35-44
C00257,2023-02-17,Yorkshire,Social Media,Desktop,Electronics,Loyal,0.55,25-34
C00258,2024-01-28,North East,Organic Search,Mobile,Beauty,Champions,0.72,35-44
C00259,2023-02-24,South East,Organic Search,Desktop,Sports,Loyal,0.55,45-54
C00260,2023-02-07,North West,Paid Search,Desktop,Beauty,Loyal,0.55,45-54
C00261,2022-05-25,London,Paid Search,Desktop,Home & Garden,Loyal,0.55,35-44
C00262,2023-06-20,London,Organic Search,Tablet,Sports,Loyal,0.55,55+
C00263,2021-06-13,South East,Email,Mobile,Clothing,At Risk,0.28,18-24
C00264,2022-05-25,North West,Social Media,Mobile,Electronics,Loyal,0.55,25-34
C00265,2022-07-08,Scotland,Referral,Desktop,Electronics,New,0.38,35-44
C00266,2022-07-26,South East,Direct,Mobile,Beauty,Champions,0.72,45-54
C00267,2023-01-29,Scotland,Email,Desktop,Clothing,New,0.38,35-44
C00268,2022-04-12,Wales,Paid Search,Mobile,Clothing,Loyal,0.55,45-54
C00269,2024-11-09,London,Organic Search,Tablet,Beauty,Champions,0.72,25-34
C00270,2022-01-01,Wales,Direct,Desktop,Electronics,Lost,0.05,25-34
C00271,2023-02-12,North East,Organic Search,Mobile,Clothing,New,0.38,55+
C00272,2024-05-31,South East,Referral,Desktop,Clothing,New,0.38,25-34
C00273,2023-04-16,South West,Email,Mobile,Toys,New,0.38,45-54
C00274,2022-10-14,London,Paid Search,Tablet,Home & Garden,At Risk,0.28,35-44
C00275,2024-06-03,North West,Direct,Mobile,Electronics,Loyal,0.55,25-34
C00276,2021-05-04,London,Organic Search,Tablet,Home & Garden,At Risk,0.28,35-44
C00277,2021-04-23,South East,Social Media,Desktop,Sports,New,0.38,55+
C00278,2021-05-29,Yorkshire,Social Media,Desktop,Beauty,New,0.38,35-44
C00279,2021-07-22,North East,Organic Search,Mobile,Beauty,At Risk,0.28,18-24
C00280,2021-08-01,Scotland,Organic Search,Mobile,Sports,New,0.38,45-54
C00281,2022-02-25,Yorkshire,Organic Search,Mobile,Beauty,Hibernating,0.12,45-54
C00282,2024-10-22,North West,Organic Search,Mobile,Sports,Lost,0.05,45-54
C00283,2022-05-30,London,Paid Search,Desktop,Clothing,Lost,0.05,35-44
C00284,2021-10-29,South East,Paid Search,Desktop,Home & Garden,Hibernating,0.12,18-24
C00285,2022-08-25,Scotland,Organic Search,Desktop,Beauty,New,0.38,35-44
C00286,2023-10-12,Yorkshire,Organic Search,Mobile,Home & Garden,At Risk,0.28,45-54
C00287,2023-10-11,North West,Paid Search,Desktop,Clothing,Hibernating,0.12,35-44
C00288,2021-07-07,London,Email,Mobile,Home & Garden,New,0.38,18-24
C00289,2021-12-02,South West,Organic Search,Mobile,Home & Garden,Loyal,0.55,35-44
C00290,2024-04-26,Yorkshire,Organic Search,Mobile,Electronics,New,0.38,45-54
C00291,2023-09-25,Scotland,Email,Mobile,Clothing,Loyal,0.55,45-54
C00292,2022-04-26,South East,Email,Desktop,Toys,Champions,0.72,55+
C00293,2021-06-10,Midlands,Social Media,Mobile,Electronics,At Risk,0.28,45-54
C00294,2021-03-16,Wales,Organic Search,Mobile,Toys,New,0.38,25-34
C00295,2021-09-11,South West,Direct,Desktop,Clothing,Hibernating,0.12,45-54
C00296,2023-07-11,Scotland,Organic Search,Desktop,Electronics,Lost,0.05,35-44
C00297,2024-07-07,Scotland,Direct,Desktop,Clothing,Champions,0.72,18-24
C00298,2022-11-17,London,Social Media,Desktop,Books,Hibernating,0.12,18-24
C00299,2023-05-26,London,Organic Search,Mobile,Beauty,Champions,0.72,55+
C00300,2024-11-24,Yorkshire,Social Media,Mobile,Electronics,New,0.38,18-24
C00301,2022-08-19,Midlands,Paid Search,Mobile,Beauty,Hibernating,0.12,18-24
C00302,2024-11-23,South West,Referral,Mobile,Books,Champions,0.72,18-24
C00303,2022-05-07,Midlands,Paid Search,Tablet,Clothing,New,0.38,45-54
C00304,2023-09-11,South East,Direct,Tablet,Clothing,At Risk,0.28,18-24
C00305,2022-09-21,South East,Direct,Mobile,Home & Garden,Loyal,0.55,18-24
C00306,2024-10-09,Midlands,Social Media,Mobile,Home & Garden,At Risk,0.28,25-34
C00307,2022-09-02,London,Direct,Desktop,Home & Garden,Hibernating,0.12,35-44
C00308,2022-03-11,Midlands,Organic Search,Mobile,Sports,New,0.38,35-44
C00309,2021-08-31,South East,Organic Search,Mobile,Electronics,New,0.38,45-54
C00310,2021-08-02,London,Email,Mobile,Clothing,Champions,0.72,55+
C00311,2022-11-11,North East,Organic Search,Mobile,Electronics,Lost,0.05,55+
C00312,2024-01-26,Scotland,Paid Search,Mobile,Electronics,At Risk,0.28,18-24
C00313,2022-12-10,South East,Email,Mobile,Beauty,Lost,0.05,35-44
C00314,2024-01-01,North West,Direct,Mobile,Clothing,New,0.38,35-44
C00315,2024-07-15,Midlands,Paid Search,Desktop,Clothing,Loyal,0.55,35-44
C00316,2021-08-08,South East,Direct,Desktop,Clothing,Loyal,0.55,25-34
C00317,2023-08-24,Scotland,Organic Search,Desktop,Electronics,Lost,0.05,55+
C00318,2024-02-07,South West,Email,Mobile,Sports,Lost,0.05,25-34
C00319,2021-09-04,South West,Organic Search,Mobile,Sports,Loyal,0.55,25-34
C00320,2023-10-19,South East,Direct,Desktop,Home & Garden,New,0.38,45-54
C00321,2024-11-01,Scotland,Paid Search,Mobile,Electronics,At Risk,0.28,45-54
C00322,2022-04-21,South East,Organic Search,Mobile,Beauty,Hibernating,0.12,25-34
C00323,2022-06-30,Yorkshire,Social Media,Desktop,Home & Garden,At Risk,0.28,25-34
C00324,2023-04-17,Scotland,Organic Search,Mobile,Beauty,New,0.38,18-24
C00325,2022-04-28,London,Organic Search,Desktop,Clothing,New,0.38,45-54
C00326,2023-05-05,North West,Direct,Mobile,Electronics,Champions,0.72,18-24
C00327,2024-08-29,South West,Direct,Desktop,Beauty,At Risk,0.28,45-54
C00328,2023-04-25,South West,Direct,Mobile,Clothing,Lost,0.05,25-34
C00329,2022-07-12,Scotland,Email,Mobile,Toys,At Risk,0.28,18-24
C00330,2022-08-19,North West,Organic Search,Tablet,Clothing,Champions,0.72,45-54
C00331,2023-08-05,South West,Social Media,Tablet,Home & Garden,New,0.38,35-44
C00332,2024-10-30,Midlands,Paid Search,Mobile,Clothing,Hibernating,0.12,18-24
C00333,2022-04-10,London,Paid Search,Mobile,Home & Garden,Loyal,0.55,25-34
C00334,2021-11-30,London,Direct,Desktop,Home & Garden,New,0.38,35-44
C00335,2024-02-25,Midlands,Social Media,Mobile,Electronics,Hibernating,0.12,25-34
C00336,2022-05-09,Yorkshire,Organic Search,Desktop,Home & Garden,Lost,0.05,18-24
C00337,2024-05-09,South West,Social Media,Desktop,Home & Garden,Lost,0.05,35-44
C00338,2021-11-28,Yorkshire,Organic Search,Mobile,Clothing,Lost,0.05,25-34
C00339,2022-06-17,Midlands,Social Media,Mobile,Home & Garden,New,0.38,18-24
C00340,2024-11-30,Wales,Organic Search,Mobile,Electronics,New,0.38,55+
C00341,2024-01-16,Scotland,Organic Search,Mobile,Home & Garden,At Risk,0.28,55+
C00342,2024-11-04,Yorkshire,Paid Search,Desktop,Electronics,At Risk,0.28,25-34
C00343,2022-10-15,Scotland,Organic Search,Desktop,Sports,Hibernating,0.12,25-34
C00344,2021-12-07,South East,Paid Search,Mobile,Clothing,At Risk,0.28,45-54
C00345,2023-03-28,London,Paid Search,Mobile,Sports,Hibernating,0.12,35-44
C00346,2023-02-18,Yorkshire,Direct,Mobile,Electronics,Champions,0.72,45-54
C00347,2022-08-07,South West,Email,Mobile,Sports,Lost,0.05,55+
C00348,2024-06-27,Scotland,Organic Search,Desktop,Sports,New,0.38,18-24
C00349,2023-04-30,South West,Social Media,Desktop,Clothing,Loyal,0.55,35-44
C00350,2023-07-25,London,Organic Search,Mobile,Books,New,0.38,35-44
C00351,2021-04-15,Scotland,Email,Mobile,Clothing,New,0.38,18-24
C00352,2023-02-10,London,Direct,Mobile,Home & Garden,New,0.38,18-24
C00353,2024-01-10,Midlands,Paid Search,Mobile,Electronics,New,0.38,55+
C00354,2022-07-28,North West,Social Media,Desktop,Sports,Hibernating,0.12,35-44
C00355,2022-02-24,South East,Paid Search,Desktop,Electronics,New,0.38,45-54
C00356,2021-07-14,Scotland,Paid Search,Mobile,Home & Garden,Lost,0.05,25-34
C00357,2024-02-16,South West,Paid Search,Mobile,Electronics,New,0.38,18-24
C00358,2023-04-13,London,Organic Search,Desktop,Home & Garden,At Risk,0.28,25-34
C00359,2021-05-06,London,Social Media,Mobile,Sports,Hibernating,0.12,35-44
C00360,2023-04-13,London,Referral,Mobile,Toys,Loyal,0.55,35-44
C00361,2022-07-11,London,Organic Search,Mobile,Clothing,At Risk,0.28,18-24
C00362,2021-05-05,South East,Direct,Mobile,Books,At Risk,0.28,25-34
C00363,2024-01-16,Wales,Email,Mobile,Home & Garden,At Risk,0.28,25-34
C00364,2021-04-19,North East,Referral,Mobile,Home & Garden,Lost,0.05,25-34
C00365,2023-04-01,Yorkshire,Paid Search,Mobile,Clothing,New,0.38,18-24
C00366,2023-07-31,South East,Social Media,Mobile,Clothing,New,0.38,35-44
C00367,2022-04-28,Scotland,Organic Search,Desktop,Beauty,Loyal,0.55,25-34
C00368,2024-05-22,Midlands,Organic Search,Mobile,Clothing,Hibernating,0.12,35-44
C00369,2021-06-13,London,Email,Desktop,Electronics,Lost,0.05,35-44
C00370,2021-09-03,Scotland,Organic Search,Desktop,Clothing,Loyal,0.55,45-54
C00371,2023-06-02,Wales,Paid Search,Desktop,Home & Garden,At Risk,0.28,25-34
C00372,2024-01-31,Midlands,Paid Search,Desktop,Books,Hibernating,0.12,25-34
C00373,2023-09-01,Yorkshire,Email,Desktop,Sports,At Risk,0.28,35-44
C00374,2022-05-26,Scotland,Paid Search,Desktop,Sports,Loyal,0.55,18-24
C00375,2024-09-08,Yorkshire,Email,Tablet,Clothing,At Risk,0.28,35-44
C00376,2024-10-04,Scotland,Email,Desktop,Home & Garden,Champions,0.72,45-54
C00377,2022-11-27,Scotland,Referral,Mobile,Toys,Hibernating,0.12,18-24
C00378,2022-06-26,North East,Social Media,Desktop,Clothing,Champions,0.72,45-54
C00379,2021-07-07,North East,Social Media,Desktop,Clothing,New,0.38,35-44
C00380,2023-07-31,South West,Organic Search,Mobile,Home & Garden,Loyal,0.55,35-44
C00381,2024-08-06,London,Direct,Desktop,Clothing,Champions,0.72,45-54
C00382,2024-11-04,London,Organic Search,Mobile,Electronics,New,0.38,25-34
C00383,2021-10-22,South East,Organic Search,Mobile,Clothing,At Risk,0.28,35-44
C00384,2021-11-17,South East,Organic Search,Mobile,Electronics,Hibernating,0.12,45-54
C00385,2021-01-31,Yorkshire,Paid Search,Desktop,Home & Garden,Lost,0.05,18-24
C00386,2021-06-09,Yorkshire,Organic Search,Mobile,Electronics,Hibernating,0.12,35-44
C00387,2021-09-17,North East,Organic Search,Mobile,Electronics,Loyal,0.55,18-24
C00388,2021-12-20,South East,Paid Search,Mobile,Clothing,New,0.38,45-54
C00389,2024-01-25,Scotland,Email,Mobile,Electronics,Hibernating,0.12,55+
C00390,2024-03-26,Scotland,Organic Search,Mobile,Sports,Lost,0.05,35-44
C00391,2023-06-30,North West,Paid Search,Tablet,Home & Garden,Lost,0.05,18-24
C00392,2022-04-16,North West,Email,Desktop,Clothing,Hibernating,0.12,25-34
C00393,2021-08-23,Wales,Social Media,Tablet,Beauty,New,0.38,25-34
C00394,2022-06-17,Midlands,Referral,Mobile,Electronics,At Risk,0.28,25-34
C00395,2023-10-21,Yorkshire,Organic Search,Mobile,Electronics,At Risk,0.28,18-24
C00396,2023-11-03,Scotland,Direct,Mobile,Home & Garden,At Risk,0.28,35-44
C00397,2023-08-10,Scotland,Social Media,Mobile,Electronics,New,0.38,55+
C00398,2021-10-01,Wales,Organic Search,Desktop,Electronics,New,0.38,35-44
C00399,2024-06-29,South West,Social Media,Desktop,Home & Garden,Champions,0.72,18-24
C00400,2022-07-12,Scotland,Social Media,Desktop,Books,Loyal,0.55,18-24
C00401,2022-01-22,Midlands,Email,Mobile,Electronics,At Risk,0.28,55+
C00402,2024-04-26,North East,Paid Search,Mobile,Clothing,At Risk,0.28,18-24
C00403,2021-06-24,London,Organic Search,Mobile,Electronics,New,0.38,45-54
C00404,2022-06-03,North West,Organic Search,Mobile,Home & Garden,At Risk,0.28,55+
C00405,2022-09-15,Midlands,Social Media,Desktop,Electronics,New,0.38,25-34
C00406,2023-12-19,London,Organic Search,Mobile,Electronics,At Risk,0.28,45-54
C00407,2022-04-16,Midlands,Referral,Mobile,Home & Garden,New,0.38,35-44
C00408,2024-09-16,London,Paid Search,Mobile,Clothing,Lost,0.05,18-24
C00409,2021-01-26,South East,Organic Search,Tablet,Home & Garden,New,0.38,55+
C00410,2023-05-13,South East,Paid Search,Desktop,Electronics,New,0.38,35-44
C00411,2022-07-13,South West,Email,Tablet,Electronics,Champions,0.72,25-34
C00412,2021-09-05,Wales,Email,Mobile,Home & Garden,Loyal,0.55,35-44
C00413,2022-03-29,Wales,Social Media,Mobile,Clothing,Hibernating,0.12,35-44
C00414,2021-01-03,Yorkshire,Organic Search,Mobile,Sports,Loyal,0.55,55+
C00415,2021-11-29,North West,Email,Mobile,Home & Garden,Hibernating,0.12,35-44
C00416,2022-11-27,Wales,Email,Mobile,Electronics,New,0.38,35-44
C00417,2021-11-07,London,Organic Search,Desktop,Beauty,Loyal,0.55,25-34
C00418,2024-07-20,Yorkshire,Referral,Desktop,Clothing,Lost,0.05,35-44
C00419,2024-10-07,South East,Paid Search,Desktop,Toys,At Risk,0.28,45-54
C00420,2021-04-03,London,Organic Search,Mobile,Books,Hibernating,0.12,25-34
C00421,2021-06-20,Scotland,Organic Search,Mobile,Sports,Champions,0.72,25-34
C00422,2024-03-24,Yorkshire,Email,Mobile,Electronics,Champions,0.72,25-34
C00423,2022-10-29,Yorkshire,Paid Search,Mobile,Home & Garden,Lost,0.05,18-24
C00424,2024-10-14,North West,Social Media,Mobile,Home & Garden,Hibernating,0.12,25-34
C00425,2021-11-20,Scotland,Direct,Tablet,Clothing,New,0.38,45-54
C00426,2023-12-01,London,Organic Search,Desktop,Electronics,Champions,0.72,55+
C00427,2022-12-10,Midlands,Paid Search,Mobile,Sports,New,0.38,18-24
C00428,2021-07-18,Wales,Direct,Mobile,Beauty,Lost,0.05,35-44
C00429,2024-11-23,South East,Organic Search,Mobile,Home & Garden,Hibernating,0.12,18-24
C00430,2022-04-20,Wales,Paid Search,Mobile,Sports,Champions,0.72,45-54
C00431,2021-07-08,North East,Paid Search,Desktop,Home & Garden,New,0.38,35-44
C00432,2024-04-19,North West,Organic Search,Mobile,Beauty,Loyal,0.55,18-24
C00433,2022-12-01,London,Referral,Mobile,Electronics,Hibernating,0.12,25-34
C00434,2022-01-19,North East,Referral,Mobile,Home & Garden,Champions,0.72,45-54
C00435,2024-09-28,Scotland,Social Media,Mobile,Clothing,Hibernating,0.12,18-24
C00436,2022-05-11,Scotland,Referral,Desktop,Electronics,Lost,0.05,35-44
C00437,2023-01-23,North West,Social Media,Mobile,Clothing,At Risk,0.28,35-44
C00438,2023-09-04,London,Organic Search,Desktop,Electronics,Lost,0.05,45-54
C00439,2023-07-06,North East,Social Media,Mobile,Toys,Hibernating,0.12,25-34
C00440,2024-05-02,South West,Paid Search,Tablet,Beauty,New,0.38,45-54
C00441,2021-11-09,Scotland,Organic Search,Mobile,Electronics,Loyal,0.55,55+
C00442,2024-09-22,North East,Email,Tablet,Electronics,New,0.38,25-34
C00443,2024-01-29,North East,Paid Search,Mobile,Sports,New,0.38,18-24
C00444,2023-04-06,Scotland,Organic Search,Mobile,Home & Garden,Hibernating,0.12,45-54
C00445,2023-09-20,London,Paid Search,Desktop,Sports,Lost,0.05,25-34
C00446,2022-10-21,London,Direct,Mobile,Electronics,At Risk,0.28,25-34
C00447,2024-10-31,Yorkshire,Organic Search,Mobile,Books,New,0.38,45-54
C00448,2023-10-12,London,Email,Mobile,Home & Garden,Lost,0.05,25-34
C00449,2021-11-27,North West,Direct,Mobile,Sports,Loyal,0.55,35-44
C00450,2023-06-07,South East,Paid Search,Desktop,Electronics,New,0.38,18-24
C00451,2022-07-13,Wales,Social Media,Desktop,Clothing,At Risk,0.28,45-54
C00452,2021-05-08,London,Organic Search,Mobile,Electronics,New,0.38,55+
C00453,2021-08-06,Wales,Organic Search,Mobile,Toys,At Risk,0.28,35-44
C00454,2024-01-11,North West,Paid Search,Mobile,Clothing,New,0.38,25-34
C00455,2024-09-30,Midlands,Email,Desktop,Clothing,New,0.38,35-44
C00456,2021-08-07,Wales,Organic Search,Mobile,Home & Garden,Champions,0.72,35-44
C00457,2022-01-02,South West,Social Media,Mobile,Home & Garden,Hibernating,0.12,35-44
C00458,2024-10-07,South East,Organic Search,Desktop,Sports,Hibernating,0.12,55+
C00459,2024-03-23,Midlands,Organic Search,Tablet,Clothing,At Risk,0.28,45-54
C00460,2023-05-18,South West,Paid Search,Mobile,Home & Garden,New,0.38,25-34
C00461,2024-04-02,South East,Social Media,Desktop,Beauty,Lost,0.05,25-34
C00462,2024-04-04,London,Paid Search,Mobile,Beauty,Loyal,0.55,55+
C00463,2022-01-02,North West,Social Media,Mobile,Home & Garden,Loyal,0.55,35-44
C00464,2022-01-12,South West,Organic Search,Desktop,Sports,New,0.38,18-24
C00465,2023-12-07,North West,Organic Search,Mobile,Books,Champions,0.72,25-34
C00466,2023-08-04,Midlands,Email,Mobile,Books,New,0.38,45-54
C00467,2022-10-01,Wales,Email,Mobile,Home & Garden,New,0.38,45-54
C00468,2022-08-26,London,Paid Search,Tablet,Home & Garden,Hibernating,0.12,35-44
C00469,2024-10-24,Scotland,Direct,Mobile,Beauty,Lost,0.05,25-34
C00470,2021-12-29,Scotland,Paid Search,Mobile,Clothing,New,0.38,45-54
C00471,2021-03-04,Yorkshire,Organic Search,Mobile,Home & Garden,Loyal,0.55,18-24
C00472,2023-04-02,South East,Organic Search,Desktop,Clothing,Champions,0.72,25-34
C00473,2023-11-28,Yorkshire,Social Media,Tablet,Beauty,Loyal,0.55,45-54
C00474,2021-10-30,London,Organic Search,Mobile,Clothing,New,0.38,35-44
C00475,2021-10-04,London,Direct,Desktop,Clothing,New,0.38,45-54
C00476,2024-11-13,North West,Paid Search,Tablet,Sports,At Risk,0.28,18-24
C00477,2021-05-17,Scotland,Paid Search,Mobile,Beauty,Champions,0.72,55+
C00478,2021-03-17,North East,Paid Search,Desktop,Clothing,Lost,0.05,35-44
C00479,2022-10-15,North West,Paid Search,Mobile,Beauty,New,0.38,45-54
C00480,2022-04-30,Yorkshire,Organic Search,Mobile,Clothing,New,0.38,25-34
C00481,2023-07-27,London,Email,Desktop,Clothing,Lost,0.05,25-34
C00482,2023-11-01,London,Paid Search,Mobile,Clothing,Loyal,0.55,55+
C00483,2021-12-29,North West,Paid Search,Mobile,Beauty,Hibernating,0.12,45-54
C00484,2022-03-25,North West,Email,Mobile,Clothing,Loyal,0.55,55+
C00485,2022-07-14,London,Paid Search,Mobile,Beauty,Hibernating,0.12,25-34
C00486,2024-09-10,South West,Social Media,Tablet,Beauty,New,0.38,35-44
C00487,2021-06-20,Yorkshire,Email,Desktop,Beauty,Champions,0.72,25-34
C00488,2021-01-25,South West,Social Media,Mobile,Sports,New,0.38,25-34
C00489,2024-10-19,Scotland,Paid Search,Mobile,Sports,At Risk,0.28,55+
C00490,2023-06-18,North West,Email,Mobile,Electronics,Champions,0.72,25-34
C00491,2022-06-18,South East,Social Media,Desktop,Home & Garden,At Risk,0.28,55+
C00492,2021-03-23,Scotland,Paid Search,Tablet,Home & Garden,At Risk,0.28,25-34
C00493,2021-01-03,North West,Organic Search,Mobile,Electronics,At Risk,0.28,45-54
C00494,2024-02-20,Wales,Paid Search,Desktop,Sports,At Risk,0.28,25-34
C00495,2022-11-02,North East,Email,Mobile,Beauty,New,0.38,35-44
C00496,2024-10-23,Scotland,Paid Search,Mobile,Home & Garden,New,0.38,35-44
C00497,2022-07-25,South East,Direct,Desktop,Books,Loyal,0.55,45-54
C00498,2023-06-18,North East,Direct,Mobile,Beauty,At Risk,0.28,25-34
C00499,2024-07-16,North West,Email,Mobile,Home & Garden,New,0.38,45-54
C00500,2023-01-04,Yorkshire,Organic Search,Mobile,Beauty,Lost,0.05,25-34
C00501,2023-05-08,Wales,Paid Search,Mobile,Home & Garden,At Risk,0.28,35-44
C00502,2024-05-30,Yorkshire,Social Media,Mobile,Clothing,Loyal,0.55,35-44
C00503,2023-06-22,South West,Social Media,Desktop,Beauty,Loyal,0.55,25-34
C00504,2024-09-25,North East,Organic Search,Mobile,Electronics,New,0.38,25-34
C00505,2023-06-12,South East,Email,Mobile,Home & Garden,Lost,0.05,25-34
C00506,2021-02-25,Yorkshire,Social Media,Mobile,Home & Garden,Loyal,0.55,18-24
C00507,2024-07-11,Midlands,Organic Search,Mobile,Toys,Loyal,0.55,25-34
C00508,2023-03-10,South West,Organic Search,Mobile,Home & Garden,New,0.38,25-34
C00509,2023-02-20,London,Paid Search,Desktop,Home & Garden,Loyal,0.55,25-34
C00510,2024-08-20,London,Organic Search,Desktop,Beauty,At Risk,0.28,25-34
C00511,2021-07-26,London,Direct,Mobile,Electronics,Hibernating,0.12,25-34
C00512,2021-03-09,North East,Paid Search,Desktop,Electronics,Lost,0.05,25-34
C00513,2021-07-30,North West,Paid Search,Desktop,Home & Garden,Lost,0.05,35-44
C00514,2023-02-19,Scotland,Paid Search,Tablet,Home & Garden,Hibernating,0.12,55+
C00515,2021-07-08,South West,Paid Search,Tablet,Clothing,New,0.38,35-44
C00516,2022-07-25,South West,Organic Search,Mobile,Home & Garden,New,0.38,35-44
C00517,2022-09-08,Yorkshire,Email,Desktop,Clothing,New,0.38,18-24
C00518,2024-02-10,London,Paid Search,Mobile,Beauty,Champions,0.72,55+
C00519,2024-03-25,North West,Organic Search,Mobile,Clothing,Hibernating,0.12,55+
C00520,2023-05-26,London,Organic Search,Mobile,Clothing,At Risk,0.28,35-44
C00521,2022-09-20,South West,Email,Mobile,Toys,Loyal,0.55,35-44
C00522,2021-06-04,South East,Social Media,Tablet,Clothing,New,0.38,55+
C00523,2024-05-31,Yorkshire,Social Media,Mobile,Electronics,Lost,0.05,18-24
C00524,2024-07-15,Scotland,Direct,Mobile,Electronics,New,0.38,18-24
C00525,2021-12-30,Yorkshire,Organic Search,Tablet,Clothing,Loyal,0.55,25-34
C00526,2024-01-13,North East,Referral,Mobile,Clothing,Lost,0.05,45-54
C00527,2021-04-20,South East,Organic Search,Desktop,Electronics,New,0.38,25-34
C00528,2023-11-03,South East,Social Media,Mobile,Electronics,Champions,0.72,45-54
C00529,2024-10-31,Yorkshire,Paid Search,Mobile,Sports,Champions,0.72,18-24
C00530,2022-05-01,South East,Paid Search,Mobile,Clothing,New,0.38,45-54
C00531,2023-12-25,South East,Social Media,Mobile,Electronics,At Risk,0.28,35-44
C00532,2024-01-18,South West,Social Media,Desktop,Electronics,Hibernating,0.12,35-44
C00533,2022-11-10,North East,Direct,Mobile,Home & Garden,Hibernating,0.12,35-44
C00534,2021-07-20,Yorkshire,Social Media,Mobile,Sports,Hibernating,0.12,25-34
C00535,2021-07-06,London,Organic Search,Tablet,Clothing,New,0.38,35-44
C00536,2023-10-14,Scotland,Paid Search,Tablet,Books,Hibernating,0.12,45-54
C00537,2024-04-25,Midlands,Organic Search,Mobile,Clothing,Loyal,0.55,25-34
C00538,2023-01-08,Midlands,Email,Mobile,Electronics,Lost,0.05,45-54
C00539,2023-06-25,London,Email,Desktop,Beauty,At Risk,0.28,25-34
C00540,2024-09-30,South East,Email,Mobile,Home & Garden,Champions,0.72,45-54
C00541,2022-10-01,London,Paid Search,Mobile,Clothing,Hibernating,0.12,35-44
C00542,2024-07-20,South East,Direct,Tablet,Home & Garden,Loyal,0.55,55+
C00543,2024-02-09,Yorkshire,Paid Search,Desktop,Clothing,Lost,0.05,35-44
C00544,2022-12-23,South West,Direct,Mobile,Beauty,Hibernating,0.12,35-44
C00545,2024-04-09,South East,Paid Search,Mobile,Home & Garden,Champions,0.72,55+
C00546,2022-12-15,London,Email,Mobile,Sports,New,0.38,55+
C00547,2024-10-22,London,Paid Search,Mobile,Clothing,Loyal,0.55,45-54
C00548,2023-09-01,South East,Direct,Desktop,Home & Garden,Lost,0.05,25-34
C00549,2023-06-02,London,Social Media,Mobile,Home & Garden,New,0.38,35-44
C00550,2022-01-25,South East,Social Media,Mobile,Clothing,At Risk,0.28,25-34
C00551,2024-10-26,London,Referral,Desktop,Books,At Risk,0.28,25-34
C00552,2021-09-30,South East,Organic Search,Desktop,Home & Garden,New,0.38,35-44
C00553,2024-05-26,North West,Paid Search,Desktop,Home & Garden,Lost,0.05,25-34
C00554,2022-12-01,South East,Paid Search,Mobile,Electronics,Lost,0.05,25-34
C00555,2021-07-29,Midlands,Referral,Tablet,Electronics,Lost,0.05,25-34
C00556,2023-07-12,London,Email,Mobile,Toys,Champions,0.72,25-34
C00557,2023-03-13,London,Organic Search,Desktop,Home & Garden,Loyal,0.55,25-34
C00558,2024-05-19,Scotland,Social Media,Mobile,Clothing,Lost,0.05,25-34
C00559,2024-07-29,Scotland,Paid Search,Desktop,Electronics,New,0.38,25-34
C00560,2022-01-03,South East,Organic Search,Mobile,Electronics,Loyal,0.55,45-54
C00561,2022-03-22,London,Email,Tablet,Clothing,Hibernating,0.12,45-54
C00562,2023-11-15,London,Email,Desktop,Electronics,Loyal,0.55,45-54
C00563,2021-04-01,Scotland,Email,Desktop,Sports,Lost,0.05,25-34
C00564,2021-12-11,London,Organic Search,Desktop,Clothing,Lost,0.05,18-24
C00565,2022-07-03,Wales,Organic Search,Mobile,Home & Garden,Loyal,0.55,45-54
C00566,2023-03-30,Midlands,Organic Search,Mobile,Home & Garden,New,0.38,25-34
C00567,2023-06-12,Wales,Organic Search,Tablet,Electronics,New,0.38,25-34
C00568,2024-06-24,London,Email,Mobile,Toys,Loyal,0.55,35-44
C00569,2023-01-31,North West,Social Media,Desktop,Electronics,Hibernating,0.12,25-34
C00570,2021-01-08,London,Email,Mobile,Sports,Loyal,0.55,25-34
C00571,2022-03-05,South East,Paid Search,Desktop,Sports,New,0.38,25-34
C00572,2022-02-19,Wales,Organic Search,Tablet,Beauty,At Risk,0.28,35-44
C00573,2021-01-26,South East,Organic Search,Desktop,Home & Garden,Lost,0.05,25-34
C00574,2024-06-26,London,Paid Search,Mobile,Home & Garden,New,0.38,55+
C00575,2023-10-01,South West,Organic Search,Desktop,Books,New,0.38,18-24
C00576,2024-09-02,Scotland,Referral,Mobile,Beauty,At Risk,0.28,35-44
C00577,2024-02-26,London,Paid Search,Mobile,Clothing,New,0.38,45-54
C00578,2024-04-28,South East,Paid Search,Desktop,Clothing,Loyal,0.55,25-34
C00579,2021-06-20,South East,Social Media,Mobile,Electronics,Loyal,0.55,25-34
C00580,2024-02-23,North West,Social Media,Mobile,Home & Garden,Hibernating,0.12,25-34
C00581,2022-07-26,Scotland,Email,Mobile,Books,At Risk,0.28,25-34
C00582,2022-09-12,Scotland,Organic Search,Desktop,Electronics,At Risk,0.28,35-44
C00583,2024-05-10,North West,Organic Search,Mobile,Clothing,Hibernating,0.12,55+
C00584,2024-11-12,South East,Organic Search,Desktop,Sports,At Risk,0.28,25-34
C00585,2024-05-01,North East,Organic Search,Tablet,Clothing,At Risk,0.28,35-44
C00586,2022-08-22,North West,Paid Search,Mobile,Clothing,At Risk,0.28,55+
C00587,2023-12-29,Midlands,Paid Search,Mobile,Clothing,At Risk,0.28,25-34
C00588,2023-11-15,North East,Email,Mobile,Sports,New,0.38,18-24
C00589,2024-10-10,London,Organic Search,Mobile,Sports,Hibernating,0.12,55+
C00590,2022-05-18,South East,Organic Search,Mobile,Books,Loyal,0.55,25-34
C00591,2023-02-23,North West,Organic Search,Desktop,Clothing,Hibernating,0.12,45-54
C00592,2022-03-07,South West,Paid Search,Mobile,Clothing,Loyal,0.55,18-24
C00593,2021-10-10,North East,Organic Search,Mobile,Clothing,Hibernating,0.12,18-24
C00594,2021-05-21,Scotland,Organic Search,Mobile,Sports,New,0.38,55+
C00595,2022-12-21,London,Email,Mobile,Clothing,Loyal,0.55,25-34
C00596,2023-12-31,Yorkshire,Paid Search,Mobile,Electronics,Champions,0.72,35-44
C00597,2022-04-06,Scotland,Social Media,Mobile,Clothing,Hibernating,0.12,25-34
C00598,2024-04-02,London,Organic Search,Desktop,Home & Garden,At Risk,0.28,25-34
C00599,2021-02-03,South West,Organic Search,Desktop,Sports,Loyal,0.55,25-34
C00600,2023-10-08,South East,Email,Desktop,Home & Garden,At Risk,0.28,45-54
C00601,2023-07-05,Midlands,Organic Search,Mobile,Toys,New,0.38,18-24
C00602,2022-10-11,Wales,Referral,Desktop,Home & Garden,Loyal,0.55,35-44
C00603,2024-04-27,Wales,Social Media,Mobile,Electronics,New,0.38,35-44
C00604,2021-05-24,London,Paid Search,Mobile,Clothing,New,0.38,18-24
C00605,2024-09-12,Scotland,Organic Search,Desktop,Toys,Champions,0.72,25-34
C00606,2024-04-19,South East,Direct,Mobile,Clothing,New,0.38,55+
C00607,2024-04-09,London,Organic Search,Desktop,Books,Lost,0.05,45-54
C00608,2024-09-01,North West,Organic Search,Mobile,Electronics,Champions,0.72,55+
C00609,2023-04-25,South West,Organic Search,Desktop,Clothing,New,0.38,18-24
C00610,2023-01-24,North East,Paid Search,Mobile,Books,Champions,0.72,25-34
C00611,2022-08-11,Midlands,Social Media,Desktop,Electronics,Champions,0.72,45-54
C00612,2023-07-12,Scotland,Paid Search,Desktop,Home & Garden,New,0.38,25-34
C00613,2023-05-21,London,Organic Search,Desktop,Electronics,Hibernating,0.12,55+
C00614,2021-11-28,Scotland,Referral,Desktop,Beauty,Loyal,0.55,55+
C00615,2022-03-16,South West,Email,Tablet,Electronics,New,0.38,18-24
C00616,2021-05-03,Wales,Paid Search,Mobile,Electronics,Champions,0.72,18-24
C00617,2022-01-31,South West,Email,Mobile,Clothing,At Risk,0.28,18-24
C00618,2022-11-12,Yorkshire,Paid Search,Desktop,Home & Garden,At Risk,0.28,25-34
C00619,2021-07-25,London,Social Media,Mobile,Clothing,Loyal,0.55,18-24
C00620,2023-03-11,Wales,Email,Mobile,Clothing,Lost,0.05,35-44
C00621,2023-04-17,South East,Organic Search,Mobile,Clothing,At Risk,0.28,25-34
C00622,2022-07-20,Midlands,Direct,Tablet,Home & Garden,At Risk,0.28,45-54
C00623,2021-02-27,South East,Paid Search,Desktop,Home & Garden,At Risk,0.28,35-44
C00624,2021-05-11,South West,Organic Search,Mobile,Clothing,New,0.38,45-54
C00625,2021-08-31,North East,Email,Mobile,Clothing,Hibernating,0.12,25-34
C00626,2021-02-21,Scotland,Organic Search,Mobile,Home & Garden,Hibernating,0.12,35-44
C00627,2022-09-19,Midlands,Email,Mobile,Clothing,At Risk,0.28,18-24
C00628,2023-02-19,London,Organic Search,Mobile,Books,At Risk,0.28,35-44
C00629,2024-07-22,South East,Paid Search,Desktop,Sports,New,0.38,45-54
C00630,2021-02-21,North West,Email,Mobile,Clothing,New,0.38,45-54
C00631,2022-10-14,Scotland,Organic Search,Mobile,Clothing,At Risk,0.28,45-54
C00632,2021-04-28,Wales,Email,Tablet,Home & Garden,At Risk,0.28,25-34
C00633,2024-10-03,South East,Organic Search,Desktop,Toys,Lost,0.05,25-34
C00634,2023-12-14,London,Organic Search,Mobile,Electronics,At Risk,0.28,18-24
C00635,2022-05-15,London,Direct,Mobile,Electronics,At Risk,0.28,35-44
C00636,2022-07-30,North West,Paid Search,Mobile,Beauty,At Risk,0.28,18-24
C00637,2023-10-06,Yorkshire,Email,Desktop,Electronics,Loyal,0.55,25-34
C00638,2022-05-28,South West,Organic Search,Desktop,Beauty,Loyal,0.55,25-34
C00639,2021-03-12,Scotland,Email,Mobile,Sports,Hibernating,0.12,35-44
C00640,2024-07-30,London,Organic Search,Desktop,Home & Garden,Hibernating,0.12,45-54
C00641,2023-11-21,London,Direct,Desktop,Home & Garden,Hibernating,0.12,45-54
C00642,2024-07-25,Midlands,Social Media,Desktop,Clothing,At Risk,0.28,55+
C00643,2021-09-14,Wales,Paid Search,Mobile,Home & Garden,At Risk,0.28,45-54
C00644,2021-01-19,Midlands,Direct,Desktop,Electronics,Hibernating,0.12,45-54
C00645,2023-05-12,Wales,Organic Search,Desktop,Electronics,Champions,0.72,18-24
C00646,2021-09-28,London,Organic Search,Mobile,Clothing,Hibernating,0.12,35-44
C00647,2022-02-26,Yorkshire,Organic Search,Desktop,Sports,Loyal,0.55,35-44
C00648,2023-05-31,London,Organic Search,Tablet,Electronics,Hibernating,0.12,25-34
C00649,2024-01-14,Wales,Email,Desktop,Clothing,At Risk,0.28,35-44
C00650,2021-09-22,Scotland,Social Media,Desktop,Electronics,Champions,0.72,45-54
C00651,2024-06-28,London,Paid Search,Mobile,Clothing,New,0.38,25-34
C00652,2023-09-02,North West,Direct,Tablet,Sports,Hibernating,0.12,25-34
C00653,2021-05-02,Yorkshire,Organic Search,Mobile,Home & Garden,Loyal,0.55,35-44
C00654,2021-01-09,Wales,Organic Search,Mobile,Clothing,Hibernating,0.12,25-34
C00655,2021-04-23,London,Direct,Desktop,Electronics,New,0.38,18-24
C00656,2021-01-12,Scotland,Social Media,Desktop,Clothing,Lost,0.05,18-24
C00657,2021-05-14,Wales,Organic Search,Mobile,Home & Garden,New,0.38,18-24
C00658,2024-09-04,South West,Paid Search,Mobile,Electronics,New,0.38,18-24
C00659,2022-04-26,Wales,Organic Search,Tablet,Home & Garden,Champions,0.72,55+
C00660,2022-08-29,London,Organic Search,Desktop,Clothing,Hibernating,0.12,35-44
C00661,2023-03-24,Wales,Organic Search,Mobile,Electronics,At Risk,0.28,45-54
C00662,2021-02-04,South West,Referral,Desktop,Electronics,At Risk,0.28,35-44
C00663,2023-07-28,South East,Social Media,Mobile,Beauty,Lost,0.05,25-34
C00664,2022-11-30,Yorkshire,Organic Search,Mobile,Books,At Risk,0.28,55+
C00665,2021-05-07,Midlands,Paid Search,Mobile,Toys,At Risk,0.28,18-24
C00666,2022-02-23,London,Organic Search,Tablet,Sports,At Risk,0.28,55+
C00667,2021-03-06,South East,Social Media,Desktop,Home & Garden,At Risk,0.28,55+
C00668,2024-06-02,South East,Paid Search,Mobile,Clothing,New,0.38,45-54
C00669,2022-03-11,North East,Email,Mobile,Beauty,At Risk,0.28,35-44
C00670,2022-06-17,Midlands,Paid Search,Mobile,Clothing,New,0.38,25-34
C00671,2024-11-25,South East,Paid Search,Mobile,Books,New,0.38,25-34
C00672,2023-06-21,Midlands,Direct,Mobile,Electronics,Champions,0.72,18-24
C00673,2021-05-26,North West,Organic Search,Mobile,Home & Garden,New,0.38,25-34
C00674,2022-05-23,Midlands,Paid Search,Desktop,Sports,Loyal,0.55,35-44
C00675,2024-04-20,Midlands,Organic Search,Mobile,Clothing,Lost,0.05,25-34
C00676,2021-12-11,Midlands,Paid Search,Desktop,Clothing,Hibernating,0.12,18-24
C00677,2023-09-29,South West,Email,Mobile,Electronics,New,0.38,35-44
C00678,2022-05-31,South West,Social Media,Tablet,Clothing,New,0.38,25-34
C00679,2023-12-29,Midlands,Email,Desktop,Books,At Risk,0.28,55+
C00680,2024-09-15,London,Email,Mobile,Clothing,Loyal,0.55,18-24
C00681,2021-09-24,London,Direct,Mobile,Home & Garden,Loyal,0.55,25-34
C00682,2021-03-14,South East,Paid Search,Mobile,Toys,New,0.38,35-44
C00683,2024-03-20,North West,Direct,Mobile,Clothing,At Risk,0.28,25-34
C00684,2024-04-21,South West,Social Media,Mobile,Clothing,Loyal,0.55,35-44
C00685,2022-11-29,South East,Paid Search,Desktop,Electronics,Loyal,0.55,18-24
C00686,2023-06-13,North East,Direct,Mobile,Beauty,Loyal,0.55,55+
C00687,2021-07-02,South West,Email,Mobile,Beauty,Loyal,0.55,55+
C00688,2023-10-11,South East,Paid Search,Desktop,Sports,Loyal,0.55,25-34
C00689,2023-08-31,North East,Organic Search,Desktop,Clothing,Lost,0.05,45-54
C00690,2024-02-24,Yorkshire,Email,Mobile,Clothing,At Risk,0.28,25-34
C00691,2023-06-18,London,Paid Search,Mobile,Beauty,Loyal,0.55,25-34
C00692,2023-04-07,Wales,Paid Search,Desktop,Clothing,New,0.38,45-54
C00693,2021-07-10,South West,Email,Desktop,Electronics,Champions,0.72,45-54
C00694,2021-01-01,Scotland,Paid Search,Mobile,Sports,At Risk,0.28,35-44
C00695,2022-11-21,Midlands,Paid Search,Mobile,Beauty,At Risk,0.28,55+
C00696,2021-01-03,London,Social Media,Desktop,Beauty,New,0.38,25-34
C00697,2023-06-11,London,Paid Search,Desktop,Clothing,New,0.38,55+
C00698,2021-09-28,South East,Email,Desktop,Sports,Lost,0.05,18-24
C00699,2021-12-18,Wales,Direct,Mobile,Clothing,Hibernating,0.12,25-34
C00700,2021-11-30,Yorkshire,Paid Search,Desktop,Home & Garden,At Risk,0.28,35-44
C00701,2022-07-04,North West,Paid Search,Mobile,Sports,Champions,0.72,35-44
C00702,2021-12-06,North East,Organic Search,Desktop,Home & Garden,At Risk,0.28,25-34
C00703,2024-07-20,London,Direct,Desktop,Beauty,Loyal,0.55,25-34
C00704,2021-11-21,London,Paid Search,Mobile,Electronics,Loyal,0.55,45-54
C00705,2021-09-22,Yorkshire,Organic Search,Desktop,Beauty,Hibernating,0.12,45-54
C00706,2022-06-14,South East,Social Media,Mobile,Clothing,New,0.38,18-24
C00707,2021-02-28,South West,Organic Search,Mobile,Toys,Hibernating,0.12,25-34
C00708,2023-05-24,Midlands,Organic Search,Mobile,Beauty,Loyal,0.55,35-44
C00709,2021-07-08,Scotland,Direct,Mobile,Beauty,Hibernating,0.12,35-44
C00710,2021-03-12,Wales,Social Media,Mobile,Home & Garden,Hibernating,0.12,55+
C00711,2021-02-21,South East,Email,Desktop,Electronics,Lost,0.05,55+
C00712,2022-11-22,Scotland,Organic Search,Tablet,Books,Champions,0.72,18-24
C00713,2024-11-08,South East,Email,Mobile,Electronics,Champions,0.72,25-34
C00714,2022-04-04,Yorkshire,Paid Search,Mobile,Books,Lost,0.05,18-24
C00715,2021-05-02,North West,Organic Search,Desktop,Clothing,Loyal,0.55,35-44
C00716,2022-07-23,Scotland,Organic Search,Desktop,Home & Garden,Champions,0.72,18-24
C00717,2021-06-28,North East,Organic Search,Mobile,Electronics,At Risk,0.28,25-34
C00718,2023-09-15,Wales,Direct,Desktop,Sports,New,0.38,25-34
C00719,2024-09-12,Scotland,Referral,Desktop,Electronics,Hibernating,0.12,35-44
C00720,2021-01-02,South East,Paid Search,Desktop,Beauty,Loyal,0.55,35-44
C00721,2022-03-14,North West,Social Media,Mobile,Clothing,Loyal,0.55,55+
C00722,2022-04-06,Wales,Paid Search,Mobile,Clothing,Lost,0.05,25-34
C00723,2021-07-04,Yorkshire,Social Media,Mobile,Home & Garden,New,0.38,35-44
C00724,2024-03-23,Midlands,Email,Mobile,Home & Garden,New,0.38,45-54
C00725,2024-08-30,Scotland,Organic Search,Mobile,Electronics,Hibernating,0.12,35-44
C00726,2024-02-01,Scotland,Email,Mobile,Clothing,Hibernating,0.12,25-34
C00727,2024-04-29,Midlands,Direct,Desktop,Home & Garden,New,0.38,45-54
C00728,2021-10-11,Yorkshire,Social Media,Mobile,Clothing,Loyal,0.55,55+
C00729,2024-07-18,North West,Organic Search,Mobile,Sports,Loyal,0.55,45-54
C00730,2021-06-25,North West,Organic Search,Mobile,Electronics,Loyal,0.55,18-24
C00731,2021-08-17,North West,Organic Search,Desktop,Electronics,New,0.38,18-24
C00732,2023-03-29,South East,Social Media,Mobile,Sports,Lost,0.05,35-44
C00733,2023-07-02,London,Direct,Mobile,Electronics,Loyal,0.55,45-54
C00734,2023-01-05,Yorkshire,Email,Mobile,Clothing,Champions,0.72,25-34
C00735,2021-06-04,South East,Social Media,Desktop,Electronics,At Risk,0.28,25-34
C00736,2021-04-02,Scotland,Organic Search,Desktop,Home & Garden,Hibernating,0.12,25-34
C00737,2022-08-11,North West,Paid Search,Desktop,Electronics,New,0.38,45-54
C00738,2023-12-06,Scotland,Social Media,Mobile,Clothing,New,0.38,25-34
C00739,2022-04-09,Midlands,Paid Search,Desktop,Electronics,At Risk,0.28,35-44
C00740,2024-09-19,South East,Organic Search,Desktop,Electronics,Hibernating,0.12,25-34
C00741,2021-03-09,Wales,Paid Search,Mobile,Sports,New,0.38,35-44
C00742,2023-02-20,South West,Email,Mobile,Electronics,Hibernating,0.12,18-24
C00743,2023-01-16,South East,Email,Desktop,Home & Garden,Lost,0.05,25-34
C00744,2022-07-12,North East,Social Media,Tablet,Home & Garden,Hibernating,0.12,25-34
C00745,2021-08-26,Scotland,Organic Search,Mobile,Sports,Champions,0.72,35-44
C00746,2023-12-11,Midlands,Email,Mobile,Sports,Loyal,0.55,18-24
C00747,2022-10-09,South East,Paid Search,Mobile,Beauty,New,0.38,35-44
C00748,2024-07-18,South East,Paid Search,Desktop,Sports,Loyal,0.55,45-54
C00749,2022-04-17,South East,Organic Search,Desktop,Clothing,New,0.38,18-24
C00750,2022-06-30,North East,Organic Search,Mobile,Home & Garden,Champions,0.72,35-44
C00751,2022-05-31,South West,Social Media,Desktop,Home & Garden,Loyal,0.55,18-24
C00752,2023-11-02,Midlands,Organic Search,Desktop,Home & Garden,New,0.38,35-44
C00753,2023-04-21,South East,Organic Search,Desktop,Sports,At Risk,0.28,25-34
C00754,2023-03-15,North West,Email,Mobile,Clothing,Champions,0.72,35-44
C00755,2024-08-22,Scotland,Paid Search,Mobile,Beauty,Champions,0.72,45-54
C00756,2021-03-27,Wales,Organic Search,Mobile,Beauty,At Risk,0.28,35-44
C00757,2021-09-23,North West,Organic Search,Mobile,Electronics,New,0.38,35-44
C00758,2023-11-08,London,Social Media,Mobile,Clothing,Champions,0.72,35-44
C00759,2024-04-18,Wales,Paid Search,Desktop,Electronics,At Risk,0.28,25-34
C00760,2021-12-09,London,Paid Search,Desktop,Clothing,Loyal,0.55,25-34
C00761,2024-06-03,Scotland,Paid Search,Desktop,Electronics,Hibernating,0.12,35-44
C00762,2021-11-05,North East,Referral,Tablet,Sports,Champions,0.72,35-44
C00763,2023-12-02,Yorkshire,Paid Search,Desktop,Electronics,New,0.38,25-34
C00764,2023-03-03,London,Organic Search,Mobile,Clothing,At Risk,0.28,18-24
C00765,2024-09-24,Scotland,Email,Mobile,Clothing,At Risk,0.28,18-24
C00766,2022-10-30,Scotland,Email,Mobile,Electronics,Hibernating,0.12,45-54
C00767,2024-05-12,Midlands,Social Media,Mobile,Sports,Loyal,0.55,35-44
C00768,2024-09-15,South East,Paid Search,Desktop,Electronics,New,0.38,35-44
C00769,2023-07-13,South East,Organic Search,Desktop,Electronics,New,0.38,25-34
C00770,2021-01-26,Wales,Paid Search,Mobile,Electronics,Lost,0.05,45-54
C00771,2022-04-06,South East,Social Media,Mobile,Home & Garden,Loyal,0.55,18-24
C00772,2021-10-27,Scotland,Direct,Mobile,Home & Garden,At Risk,0.28,55+
C00773,2021-10-11,London,Direct,Desktop,Books,New,0.38,35-44
C00774,2022-08-13,North West,Email,Mobile,Home & Garden,Champions,0.72,55+
C00775,2021-11-03,Scotland,Social Media,Mobile,Electronics,Loyal,0.55,25-34
C00776,2024-11-20,Scotland,Organic Search,Mobile,Electronics,Lost,0.05,25-34
C00777,2021-04-11,Scotland,Organic Search,Tablet,Clothing,At Risk,0.28,25-34
C00778,2021-04-15,Yorkshire,Organic Search,Mobile,Electronics,Hibernating,0.12,55+
C00779,2023-12-29,North West,Email,Mobile,Books,Loyal,0.55,45-54
C00780,2024-04-08,London,Paid Search,Desktop,Clothing,New,0.38,25-34
C00781,2023-04-16,London,Email,Desktop,Clothing,Hibernating,0.12,25-34
C00782,2024-04-06,Yorkshire,Direct,Mobile,Electronics,At Risk,0.28,35-44
C00783,2023-06-30,Wales,Organic Search,Mobile,Beauty,At Risk,0.28,35-44
C00784,2024-02-12,Yorkshire,Organic Search,Mobile,Electronics,Lost,0.05,45-54
C00785,2024-06-23,London,Referral,Mobile,Electronics,Hibernating,0.12,35-44
C00786,2021-11-29,Midlands,Organic Search,Mobile,Beauty,New,0.38,55+
C00787,2024-08-16,London,Paid Search,Tablet,Electronics,Loyal,0.55,55+
C00788,2021-02-11,London,Paid Search,Mobile,Electronics,At Risk,0.28,45-54
C00789,2024-11-29,North East,Organic Search,Mobile,Clothing,Champions,0.72,18-24
C00790,2021-03-10,South East,Paid Search,Tablet,Electronics,Champions,0.72,25-34
C00791,2024-08-22,North East,Direct,Mobile,Home & Garden,Champions,0.72,35-44
C00792,2024-07-13,Scotland,Social Media,Mobile,Books,Hibernating,0.12,18-24
C00793,2024-06-15,Yorkshire,Organic Search,Tablet,Clothing,Hibernating,0.12,35-44
C00794,2023-12-17,North West,Referral,Mobile,Home & Garden,Loyal,0.55,18-24
C00795,2024-09-08,North West,Organic Search,Mobile,Clothing,New,0.38,45-54
C00796,2024-04-22,Wales,Paid Search,Mobile,Books,Lost,0.05,18-24
C00797,2024-09-07,South West,Email,Desktop,Books,Lost,0.05,45-54
C00798,2021-10-10,Yorkshire,Email,Desktop,Toys,Loyal,0.55,25-34
C00799,2023-02-02,Scotland,Organic Search,Mobile,Clothing,Loyal,0.55,18-24
C00800,2021-07-15,South East,Email,Desktop,Home & Garden,Hibernating,0.12,55+
C00801,2023-02-19,Scotland,Social Media,Mobile,Sports,Loyal,0.55,18-24
C00802,2024-07-12,Yorkshire,Social Media,Mobile,Electronics,New,0.38,45-54
C00803,2024-09-06,North East,Organic Search,Mobile,Clothing,Loyal,0.55,25-34
C00804,2023-05-04,Wales,Email,Desktop,Clothing,At Risk,0.28,35-44
C00805,2022-03-04,Wales,Email,Mobile,Clothing,At Risk,0.28,25-34
C00806,2022-01-28,South East,Referral,Tablet,Clothing,Lost,0.05,25-34
C00807,2023-10-25,North West,Direct,Mobile,Clothing,New,0.38,25-34
C00808,2023-03-27,London,Organic Search,Mobile,Electronics,New,0.38,25-34
C00809,2021-05-20,South West,Organic Search,Desktop,Home & Garden,Lost,0.05,45-54
C00810,2022-04-08,Wales,Organic Search,Desktop,Beauty,Hibernating,0.12,35-44
C00811,2022-05-18,London,Paid Search,Tablet,Clothing,Hibernating,0.12,25-34
C00812,2024-01-07,North West,Paid Search,Tablet,Home & Garden,New,0.38,18-24
C00813,2022-05-24,North West,Email,Mobile,Clothing,Loyal,0.55,25-34
C00814,2023-12-12,North West,Social Media,Mobile,Electronics,Loyal,0.55,25-34
C00815,2021-06-01,Scotland,Organic Search,Mobile,Electronics,Lost,0.05,25-34
C00816,2022-09-12,London,Social Media,Mobile,Home & Garden,At Risk,0.28,25-34
C00817,2024-06-18,South West,Organic Search,Mobile,Electronics,Champions,0.72,35-44
C00818,2022-04-19,London,Direct,Desktop,Toys,At Risk,0.28,55+
C00819,2023-11-03,South West,Email,Desktop,Clothing,Loyal,0.55,45-54
C00820,2024-09-21,London,Organic Search,Mobile,Beauty,Hibernating,0.12,25-34
C00821,2024-02-14,London,Organic Search,Mobile,Electronics,Hibernating,0.12,25-34
C00822,2022-02-20,London,Paid Search,Mobile,Electronics,New,0.38,35-44
C00823,2021-11-22,London,Social Media,Desktop,Beauty,New,0.38,18-24
C00824,2022-01-04,Midlands,Email,Mobile,Home & Garden,New,0.38,18-24
C00825,2024-04-04,Scotland,Paid Search,Mobile,Clothing,Champions,0.72,25-34
C00826,2024-08-16,London,Organic Search,Mobile,Sports,New,0.38,35-44
C00827,2022-11-12,Scotland,Paid Search,Mobile,Beauty,Loyal,0.55,35-44
C00828,2024-08-30,South East,Paid Search,Desktop,Clothing,Hibernating,0.12,25-34
C00829,2023-09-15,Scotland,Social Media,Mobile,Beauty,Hibernating,0.12,25-34
C00830,2022-09-29,North West,Paid Search,Desktop,Home & Garden,Loyal,0.55,35-44
C00831,2024-05-11,Scotland,Referral,Tablet,Clothing,New,0.38,45-54
C00832,2021-12-04,Yorkshire,Email,Mobile,Beauty,Lost,0.05,45-54
C00833,2022-08-19,North West,Social Media,Desktop,Electronics,Champions,0.72,18-24
C00834,2021-09-15,North East,Direct,Mobile,Electronics,At Risk,0.28,55+
C00835,2023-04-18,Wales,Email,Desktop,Beauty,Lost,0.05,35-44
C00836,2021-09-12,South East,Organic Search,Desktop,Clothing,Loyal,0.55,35-44
C00837,2023-08-06,Wales,Referral,Mobile,Sports,New,0.38,45-54
C00838,2024-01-19,North West,Social Media,Desktop,Clothing,Loyal,0.55,35-44
C00839,2023-04-12,South East,Email,Mobile,Beauty,At Risk,0.28,35-44
C00840,2024-08-18,North West,Email,Mobile,Beauty,At Risk,0.28,35-44
C00841,2024-01-13,North West,Direct,Mobile,Clothing,Loyal,0.55,35-44
C00842,2022-03-08,Scotland,Paid Search,Mobile,Home & Garden,Hibernating,0.12,25-34
C00843,2023-09-15,North East,Email,Mobile,Electronics,Hibernating,0.12,18-24
C00844,2023-04-14,Scotland,Referral,Desktop,Clothing,New,0.38,18-24
C00845,2021-03-08,North West,Social Media,Mobile,Home & Garden,Hibernating,0.12,45-54
C00846,2022-10-24,Scotland,Organic Search,Desktop,Electronics,New,0.38,55+
C00847,2022-09-20,South East,Social Media,Desktop,Clothing,Lost,0.05,35-44
C00848,2023-04-25,London,Social Media,Mobile,Books,Loyal,0.55,18-24
C00849,2021-08-31,London,Email,Desktop,Beauty,Loyal,0.55,25-34
C00850,2024-08-15,London,Organic Search,Tablet,Books,Lost,0.05,18-24
C00851,2023-08-25,Scotland,Organic Search,Desktop,Clothing,Loyal,0.55,35-44
C00852,2023-09-28,South East,Email,Desktop,Clothing,Hibernating,0.12,35-44
C00853,2024-04-26,South East,Organic Search,Mobile,Clothing,Loyal,0.55,25-34
C00854,2024-09-10,London,Email,Mobile,Clothing,Loyal,0.55,25-34
C00855,2021-10-19,London,Organic Search,Mobile,Clothing,Loyal,0.55,25-34
C00856,2021-02-08,London,Paid Search,Mobile,Clothing,Loyal,0.55,25-34
C00857,2022-07-15,South West,Email,Tablet,Toys,Loyal,0.55,35-44
C00858,2022-05-10,South East,Organic Search,Desktop,Sports,Lost,0.05,25-34
C00859,2022-06-25,North West,Paid Search,Desktop,Books,At Risk,0.28,55+
C00860,2023-12-29,North East,Organic Search,Mobile,Clothing,Lost,0.05,55+
C00861,2024-02-12,South East,Social Media,Mobile,Electronics,New,0.38,35-44
C00862,2024-04-10,Wales,Referral,Desktop,Clothing,Lost,0.05,18-24
C00863,2023-05-24,South East,Social Media,Tablet,Clothing,Lost,0.05,25-34
C00864,2024-01-21,London,Social Media,Desktop,Toys,Loyal,0.55,25-34
C00865,2021-08-22,South East,Organic Search,Mobile,Sports,Loyal,0.55,25-34
C00866,2023-06-24,Wales,Email,Mobile,Clothing,At Risk,0.28,55+
C00867,2021-11-07,London,Organic Search,Desktop,Beauty,Champions,0.72,45-54
C00868,2021-12-18,Scotland,Paid Search,Desktop,Beauty,Hibernating,0.12,25-34
C00869,2024-03-31,London,Paid Search,Mobile,Toys,New,0.38,35-44
C00870,2021-05-06,North West,Paid Search,Desktop,Sports,Lost,0.05,45-54
C00871,2022-06-07,North West,Organic Search,Mobile,Clothing,New,0.38,45-54
C00872,2022-05-06,North West,Paid Search,Mobile,Books,New,0.38,45-54
C00873,2021-10-08,North West,Organic Search,Desktop,Books,New,0.38,35-44
C00874,2021-01-27,Yorkshire,Organic Search,Mobile,Beauty,At Risk,0.28,25-34
C00875,2022-01-02,North West,Organic Search,Mobile,Electronics,Lost,0.05,18-24
C00876,2024-07-29,North East,Organic Search,Mobile,Clothing,Hibernating,0.12,45-54
C00877,2021-04-27,North West,Referral,Mobile,Electronics,Hibernating,0.12,35-44
C00878,2024-10-24,Scotland,Organic Search,Desktop,Beauty,Lost,0.05,35-44
C00879,2022-03-22,Scotland,Paid Search,Tablet,Home & Garden,Loyal,0.55,35-44
C00880,2024-07-25,Yorkshire,Organic Search,Tablet,Electronics,Lost,0.05,25-34
C00881,2021-09-08,Yorkshire,Direct,Tablet,Books,Champions,0.72,18-24
C00882,2021-05-11,Wales,Email,Mobile,Home & Garden,Champions,0.72,18-24
C00883,2022-09-07,Wales,Referral,Mobile,Electronics,At Risk,0.28,55+
C00884,2021-01-29,London,Paid Search,Mobile,Toys,Lost,0.05,25-34
C00885,2021-12-22,Scotland,Social Media,Desktop,Clothing,Lost,0.05,25-34
C00886,2021-10-26,London,Social Media,Mobile,Clothing,At Risk,0.28,55+
C00887,2024-06-09,London,Social Media,Desktop,Clothing,Loyal,0.55,35-44
C00888,2023-05-08,Midlands,Organic Search,Mobile,Sports,Lost,0.05,18-24
C00889,2023-10-12,Yorkshire,Direct,Desktop,Clothing,New,0.38,55+
C00890,2021-03-17,South East,Email,Tablet,Clothing,New,0.38,55+
C00891,2023-12-29,London,Email,Mobile,Home & Garden,Champions,0.72,18-24
C00892,2021-08-08,Yorkshire,Organic Search,Desktop,Clothing,Hibernating,0.12,18-24
C00893,2021-04-11,London,Email,Mobile,Electronics,New,0.38,18-24
C00894,2024-11-10,South East,Paid Search,Desktop,Home & Garden,New,0.38,45-54
C00895,2023-07-04,London,Referral,Mobile,Clothing,Hibernating,0.12,35-44
C00896,2024-05-13,London,Email,Tablet,Clothing,Champions,0.72,45-54
C00897,2024-03-30,Midlands,Email,Mobile,Electronics,Loyal,0.55,45-54
C00898,2022-07-05,Scotland,Social Media,Mobile,Electronics,Lost,0.05,18-24
C00899,2022-04-16,Midlands,Paid Search,Desktop,Clothing,Loyal,0.55,35-44
C00900,2021-08-02,North East,Social Media,Mobile,Electronics,At Risk,0.28,18-24
C00901,2024-08-27,London,Social Media,Desktop,Clothing,At Risk,0.28,35-44
C00902,2024-03-22,Yorkshire,Paid Search,Mobile,Home & Garden,Loyal,0.55,35-44
C00903,2024-10-14,Scotland,Paid Search,Mobile,Home & Garden,At Risk,0.28,35-44
C00904,2021-01-17,Scotland,Email,Mobile,Home & Garden,Lost,0.05,55+
C00905,2021-12-10,South East,Organic Search,Mobile,Electronics,Lost,0.05,18-24
C00906,2024-07-19,South East,Organic Search,Mobile,Home & Garden,Lost,0.05,25-34
C00907,2023-10-05,South East,Paid Search,Desktop,Clothing,Loyal,0.55,45-54
C00908,2023-04-09,Yorkshire,Organic Search,Desktop,Books,Loyal,0.55,55+
C00909,2023-08-01,Scotland,Organic Search,Desktop,Electronics,Champions,0.72,45-54
C00910,2024-08-31,London,Organic Search,Mobile,Clothing,Lost,0.05,25-34
C00911,2024-02-07,North East,Paid Search,Mobile,Clothing,Hibernating,0.12,55+
C00912,2021-05-17,Wales,Organic Search,Desktop,Clothing,New,0.38,18-24
C00913,2023-05-17,Scotland,Direct,Desktop,Beauty,At Risk,0.28,18-24
C00914,2022-02-19,South East,Direct,Mobile,Electronics,New,0.38,35-44
C00915,2021-09-01,Wales,Email,Desktop,Electronics,At Risk,0.28,25-34
C00916,2021-05-03,London,Social Media,Mobile,Clothing,New,0.38,25-34
C00917,2023-06-24,Midlands,Email,Mobile,Clothing,Lost,0.05,25-34
C00918,2021-10-22,North East,Referral,Desktop,Electronics,Loyal,0.55,55+
C00919,2023-03-29,Scotland,Organic Search,Mobile,Clothing,New,0.38,35-44
C00920,2022-10-23,London,Email,Mobile,Sports,Loyal,0.55,35-44
C00921,2021-08-02,Scotland,Email,Mobile,Beauty,Champions,0.72,35-44
C00922,2022-10-09,North West,Organic Search,Mobile,Electronics,Loyal,0.55,18-24
C00923,2024-07-30,South West,Email,Desktop,Books,Loyal,0.55,35-44
C00924,2023-01-28,Wales,Organic Search,Tablet,Home & Garden,Loyal,0.55,18-24
C00925,2023-01-16,Wales,Organic Search,Mobile,Electronics,Champions,0.72,18-24
C00926,2022-09-10,South West,Organic Search,Tablet,Clothing,Lost,0.05,25-34
C00927,2021-11-24,North West,Organic Search,Desktop,Beauty,At Risk,0.28,25-34
C00928,2024-04-28,London,Organic Search,Tablet,Clothing,At Risk,0.28,25-34
C00929,2022-02-13,Scotland,Email,Mobile,Electronics,Hibernating,0.12,45-54
C00930,2024-06-17,North West,Paid Search,Desktop,Clothing,At Risk,0.28,25-34
C00931,2022-02-07,North East,Email,Mobile,Beauty,New,0.38,45-54
C00932,2023-03-04,London,Paid Search,Mobile,Electronics,At Risk,0.28,35-44
C00933,2021-10-11,Scotland,Organic Search,Mobile,Sports,New,0.38,25-34
C00934,2021-04-15,Scotland,Organic Search,Desktop,Electronics,At Risk,0.28,55+
C00935,2022-01-14,Wales,Organic Search,Mobile,Home & Garden,At Risk,0.28,35-44
C00936,2022-03-20,Scotland,Email,Desktop,Home & Garden,Hibernating,0.12,18-24
C00937,2022-05-15,Midlands,Direct,Mobile,Toys,Loyal,0.55,35-44
C00938,2022-01-11,Wales,Social Media,Tablet,Beauty,New,0.38,25-34
C00939,2022-12-03,North East,Paid Search,Desktop,Electronics,Champions,0.72,35-44
C00940,2022-07-15,Midlands,Paid Search,Mobile,Electronics,Loyal,0.55,35-44
C00941,2021-09-30,Yorkshire,Social Media,Mobile,Electronics,Lost,0.05,25-34
C00942,2024-05-13,South West,Organic Search,Desktop,Home & Garden,Hibernating,0.12,35-44
C00943,2023-04-05,Yorkshire,Email,Mobile,Beauty,At Risk,0.28,45-54
C00944,2022-11-20,South West,Email,Mobile,Clothing,Champions,0.72,45-54
C00945,2024-10-15,North East,Direct,Desktop,Clothing,At Risk,0.28,35-44
C00946,2024-06-12,Scotland,Direct,Mobile,Beauty,New,0.38,25-34
C00947,2021-07-11,Yorkshire,Organic Search,Mobile,Books,Champions,0.72,55+
C00948,2021-08-20,Scotland,Paid Search,Mobile,Sports,Lost,0.05,55+
C00949,2021-05-10,Yorkshire,Email,Mobile,Clothing,At Risk,0.28,35-44
C00950,2024-07-23,Midlands,Organic Search,Desktop,Home & Garden,Lost,0.05,35-44
C00951,2023-10-12,Scotland,Referral,Desktop,Home & Garden,New,0.38,35-44
C00952,2024-10-26,Yorkshire,Email,Mobile,Beauty,Loyal,0.55,25-34
C00953,2023-10-07,South West,Social Media,Desktop,Clothing,At Risk,0.28,25-34
C00954,2024-06-15,North West,Paid Search,Desktop,Beauty,Hibernating,0.12,55+
C00955,2024-02-12,London,Direct,Mobile,Electronics,Lost,0.05,35-44
C00956,2022-09-09,South East,Organic Search,Mobile,Clothing,New,0.38,25-34
C00957,2022-11-19,Scotland,Social Media,Mobile,Toys,At Risk,0.28,35-44
C00958,2024-04-01,Midlands,Organic Search,Desktop,Electronics,At Risk,0.28,45-54
C00959,2023-06-13,North East,Direct,Desktop,Home & Garden,Hibernating,0.12,45-54
C00960,2021-05-13,Wales,Direct,Desktop,Beauty,At Risk,0.28,25-34
C00961,2023-02-27,Midlands,Email,Tablet,Electronics,Champions,0.72,18-24
C00962,2023-12-14,London,Organic Search,Mobile,Electronics,Hibernating,0.12,35-44
C00963,2024-02-16,North West,Organic Search,Mobile,Clothing,Hibernating,0.12,35-44
C00964,2023-04-07,Scotland,Organic Search,Mobile,Clothing,Loyal,0.55,55+
C00965,2021-08-16,South East,Paid Search,Desktop,Home & Garden,New,0.38,35-44
C00966,2023-09-23,London,Email,Mobile,Home & Garden,Hibernating,0.12,35-44
C00967,2022-05-14,Wales,Organic Search,Mobile,Electronics,At Risk,0.28,45-54
C00968,2022-11-20,London,Social Media,Mobile,Electronics,Loyal,0.55,25-34
C00969,2022-06-20,London,Email,Tablet,Home & Garden,At Risk,0.28,55+
C00970,2021-01-11,South West,Organic Search,Mobile,Clothing,Champions,0.72,25-34
C00971,2021-08-17,North East,Social Media,Desktop,Home & Garden,Champions,0.72,25-34
C00972,2023-06-28,South East,Email,Desktop,Home & Garden,New,0.38,35-44
C00973,2023-10-18,London,Referral,Mobile,Sports,Loyal,0.55,25-34
C00974,2024-01-06,South East,Organic Search,Mobile,Clothing,Lost,0.05,55+
C00975,2021-11-22,London,Social Media,Desktop,Toys,Hibernating,0.12,35-44
C00976,2023-03-09,London,Email,Mobile,Clothing,Hibernating,0.12,25-34
C00977,2022-04-26,Yorkshire,Organic Search,Mobile,Clothing,At Risk,0.28,25-34
C00978,2022-02-05,North East,Referral,Mobile,Electronics,Champions,0.72,25-34
C00979,2023-10-27,Midlands,Paid Search,Mobile,Home & Garden,New,0.38,18-24
C00980,2021-09-27,Midlands,Referral,Desktop,Clothing,Loyal,0.55,25-34
C00981,2022-06-04,Scotland,Direct,Desktop,Clothing,Hibernating,0.12,35-44
C00982,2022-07-12,South West,Organic Search,Mobile,Electronics,At Risk,0.28,25-34
C00983,2023-01-21,Yorkshire,Paid Search,Desktop,Clothing,Hibernating,0.12,45-54
C00984,2023-07-28,Midlands,Email,Mobile,Sports,Hibernating,0.12,35-44
C00985,2021-07-21,Scotland,Direct,Desktop,Clothing,Loyal,0.55,18-24
C00986,2021-09-06,London,Organic Search,Desktop,Clothing,Loyal,0.55,25-34
C00987,2023-05-08,South East,Email,Desktop,Beauty,Loyal,0.55,45-54
C00988,2021-10-29,Scotland,Email,Mobile,Beauty,Loyal,0.55,25-34
C00989,2024-03-10,Midlands,Paid Search,Desktop,Home & Garden,Hibernating,0.12,18-24
C00990,2022-12-01,South East,Email,Desktop,Clothing,New,0.38,35-44
C00991,2022-09-20,South East,Direct,Mobile,Clothing,New,0.38,25-34
C00992,2022-08-23,Midlands,Email,Mobile,Clothing,At Risk,0.28,45-54
C00993,2023-12-25,Yorkshire,Paid Search,Desktop,Sports,Hibernating,0.12,45-54
C00994,2022-01-31,London,Organic Search,Mobile,Sports,New,0.38,25-34
C00995,2021-01-24,Midlands,Email,Mobile,Sports,New,0.38,18-24
C00996,2022-02-26,South East,Direct,Mobile,Beauty,New,0.38,18-24
C00997,2024-08-11,South West,Organic Search,Desktop,Sports,Loyal,0.55,25-34
C00998,2022-07-08,Midlands,Social Media,Desktop,Electronics,New,0.38,45-54
C00999,2024-02-28,London,Organic Search,Mobile,Electronics,At Risk,0.28,45-54
C01000,2022-08-08,South East,Organic Search,Mobile,Electronics,Loyal,0.55,25-34
C01001,2021-05-26,Scotland,Paid Search,Mobile,Electronics,New,0.38,25-34
C01002,2022-03-29,Scotland,Direct,Desktop,Clothing,Hibernating,0.12,35-44
C01003,2021-08-02,London,Referral,Desktop,Electronics,At Risk,0.28,25-34
C01004,2022-05-20,London,Email,Desktop,Clothing,At Risk,0.28,55+
C01005,2022-12-07,North East,Social Media,Desktop,Sports,Loyal,0.55,45-54
C01006,2023-12-02,London,Referral,Mobile,Electronics,New,0.38,35-44
C01007,2022-07-07,London,Referral,Mobile,Clothing,Hibernating,0.12,55+
C01008,2023-10-30,South East,Organic Search,Mobile,Electronics,Loyal,0.55,45-54
C01009,2024-10-04,Yorkshire,Email,Mobile,Electronics,Hibernating,0.12,35-44
C01010,2022-03-22,Midlands,Social Media,Mobile,Clothing,Champions,0.72,25-34
C01011,2024-02-04,North West,Email,Desktop,Clothing,Loyal,0.55,25-34
C01012,2024-09-28,Scotland,Direct,Mobile,Sports,Lost,0.05,25-34
C01013,2023-12-25,South West,Organic Search,Mobile,Toys,Loyal,0.55,25-34
C01014,2024-10-24,Midlands,Email,Mobile,Home & Garden,Champions,0.72,45-54
C01015,2022-04-02,North West,Paid Search,Desktop,Clothing,At Risk,0.28,18-24
C01016,2023-11-10,Yorkshire,Organic Search,Mobile,Books,New,0.38,35-44
C01017,2023-09-09,Yorkshire,Referral,Tablet,Clothing,Hibernating,0.12,45-54
C01018,2024-02-04,Wales,Organic Search,Desktop,Electronics,Loyal,0.55,25-34
C01019,2024-09-15,London,Paid Search,Desktop,Clothing,Lost,0.05,55+
C01020,2023-02-28,South West,Social Media,Mobile,Electronics,Hibernating,0.12,45-54
C01021,2023-01-29,Midlands,Organic Search,Mobile,Books,At Risk,0.28,55+
C01022,2022-05-24,London,Paid Search,Desktop,Toys,Hibernating,0.12,35-44
C01023,2022-10-28,Scotland,Social Media,Mobile,Clothing,Loyal,0.55,45-54
C01024,2022-12-30,Midlands,Referral,Mobile,Clothing,Loyal,0.55,35-44
C01025,2022-11-25,South East,Paid Search,Mobile,Electronics,At Risk,0.28,45-54
C01026,2022-02-25,South East,Paid Search,Mobile,Books,New,0.38,55+
C01027,2022-01-31,London,Paid Search,Mobile,Books,At Risk,0.28,55+
C01028,2021-08-27,Yorkshire,Organic Search,Mobile,Sports,New,0.38,35-44
C01029,2024-07-28,South East,Organic Search,Desktop,Clothing,Loyal,0.55,18-24
C01030,2021-08-16,Scotland,Paid Search,Mobile,Toys,New,0.38,25-34
C01031,2021-10-18,North West,Social Media,Desktop,Home & Garden,New,0.38,18-24
C01032,2021-04-04,London,Organic Search,Mobile,Home & Garden,Lost,0.05,18-24
C01033,2024-01-02,South East,Social Media,Desktop,Home & Garden,At Risk,0.28,35-44
C01034,2023-04-06,Wales,Paid Search,Mobile,Beauty,Loyal,0.55,35-44
C01035,2023-09-09,Midlands,Email,Mobile,Clothing,At Risk,0.28,25-34
C01036,2021-06-01,South East,Direct,Mobile,Beauty,Loyal,0.55,35-44
C01037,2021-09-21,Yorkshire,Direct,Desktop,Electronics,Champions,0.72,25-34
C01038,2023-08-16,Midlands,Paid Search,Tablet,Home & Garden,Lost,0.05,25-34
C01039,2022-08-29,South West,Paid Search,Mobile,Home & Garden,At Risk,0.28,18-24
C01040,2021-09-06,North West,Social Media,Desktop,Beauty,Hibernating,0.12,18-24
C01041,2023-12-26,North East,Paid Search,Mobile,Electronics,Hibernating,0.12,45-54
C01042,2021-03-02,London,Organic Search,Tablet,Clothing,At Risk,0.28,25-34
C01043,2024-01-31,Scotland,Paid Search,Mobile,Beauty,Loyal,0.55,45-54
C01044,2024-09-06,South East,Social Media,Desktop,Electronics,Champions,0.72,25-34
C01045,2021-04-21,South East,Organic Search,Mobile,Sports,Champions,0.72,25-34
C01046,2022-10-04,London,Organic Search,Desktop,Clothing,New,0.38,55+
C01047,2024-05-17,Scotland,Referral,Desktop,Home & Garden,Hibernating,0.12,35-44
C01048,2024-08-16,North West,Organic Search,Desktop,Electronics,Lost,0.05,35-44
C01049,2023-09-28,Scotland,Direct,Tablet,Clothing,At Risk,0.28,45-54
C01050,2022-06-21,North West,Email,Mobile,Books,New,0.38,25-34
C01051,2022-09-20,Scotland,Organic Search,Mobile,Sports,New,0.38,25-34
C01052,2021-05-27,Yorkshire,Organic Search,Desktop,Clothing,Hibernating,0.12,55+
C01053,2024-09-30,Yorkshire,Email,Desktop,Clothing,Lost,0.05,35-44
C01054,2021-03-13,London,Organic Search,Mobile,Electronics,Hibernating,0.12,35-44
C01055,2022-01-08,South East,Email,Desktop,Home & Garden,Hibernating,0.12,45-54
C01056,2024-05-23,North West,Paid Search,Mobile,Clothing,Loyal,0.55,35-44
C01057,2021-01-11,South East,Organic Search,Mobile,Books,Hibernating,0.12,35-44
C01058,2023-11-07,South East,Paid Search,Desktop,Home & Garden,Champions,0.72,25-34
C01059,2024-02-02,Wales,Referral,Mobile,Electronics,At Risk,0.28,35-44
C01060,2021-04-15,Scotland,Paid Search,Desktop,Books,Loyal,0.55,25-34
C01061,2021-04-11,Scotland,Organic Search,Desktop,Home & Garden,Lost,0.05,55+
C01062,2021-11-13,North East,Email,Mobile,Beauty,Hibernating,0.12,18-24
C01063,2022-07-23,Wales,Organic Search,Mobile,Home & Garden,At Risk,0.28,25-34
C01064,2024-08-04,Scotland,Organic Search,Tablet,Beauty,Champions,0.72,45-54
C01065,2023-03-14,North East,Organic Search,Tablet,Beauty,Loyal,0.55,45-54
C01066,2023-02-13,London,Paid Search,Desktop,Clothing,Hibernating,0.12,25-34
C01067,2022-04-27,Scotland,Paid Search,Mobile,Electronics,Loyal,0.55,35-44
C01068,2023-05-16,Scotland,Paid Search,Mobile,Home & Garden,Champions,0.72,35-44
C01069,2023-05-10,Scotland,Social Media,Mobile,Sports,Loyal,0.55,25-34
C01070,2024-07-27,Wales,Social Media,Mobile,Home & Garden,At Risk,0.28,25-34
C01071,2023-12-04,South East,Paid Search,Mobile,Electronics,Loyal,0.55,25-34
C01072,2024-01-18,Midlands,Email,Mobile,Home & Garden,Hibernating,0.12,25-34
C01073,2023-05-21,South East,Organic Search,Mobile,Clothing,Lost,0.05,45-54
C01074,2023-09-13,London,Direct,Mobile,Electronics,Lost,0.05,25-34
C01075,2021-07-30,Scotland,Paid Search,Mobile,Clothing,At Risk,0.28,35-44
C01076,2022-07-04,London,Organic Search,Mobile,Clothing,New,0.38,35-44
C01077,2023-11-03,South East,Direct,Tablet,Sports,Loyal,0.55,18-24
C01078,2023-12-06,Midlands,Organic Search,Desktop,Electronics,At Risk,0.28,55+
C01079,2021-03-01,South West,Organic Search,Desktop,Toys,Loyal,0.55,45-54
C01080,2023-10-05,Midlands,Organic Search,Mobile,Home & Garden,Loyal,0.55,45-54
C01081,2024-07-29,North West,Paid Search,Desktop,Books,Loyal,0.55,35-44
C01082,2021-07-06,London,Organic Search,Desktop,Electronics,Hibernating,0.12,25-34
C01083,2021-03-11,North West,Paid Search,Desktop,Clothing,New,0.38,18-24
C01084,2023-09-01,Scotland,Organic Search,Mobile,Clothing,At Risk,0.28,18-24
C01085,2022-12-15,South East,Organic Search,Desktop,Home & Garden,Lost,0.05,35-44
C01086,2022-02-14,Scotland,Email,Desktop,Sports,Loyal,0.55,55+
C01087,2022-03-09,Scotland,Social Media,Mobile,Clothing,Lost,0.05,35-44
C01088,2022-11-03,Scotland,Email,Mobile,Toys,Hibernating,0.12,45-54
C01089,2024-03-14,South East,Direct,Mobile,Books,At Risk,0.28,45-54
C01090,2021-02-26,North West,Organic Search,Mobile,Beauty,Hibernating,0.12,25-34
C01091,2024-03-17,Wales,Organic Search,Desktop,Electronics,Champions,0.72,55+
C01092,2024-05-12,Yorkshire,Social Media,Mobile,Clothing,Hibernating,0.12,25-34
C01093,2022-11-29,London,Email,Mobile,Clothing,Loyal,0.55,18-24
C01094,2022-07-12,North East,Direct,Mobile,Toys,Lost,0.05,18-24
C01095,2024-08-08,North West,Paid Search,Mobile,Clothing,New,0.38,35-44
C01096,2021-04-27,Wales,Paid Search,Mobile,Electronics,New,0.38,35-44
C01097,2023-07-11,South West,Organic Search,Desktop,Beauty,Champions,0.72,25-34
C01098,2022-10-30,Midlands,Social Media,Mobile,Electronics,At Risk,0.28,35-44
C01099,2022-04-06,London,Email,Mobile,Electronics,Hibernating,0.12,25-34
C01100,2024-05-13,London,Email,Mobile,Home & Garden,Loyal,0.55,18-24
C01101,2022-07-20,Wales,Email,Desktop,Electronics,Loyal,0.55,18-24
C01102,2024-01-09,North West,Social Media,Mobile,Clothing,Champions,0.72,35-44
C01103,2022-09-11,London,Organic Search,Desktop,Electronics,New,0.38,35-44
C01104,2021-01-23,Yorkshire,Email,Mobile,Electronics,At Risk,0.28,25-34
C01105,2022-10-19,North West,Paid Search,Mobile,Electronics,Champions,0.72,35-44
C01106,2024-04-09,South East,Organic Search,Desktop,Clothing,At Risk,0.28,35-44
C01107,2021-01-28,Yorkshire,Paid Search,Mobile,Electronics,At Risk,0.28,35-44
C01108,2021-07-03,South East,Organic Search,Mobile,Sports,New,0.38,45-54
C01109,2023-12-27,South East,Organic Search,Mobile,Home & Garden,Loyal,0.55,18-24
C01110,2022-02-21,South West,Email,Mobile,Home & Garden,At Risk,0.28,18-24
C01111,2021-08-01,Yorkshire,Email,Mobile,Clothing,Lost,0.05,25-34
C01112,2022-03-27,South East,Organic Search,Mobile,Electronics,At Risk,0.28,55+
C01113,2024-03-11,Midlands,Direct,Desktop,Sports,Lost,0.05,35-44
C01114,2023-03-08,South East,Organic Search,Desktop,Beauty,At Risk,0.28,45-54
C01115,2022-04-17,Scotland,Paid Search,Mobile,Clothing,Champions,0.72,25-34
C01116,2022-08-22,South East,Direct,Desktop,Books,New,0.38,55+
C01117,2024-09-12,North West,Paid Search,Mobile,Sports,Loyal,0.55,18-24
C01118,2023-02-14,Scotland,Referral,Mobile,Home & Garden,Hibernating,0.12,55+
C01119,2021-05-01,Midlands,Direct,Mobile,Electronics,Loyal,0.55,35-44
C01120,2021-10-16,South East,Paid Search,Tablet,Beauty,Loyal,0.55,35-44
C01121,2023-03-10,South East,Social Media,Mobile,Electronics,Loyal,0.55,35-44
C01122,2022-11-22,Wales,Social Media,Desktop,Clothing,Lost,0.05,45-54
C01123,2023-06-17,London,Organic Search,Mobile,Home & Garden,Loyal,0.55,45-54
C01124,2021-03-26,North West,Paid Search,Mobile,Clothing,New,0.38,18-24
C01125,2023-11-10,London,Organic Search,Desktop,Clothing,Lost,0.05,45-54
C01126,2022-01-22,Midlands,Paid Search,Desktop,Home & Garden,Loyal,0.55,25-34
C01127,2022-09-25,Yorkshire,Email,Desktop,Beauty,Loyal,0.55,35-44
C01128,2022-08-06,Yorkshire,Direct,Desktop,Clothing,New,0.38,45-54
C01129,2021-12-08,Wales,Email,Desktop,Electronics,Champions,0.72,25-34
C01130,2022-08-03,South West,Direct,Desktop,Home & Garden,Hibernating,0.12,25-34
C01131,2024-07-12,South West,Paid Search,Mobile,Clothing,New,0.38,45-54
C01132,2023-11-23,South East,Social Media,Desktop,Sports,Champions,0.72,18-24
C01133,2021-12-05,North West,Organic Search,Desktop,Electronics,New,0.38,25-34
C01134,2022-11-21,Scotland,Paid Search,Desktop,Clothing,Hibernating,0.12,35-44
C01135,2023-11-28,Midlands,Organic Search,Desktop,Sports,New,0.38,35-44
C01136,2023-03-31,London,Direct,Tablet,Clothing,New,0.38,35-44
C01137,2021-09-25,South West,Paid Search,Desktop,Sports,Loyal,0.55,25-34
C01138,2023-08-04,Midlands,Organic Search,Mobile,Sports,Loyal,0.55,45-54
C01139,2023-04-15,North West,Email,Mobile,Clothing,Champions,0.72,35-44
C01140,2022-07-07,South East,Organic Search,Desktop,Home & Garden,At Risk,0.28,25-34
C01141,2024-05-09,North East,Organic Search,Desktop,Home & Garden,New,0.38,45-54
C01142,2021-09-17,North East,Organic Search,Desktop,Beauty,Loyal,0.55,45-54
C01143,2021-03-10,North West,Organic Search,Desktop,Beauty,Hibernating,0.12,45-54
C01144,2024-05-15,London,Paid Search,Tablet,Toys,New,0.38,35-44
C01145,2022-02-19,South East,Organic Search,Tablet,Clothing,Hibernating,0.12,35-44
C01146,2023-11-05,London,Social Media,Desktop,Electronics,Hibernating,0.12,25-34
C01147,2021-11-26,London,Direct,Desktop,Clothing,New,0.38,35-44
C01148,2024-10-20,North West,Organic Search,Tablet,Beauty,New,0.38,35-44
C01149,2023-02-21,Scotland,Paid Search,Mobile,Electronics,New,0.38,18-24
C01150,2023-10-30,North West,Organic Search,Mobile,Clothing,Champions,0.72,55+
C01151,2023-11-17,London,Email,Mobile,Electronics,New,0.38,25-34
C01152,2023-11-12,Wales,Organic Search,Mobile,Beauty,Hibernating,0.12,35-44
C01153,2024-04-26,London,Organic Search,Desktop,Clothing,Hibernating,0.12,35-44
C01154,2022-08-25,South West,Organic Search,Desktop,Clothing,Loyal,0.55,45-54
C01155,2021-06-28,Midlands,Organic Search,Desktop,Electronics,At Risk,0.28,35-44
C01156,2024-06-26,Scotland,Direct,Mobile,Home & Garden,At Risk,0.28,35-44
C01157,2021-12-11,Scotland,Organic Search,Desktop,Clothing,Lost,0.05,25-34
C01158,2021-07-07,Wales,Email,Desktop,Sports,Lost,0.05,35-44
C01159,2021-03-28,South West,Organic Search,Mobile,Electronics,Hibernating,0.12,18-24
C01160,2022-04-12,North East,Paid Search,Tablet,Home & Garden,New,0.38,25-34
C01161,2022-11-15,Wales,Paid Search,Mobile,Books,Champions,0.72,18-24
C01162,2023-02-08,South East,Referral,Desktop,Books,At Risk,0.28,25-34
C01163,2023-03-07,London,Organic Search,Mobile,Clothing,Lost,0.05,18-24
C01164,2023-01-16,London,Organic Search,Desktop,Sports,At Risk,0.28,25-34
C01165,2023-05-17,North West,Email,Mobile,Electronics,Loyal,0.55,25-34
C01166,2023-12-19,Wales,Direct,Mobile,Electronics,Loyal,0.55,25-34
C01167,2023-05-24,Scotland,Direct,Mobile,Electronics,Hibernating,0.12,25-34
C01168,2021-06-09,Scotland,Organic Search,Mobile,Home & Garden,Loyal,0.55,25-34
C01169,2024-01-15,North West,Direct,Mobile,Electronics,New,0.38,18-24
C01170,2023-06-17,Scotland,Organic Search,Desktop,Clothing,New,0.38,55+
C01171,2024-04-07,South West,Social Media,Mobile,Electronics,At Risk,0.28,25-34
C01172,2024-10-23,South West,Direct,Mobile,Electronics,At Risk,0.28,18-24
C01173,2022-03-04,North West,Organic Search,Mobile,Toys,At Risk,0.28,25-34
C01174,2022-09-18,London,Direct,Desktop,Home & Garden,New,0.38,35-44
C01175,2024-10-25,South East,Paid Search,Mobile,Beauty,At Risk,0.28,18-24
C01176,2022-12-29,London,Social Media,Mobile,Electronics,Lost,0.05,25-34
C01177,2023-05-30,Scotland,Organic Search,Mobile,Beauty,Hibernating,0.12,35-44
C01178,2024-10-14,Yorkshire,Organic Search,Desktop,Home & Garden,New,0.38,25-34
C01179,2021-02-24,Yorkshire,Organic Search,Mobile,Electronics,New,0.38,45-54
C01180,2022-08-27,Scotland,Paid Search,Mobile,Clothing,Hibernating,0.12,18-24
C01181,2024-01-25,Yorkshire,Paid Search,Desktop,Clothing,New,0.38,25-34
C01182,2024-10-06,London,Direct,Mobile,Sports,Loyal,0.55,45-54
C01183,2022-09-15,London,Social Media,Mobile,Toys,Champions,0.72,18-24
C01184,2022-11-04,Yorkshire,Email,Mobile,Electronics,Loyal,0.55,25-34
C01185,2021-09-23,South East,Organic Search,Desktop,Toys,New,0.38,55+
C01186,2023-08-28,South East,Referral,Mobile,Home & Garden,Lost,0.05,18-24
C01187,2022-10-05,Scotland,Direct,Tablet,Clothing,New,0.38,45-54
C01188,2023-01-26,Scotland,Organic Search,Mobile,Beauty,Lost,0.05,35-44
C01189,2024-05-19,Wales,Email,Mobile,Books,Lost,0.05,35-44
C01190,2024-11-05,North West,Organic Search,Mobile,Sports,At Risk,0.28,35-44
C01191,2023-09-22,South East,Paid Search,Desktop,Beauty,New,0.38,35-44
C01192,2024-07-11,South West,Organic Search,Mobile,Electronics,New,0.38,18-24
C01193,2022-04-27,South East,Organic Search,Desktop,Beauty,Hibernating,0.12,25-34
C01194,2021-08-09,London,Paid Search,Mobile,Sports,Lost,0.05,18-24
C01195,2023-07-12,South West,Social Media,Mobile,Home & Garden,Champions,0.72,25-34
C01196,2024-05-08,Midlands,Paid Search,Desktop,Electronics,At Risk,0.28,45-54
C01197,2021-05-28,Yorkshire,Social Media,Mobile,Clothing,Hibernating,0.12,45-54
C01198,2023-12-31,North West,Email,Mobile,Clothing,New,0.38,45-54
C01199,2022-05-09,South East,Social Media,Mobile,Clothing,New,0.38,35-44
C01200,2023-02-01,South West,Paid Search,Mobile,Beauty,Champions,0.72,18-24
C01201,2023-06-10,London,Social Media,Desktop,Home & Garden,At Risk,0.28,45-54
C01202,2024-03-05,Yorkshire,Email,Desktop,Clothing,Loyal,0.55,55+
C01203,2023-02-02,London,Organic Search,Mobile,Sports,Lost,0.05,25-34
C01204,2024-10-09,South West,Organic Search,Mobile,Electronics,Loyal,0.55,35-44
C01205,2023-04-27,Wales,Referral,Mobile,Beauty,Hibernating,0.12,45-54
C01206,2023-08-27,South West,Referral,Desktop,Clothing,New,0.38,55+
C01207,2024-01-06,Midlands,Referral,Mobile,Books,At Risk,0.28,18-24
C01208,2021-09-11,South East,Social Media,Desktop,Electronics,Loyal,0.55,55+
C01209,2022-03-31,North West,Organic Search,Desktop,Beauty,Lost,0.05,18-24
C01210,2023-08-08,South West,Paid Search,Mobile,Beauty,Lost,0.05,25-34
C01211,2022-02-13,Wales,Email,Tablet,Clothing,New,0.38,25-34
C01212,2022-03-05,Scotland,Organic Search,Mobile,Home & Garden,Loyal,0.55,35-44
C01213,2022-03-22,South West,Organic Search,Mobile,Toys,At Risk,0.28,35-44
C01214,2021-05-18,North West,Paid Search,Mobile,Home & Garden,Lost,0.05,45-54
C01215,2022-03-30,Wales,Paid Search,Mobile,Home & Garden,At Risk,0.28,45-54
C01216,2023-05-22,London,Social Media,Mobile,Sports,Lost,0.05,18-24
C01217,2024-10-21,Wales,Organic Search,Mobile,Electronics,New,0.38,25-34
C01218,2021-02-23,South West,Paid Search,Mobile,Sports,Champions,0.72,45-54
C01219,2021-12-26,South West,Direct,Tablet,Clothing,Loyal,0.55,18-24
C01220,2022-04-17,London,Organic Search,Mobile,Toys,Champions,0.72,25-34
C01221,2022-09-24,Wales,Email,Mobile,Sports,Loyal,0.55,25-34
C01222,2024-05-18,North West,Paid Search,Desktop,Electronics,Loyal,0.55,35-44
C01223,2022-04-25,North West,Direct,Mobile,Home & Garden,Loyal,0.55,25-34
C01224,2021-11-15,Scotland,Social Media,Tablet,Books,At Risk,0.28,55+
C01225,2023-11-02,Yorkshire,Email,Mobile,Electronics,At Risk,0.28,45-54
C01226,2022-07-24,London,Organic Search,Mobile,Clothing,New,0.38,35-44
C01227,2021-02-28,Midlands,Email,Mobile,Electronics,Loyal,0.55,45-54
C01228,2022-08-28,Yorkshire,Organic Search,Desktop,Clothing,Loyal,0.55,18-24
C01229,2024-06-04,South West,Organic Search,Mobile,Electronics,New,0.38,35-44
C01230,2024-08-09,London,Paid Search,Desktop,Sports,New,0.38,45-54
C01231,2023-06-09,North West,Direct,Mobile,Toys,Hibernating,0.12,35-44
C01232,2024-02-26,Yorkshire,Paid Search,Desktop,Clothing,Loyal,0.55,25-34
C01233,2022-08-09,North West,Email,Desktop,Electronics,New,0.38,18-24
C01234,2023-11-19,Yorkshire,Social Media,Mobile,Electronics,Hibernating,0.12,25-34
C01235,2021-12-19,South East,Organic Search,Desktop,Sports,Loyal,0.55,45-54
C01236,2022-12-17,South West,Direct,Mobile,Electronics,Lost,0.05,45-54
C01237,2023-12-29,Scotland,Social Media,Tablet,Beauty,Hibernating,0.12,25-34
C01238,2021-05-17,South East,Organic Search,Desktop,Beauty,Hibernating,0.12,55+
C01239,2022-02-19,Midlands,Referral,Desktop,Sports,New,0.38,55+
C01240,2024-06-29,Scotland,Social Media,Desktop,Electronics,Loyal,0.55,18-24
C01241,2022-01-17,Midlands,Social Media,Mobile,Home & Garden,At Risk,0.28,45-54
C01242,2021-02-09,North East,Email,Desktop,Electronics,At Risk,0.28,45-54
C01243,2022-05-26,London,Paid Search,Desktop,Home & Garden,Loyal,0.55,25-34
C01244,2023-01-01,London,Direct,Mobile,Beauty,Champions,0.72,45-54
C01245,2022-02-22,Scotland,Organic Search,Desktop,Home & Garden,New,0.38,25-34
C01246,2023-04-18,Scotland,Paid Search,Mobile,Toys,At Risk,0.28,45-54
C01247,2024-11-24,Yorkshire,Paid Search,Desktop,Electronics,Loyal,0.55,45-54
C01248,2022-02-02,London,Paid Search,Desktop,Home & Garden,At Risk,0.28,35-44
C01249,2024-06-19,London,Organic Search,Mobile,Electronics,At Risk,0.28,35-44
C01250,2023-12-05,London,Social Media,Mobile,Home & Garden,Hibernating,0.12,45-54
C01251,2024-01-06,London,Email,Mobile,Books,Hibernating,0.12,45-54
C01252,2024-02-10,Midlands,Paid Search,Desktop,Books,New,0.38,35-44
C01253,2024-04-08,Scotland,Paid Search,Desktop,Sports,New,0.38,25-34
C01254,2022-06-14,North West,Paid Search,Tablet,Electronics,Hibernating,0.12,35-44
C01255,2023-04-08,Scotland,Paid Search,Mobile,Beauty,Lost,0.05,25-34
C01256,2022-08-31,North West,Social Media,Mobile,Beauty,Lost,0.05,18-24
C01257,2021-07-27,South East,Email,Mobile,Sports,Loyal,0.55,55+
C01258,2023-10-02,London,Email,Mobile,Clothing,At Risk,0.28,25-34
C01259,2021-12-14,London,Email,Mobile,Sports,At Risk,0.28,18-24
C01260,2022-08-15,Scotland,Email,Desktop,Books,Loyal,0.55,55+
C01261,2022-11-28,Scotland,Organic Search,Desktop,Beauty,Loyal,0.55,45-54
C01262,2022-05-18,Wales,Organic Search,Mobile,Home & Garden,New,0.38,55+
C01263,2021-11-07,South East,Paid Search,Mobile,Sports,Loyal,0.55,45-54
C01264,2022-12-31,North East,Organic Search,Mobile,Electronics,Hibernating,0.12,18-24
C01265,2021-01-24,North East,Social Media,Mobile,Home & Garden,Lost,0.05,25-34
C01266,2024-04-02,London,Paid Search,Tablet,Clothing,New,0.38,55+
C01267,2021-03-09,London,Organic Search,Desktop,Home & Garden,At Risk,0.28,35-44
C01268,2023-08-28,South West,Social Media,Mobile,Electronics,New,0.38,55+
C01269,2024-09-22,South West,Social Media,Desktop,Electronics,Loyal,0.55,25-34
C01270,2021-02-26,South East,Paid Search,Mobile,Electronics,Hibernating,0.12,45-54
C01271,2022-07-03,Midlands,Organic Search,Mobile,Beauty,At Risk,0.28,35-44
C01272,2023-11-15,London,Email,Desktop,Home & Garden,Lost,0.05,25-34
C01273,2021-11-13,Wales,Social Media,Desktop,Sports,Loyal,0.55,18-24
C01274,2024-01-17,North West,Paid Search,Desktop,Electronics,New,0.38,25-34
C01275,2024-03-12,North West,Organic Search,Mobile,Toys,Lost,0.05,35-44
C01276,2021-08-22,North East,Social Media,Mobile,Sports,Hibernating,0.12,35-44
C01277,2024-02-18,South East,Organic Search,Mobile,Electronics,New,0.38,25-34
C01278,2023-01-02,North West,Organic Search,Mobile,Sports,At Risk,0.28,18-24
C01279,2024-08-15,South West,Organic Search,Mobile,Clothing,At Risk,0.28,25-34
C01280,2022-09-04,Yorkshire,Paid Search,Desktop,Beauty,Loyal,0.55,35-44
C01281,2021-09-16,London,Paid Search,Desktop,Beauty,New,0.38,35-44
C01282,2021-06-14,North West,Paid Search,Mobile,Electronics,Champions,0.72,45-54
C01283,2023-11-20,Yorkshire,Paid Search,Desktop,Clothing,Loyal,0.55,35-44
C01284,2022-10-22,North West,Paid Search,Mobile,Books,At Risk,0.28,25-34
C01285,2022-05-01,London,Organic Search,Mobile,Toys,Lost,0.05,25-34
C01286,2023-02-10,London,Email,Mobile,Sports,New,0.38,25-34
C01287,2021-10-02,South East,Direct,Mobile,Toys,At Risk,0.28,45-54
C01288,2024-02-26,Yorkshire,Email,Desktop,Sports,New,0.38,25-34
C01289,2024-01-30,Midlands,Paid Search,Mobile,Books,Hibernating,0.12,35-44
C01290,2021-09-07,South East,Paid Search,Mobile,Home & Garden,Loyal,0.55,25-34
C01291,2021-09-10,Scotland,Paid Search,Tablet,Electronics,At Risk,0.28,55+
C01292,2021-10-02,Yorkshire,Email,Mobile,Beauty,Champions,0.72,25-34
C01293,2022-06-19,London,Organic Search,Mobile,Home & Garden,Champions,0.72,18-24
C01294,2021-02-24,London,Social Media,Mobile,Clothing,At Risk,0.28,18-24
C01295,2021-11-29,Scotland,Paid Search,Desktop,Electronics,Lost,0.05,35-44
C01296,2021-04-11,Yorkshire,Organic Search,Desktop,Clothing,Hibernating,0.12,25-34
C01297,2024-09-27,Wales,Email,Mobile,Home & Garden,Hibernating,0.12,55+
C01298,2023-10-21,South West,Social Media,Desktop,Sports,New,0.38,35-44
C01299,2023-05-25,Scotland,Organic Search,Desktop,Electronics,New,0.38,55+
C01300,2023-08-26,London,Organic Search,Desktop,Sports,Champions,0.72,35-44
C01301,2023-06-17,North West,Direct,Desktop,Electronics,Loyal,0.55,25-34
C01302,2023-10-15,London,Social Media,Mobile,Electronics,Loyal,0.55,25-34
C01303,2023-12-31,Yorkshire,Organic Search,Mobile,Electronics,Hibernating,0.12,25-34
C01304,2021-10-29,London,Paid Search,Mobile,Clothing,At Risk,0.28,18-24
C01305,2022-08-02,South West,Social Media,Mobile,Beauty,Lost,0.05,45-54
C01306,2023-12-14,South East,Paid Search,Mobile,Electronics,Lost,0.05,18-24
C01307,2021-06-07,Scotland,Organic Search,Desktop,Beauty,Hibernating,0.12,18-24
C01308,2022-07-12,Scotland,Social Media,Mobile,Clothing,Hibernating,0.12,35-44
C01309,2023-10-27,Wales,Organic Search,Desktop,Electronics,Loyal,0.55,18-24
C01310,2021-02-21,London,Paid Search,Mobile,Clothing,At Risk,0.28,18-24
C01311,2021-11-05,North West,Referral,Mobile,Home & Garden,Loyal,0.55,25-34
C01312,2021-01-20,London,Paid Search,Mobile,Electronics,At Risk,0.28,45-54
C01313,2024-06-09,London,Email,Desktop,Electronics,At Risk,0.28,25-34
C01314,2023-11-24,South East,Paid Search,Desktop,Electronics,Loyal,0.55,35-44
C01315,2023-10-10,South East,Paid Search,Mobile,Home & Garden,New,0.38,25-34
C01316,2021-08-04,Scotland,Paid Search,Desktop,Electronics,Champions,0.72,25-34
C01317,2024-08-25,North West,Social Media,Mobile,Books,At Risk,0.28,18-24
C01318,2022-01-08,North East,Paid Search,Mobile,Home & Garden,New,0.38,18-24
C01319,2022-12-07,North East,Direct,Desktop,Electronics,Champions,0.72,18-24
C01320,2023-11-27,Yorkshire,Organic Search,Tablet,Electronics,Hibernating,0.12,55+
C01321,2023-07-22,Midlands,Email,Mobile,Sports,Champions,0.72,45-54
C01322,2022-07-12,Scotland,Organic Search,Mobile,Beauty,New,0.38,35-44
C01323,2022-05-26,South West,Organic Search,Tablet,Clothing,Loyal,0.55,18-24
C01324,2024-06-11,London,Social Media,Tablet,Books,Lost,0.05,55+
C01325,2021-01-16,London,Organic Search,Mobile,Electronics,At Risk,0.28,25-34
C01326,2022-02-22,Scotland,Organic Search,Desktop,Home & Garden,Loyal,0.55,18-24
C01327,2022-11-04,Wales,Paid Search,Desktop,Beauty,Champions,0.72,45-54
C01328,2022-01-06,Scotland,Email,Mobile,Clothing,Hibernating,0.12,25-34
C01329,2024-10-15,Scotland,Organic Search,Desktop,Clothing,Champions,0.72,55+
C01330,2023-02-19,Midlands,Email,Mobile,Home & Garden,At Risk,0.28,45-54
C01331,2024-04-04,London,Email,Desktop,Electronics,New,0.38,18-24
C01332,2024-03-10,London,Email,Desktop,Home & Garden,Loyal,0.55,18-24
C01333,2022-06-04,South East,Paid Search,Mobile,Sports,At Risk,0.28,55+
C01334,2023-11-30,South East,Social Media,Tablet,Home & Garden,Loyal,0.55,25-34
C01335,2023-04-10,London,Email,Mobile,Electronics,New,0.38,35-44
C01336,2022-10-07,North West,Social Media,Mobile,Home & Garden,Loyal,0.55,35-44
C01337,2022-08-24,Midlands,Social Media,Mobile,Clothing,New,0.38,18-24
C01338,2023-02-22,London,Paid Search,Mobile,Electronics,Loyal,0.55,45-54
C01339,2024-11-16,North East,Email,Desktop,Home & Garden,At Risk,0.28,18-24
C01340,2023-06-11,Scotland,Email,Mobile,Electronics,New,0.38,35-44
C01341,2024-03-01,South East,Paid Search,Mobile,Toys,At Risk,0.28,18-24
C01342,2023-12-18,London,Organic Search,Desktop,Sports,Champions,0.72,35-44
C01343,2022-05-11,Midlands,Paid Search,Mobile,Electronics,At Risk,0.28,25-34
C01344,2023-09-20,London,Social Media,Desktop,Home & Garden,Lost,0.05,25-34
C01345,2022-10-12,Scotland,Paid Search,Mobile,Home & Garden,Loyal,0.55,25-34
C01346,2021-07-15,North West,Organic Search,Mobile,Electronics,New,0.38,25-34
C01347,2022-06-15,Yorkshire,Social Media,Mobile,Sports,New,0.38,45-54
C01348,2022-06-06,London,Paid Search,Mobile,Electronics,Lost,0.05,35-44
C01349,2023-11-16,North West,Referral,Tablet,Electronics,Hibernating,0.12,18-24
C01350,2022-07-20,Midlands,Referral,Desktop,Clothing,At Risk,0.28,25-34
C01351,2022-08-22,Wales,Social Media,Desktop,Beauty,Hibernating,0.12,25-34
C01352,2022-12-07,Wales,Paid Search,Desktop,Clothing,Loyal,0.55,35-44
C01353,2024-10-26,North East,Social Media,Desktop,Beauty,At Risk,0.28,25-34
C01354,2023-05-05,Scotland,Social Media,Mobile,Beauty,New,0.38,35-44
C01355,2021-04-28,South East,Email,Mobile,Clothing,Lost,0.05,35-44
C01356,2022-10-26,London,Paid Search,Desktop,Sports,Lost,0.05,35-44
C01357,2024-03-31,Scotland,Paid Search,Desktop,Clothing,Hibernating,0.12,25-34
C01358,2022-02-05,North West,Paid Search,Mobile,Beauty,New,0.38,45-54
C01359,2023-08-01,North West,Paid Search,Desktop,Toys,At Risk,0.28,55+
C01360,2024-08-19,Yorkshire,Email,Desktop,Electronics,Lost,0.05,55+
C01361,2024-03-07,South West,Direct,Mobile,Home & Garden,Hibernating,0.12,35-44
C01362,2022-03-06,North East,Email,Desktop,Electronics,Loyal,0.55,35-44
C01363,2024-11-26,Midlands,Email,Mobile,Clothing,Lost,0.05,35-44
C01364,2022-08-30,London,Social Media,Desktop,Clothing,Hibernating,0.12,35-44
C01365,2023-02-27,London,Organic Search,Tablet,Home & Garden,Hibernating,0.12,35-44
C01366,2023-03-16,London,Direct,Mobile,Clothing,Hibernating,0.12,35-44
C01367,2023-12-02,London,Organic Search,Mobile,Clothing,Lost,0.05,45-54
C01368,2022-06-24,Midlands,Email,Mobile,Home & Garden,New,0.38,55+
C01369,2022-05-30,North West,Organic Search,Desktop,Beauty,At Risk,0.28,45-54
C01370,2022-09-19,South East,Referral,Desktop,Electronics,Loyal,0.55,35-44
C01371,2022-06-06,Scotland,Organic Search,Desktop,Books,New,0.38,35-44
C01372,2022-08-09,Yorkshire,Email,Mobile,Books,Lost,0.05,18-24
C01373,2022-01-05,Wales,Paid Search,Mobile,Home & Garden,New,0.38,45-54
C01374,2023-06-15,London,Paid Search,Mobile,Books,At Risk,0.28,45-54
C01375,2022-09-13,Midlands,Paid Search,Mobile,Sports,New,0.38,35-44
C01376,2023-07-28,Scotland,Paid Search,Desktop,Electronics,At Risk,0.28,18-24
C01377,2021-06-05,London,Social Media,Mobile,Home & Garden,Loyal,0.55,25-34
C01378,2022-10-29,North West,Email,Desktop,Beauty,New,0.38,35-44
C01379,2022-10-20,South East,Organic Search,Mobile,Sports,At Risk,0.28,25-34
C01380,2021-10-06,South East,Social Media,Mobile,Clothing,Loyal,0.55,25-34
C01381,2021-12-26,Yorkshire,Paid Search,Desktop,Home & Garden,Loyal,0.55,45-54
C01382,2024-02-26,Midlands,Referral,Mobile,Clothing,New,0.38,35-44
C01383,2022-01-26,North West,Social Media,Mobile,Electronics,New,0.38,35-44
C01384,2024-10-04,Scotland,Social Media,Tablet,Sports,Hibernating,0.12,35-44
C01385,2023-10-25,North West,Organic Search,Mobile,Home & Garden,New,0.38,35-44
C01386,2024-07-24,South West,Email,Mobile,Home & Garden,At Risk,0.28,18-24
C01387,2023-07-18,Yorkshire,Social Media,Mobile,Beauty,Loyal,0.55,18-24
C01388,2021-10-09,Scotland,Paid Search,Mobile,Electronics,Hibernating,0.12,45-54
C01389,2022-05-28,Midlands,Organic Search,Desktop,Electronics,At Risk,0.28,35-44
C01390,2022-06-23,Midlands,Paid Search,Tablet,Electronics,Loyal,0.55,18-24
C01391,2023-09-03,South East,Paid Search,Desktop,Beauty,New,0.38,45-54
C01392,2024-08-01,North West,Social Media,Mobile,Home & Garden,Loyal,0.55,35-44
C01393,2022-03-03,Midlands,Social Media,Desktop,Clothing,New,0.38,55+
C01394,2022-09-04,North West,Paid Search,Mobile,Home & Garden,Lost,0.05,25-34
C01395,2024-07-04,South West,Paid Search,Desktop,Clothing,Loyal,0.55,45-54
C01396,2023-07-12,Midlands,Social Media,Mobile,Clothing,Loyal,0.55,45-54
C01397,2023-12-26,Scotland,Email,Desktop,Clothing,New,0.38,18-24
C01398,2024-05-12,South East,Email,Mobile,Sports,Champions,0.72,25-34
C01399,2021-02-18,Wales,Social Media,Desktop,Clothing,Loyal,0.55,45-54
C01400,2024-09-21,Yorkshire,Email,Tablet,Toys,Loyal,0.55,25-34
C01401,2022-08-26,South East,Social Media,Mobile,Clothing,New,0.38,35-44
C01402,2022-12-24,South East,Email,Mobile,Clothing,New,0.38,25-34
C01403,2024-02-24,London,Email,Mobile,Beauty,Loyal,0.55,18-24
C01404,2023-09-29,Scotland,Email,Desktop,Clothing,At Risk,0.28,45-54
C01405,2024-03-02,Midlands,Paid Search,Tablet,Clothing,Loyal,0.55,55+
C01406,2022-12-26,North West,Social Media,Desktop,Clothing,New,0.38,45-54
C01407,2023-08-29,South East,Email,Desktop,Clothing,Lost,0.05,18-24
C01408,2021-04-22,London,Organic Search,Mobile,Electronics,Loyal,0.55,18-24
C01409,2021-06-09,North West,Paid Search,Mobile,Home & Garden,New,0.38,18-24
C01410,2024-01-20,London,Email,Desktop,Electronics,At Risk,0.28,55+
C01411,2022-05-13,London,Social Media,Mobile,Sports,New,0.38,55+
C01412,2022-09-19,South East,Social Media,Mobile,Beauty,New,0.38,18-24
C01413,2023-08-14,Scotland,Referral,Desktop,Clothing,Lost,0.05,18-24
C01414,2024-04-13,London,Organic Search,Desktop,Clothing,New,0.38,18-24
C01415,2024-05-07,Yorkshire,Email,Mobile,Beauty,At Risk,0.28,25-34
C01416,2024-05-28,Yorkshire,Paid Search,Mobile,Books,New,0.38,25-34
C01417,2023-09-24,Wales,Referral,Mobile,Books,Champions,0.72,25-34
C01418,2021-03-19,South East,Organic Search,Mobile,Home & Garden,Hibernating,0.12,18-24
C01419,2021-07-28,South East,Email,Mobile,Clothing,Loyal,0.55,25-34
C01420,2023-02-20,Wales,Email,Mobile,Electronics,Hibernating,0.12,55+
C01421,2021-06-05,North West,Social Media,Tablet,Clothing,Loyal,0.55,25-34
C01422,2021-03-16,Yorkshire,Email,Desktop,Clothing,At Risk,0.28,35-44
C01423,2023-09-06,South East,Social Media,Mobile,Clothing,Loyal,0.55,25-34
C01424,2024-10-30,Yorkshire,Referral,Mobile,Books,Champions,0.72,45-54
C01425,2024-11-06,Scotland,Organic Search,Mobile,Beauty,New,0.38,35-44
C01426,2022-08-14,Midlands,Organic Search,Desktop,Beauty,New,0.38,18-24
C01427,2022-02-14,Yorkshire,Social Media,Mobile,Clothing,Lost,0.05,18-24
C01428,2022-11-15,North West,Social Media,Desktop,Clothing,At Risk,0.28,25-34
C01429,2024-03-03,London,Organic Search,Mobile,Clothing,At Risk,0.28,35-44
C01430,2023-12-28,Scotland,Paid Search,Mobile,Beauty,At Risk,0.28,25-34
C01431,2021-08-25,Scotland,Organic Search,Mobile,Clothing,Loyal,0.55,55+
C01432,2021-07-15,London,Organic Search,Desktop,Beauty,New,0.38,45-54
C01433,2022-07-18,North East,Email,Mobile,Books,Loyal,0.55,18-24
C01434,2024-05-01,South West,Organic Search,Mobile,Books,Lost,0.05,25-34
C01435,2022-08-29,North West,Social Media,Mobile,Electronics,Champions,0.72,35-44
C01436,2023-09-09,Wales,Referral,Desktop,Beauty,Loyal,0.55,25-34
C01437,2022-04-03,Wales,Organic Search,Mobile,Clothing,Loyal,0.55,35-44
C01438,2023-11-07,London,Paid Search,Mobile,Electronics,New,0.38,45-54
C01439,2021-01-29,South East,Organic Search,Mobile,Clothing,Hibernating,0.12,25-34
C01440,2021-04-27,North West,Direct,Desktop,Books,Lost,0.05,25-34
C01441,2024-01-02,South East,Organic Search,Mobile,Beauty,Loyal,0.55,18-24
C01442,2024-01-20,North West,Email,Mobile,Beauty,Hibernating,0.12,35-44
C01443,2021-01-21,London,Paid Search,Desktop,Electronics,At Risk,0.28,25-34
C01444,2024-11-21,South East,Social Media,Mobile,Electronics,Champions,0.72,25-34
C01445,2023-09-01,London,Organic Search,Mobile,Home & Garden,Loyal,0.55,25-34
C01446,2024-09-19,Midlands,Organic Search,Desktop,Home & Garden,At Risk,0.28,45-54
C01447,2022-02-21,Yorkshire,Email,Desktop,Home & Garden,Loyal,0.55,55+
C01448,2023-04-24,North West,Email,Mobile,Sports,At Risk,0.28,25-34
C01449,2022-09-08,Yorkshire,Organic Search,Desktop,Clothing,Loyal,0.55,35-44
C01450,2021-10-27,Yorkshire,Social Media,Desktop,Clothing,New,0.38,55+
C01451,2023-09-27,South East,Organic Search,Mobile,Beauty,Loyal,0.55,35-44
C01452,2021-10-02,South West,Organic Search,Mobile,Home & Garden,Hibernating,0.12,18-24
C01453,2024-09-09,Yorkshire,Social Media,Desktop,Electronics,At Risk,0.28,35-44
C01454,2022-01-18,Wales,Paid Search,Mobile,Electronics,Champions,0.72,45-54
C01455,2021-07-15,South East,Organic Search,Mobile,Home & Garden,Lost,0.05,55+
C01456,2023-12-19,Wales,Direct,Desktop,Clothing,Loyal,0.55,35-44
C01457,2021-05-14,South East,Paid Search,Desktop,Clothing,New,0.38,25-34
C01458,2022-09-24,Yorkshire,Email,Tablet,Electronics,New,0.38,35-44
C01459,2024-05-17,London,Paid Search,Mobile,Clothing,Lost,0.05,35-44
C01460,2024-10-28,Yorkshire,Organic Search,Mobile,Home & Garden,Loyal,0.55,18-24
C01461,2024-07-12,Midlands,Direct,Desktop,Electronics,Hibernating,0.12,55+
C01462,2024-05-09,London,Email,Mobile,Beauty,Loyal,0.55,45-54
C01463,2024-06-11,London,Organic Search,Desktop,Clothing,Hibernating,0.12,18-24
C01464,2022-10-02,South West,Email,Mobile,Electronics,Lost,0.05,25-34
C01465,2022-08-31,Scotland,Paid Search,Tablet,Toys,New,0.38,55+
C01466,2024-04-10,North West,Organic Search,Mobile,Beauty,At Risk,0.28,35-44
C01467,2024-07-25,London,Direct,Mobile,Beauty,Loyal,0.55,45-54
C01468,2021-02-20,North West,Social Media,Desktop,Beauty,New,0.38,45-54
C01469,2022-11-28,South West,Referral,Mobile,Home & Garden,Hibernating,0.12,45-54
C01470,2021-05-29,Midlands,Paid Search,Mobile,Sports,Champions,0.72,35-44
C01471,2023-09-28,Wales,Social Media,Desktop,Electronics,New,0.38,18-24
C01472,2022-02-01,South East,Paid Search,Mobile,Clothing,Loyal,0.55,35-44
C01473,2021-08-03,North West,Social Media,Mobile,Electronics,Champions,0.72,35-44
C01474,2022-10-01,South East,Social Media,Mobile,Clothing,Lost,0.05,25-34
C01475,2024-01-16,South East,Referral,Desktop,Beauty,Loyal,0.55,45-54
C01476,2024-01-06,South West,Social Media,Mobile,Clothing,New,0.38,25-34
C01477,2024-08-23,Wales,Paid Search,Tablet,Books,At Risk,0.28,35-44
C01478,2023-04-10,North West,Direct,Mobile,Home & Garden,Champions,0.72,35-44
C01479,2023-09-21,Wales,Paid Search,Desktop,Electronics,Loyal,0.55,35-44
C01480,2024-02-11,Midlands,Email,Mobile,Electronics,Hibernating,0.12,55+
C01481,2023-07-16,Midlands,Referral,Desktop,Books,At Risk,0.28,25-34
C01482,2023-11-20,London,Social Media,Desktop,Clothing,Hibernating,0.12,18-24
C01483,2024-07-27,South East,Organic Search,Mobile,Clothing,New,0.38,35-44
C01484,2022-01-21,Wales,Email,Mobile,Beauty,Hibernating,0.12,25-34
C01485,2021-07-21,South West,Organic Search,Desktop,Home & Garden,New,0.38,35-44
C01486,2023-12-26,North West,Social Media,Desktop,Clothing,Champions,0.72,25-34
C01487,2022-09-18,Wales,Referral,Mobile,Electronics,Champions,0.72,25-34
C01488,2021-02-04,North West,Email,Mobile,Home & Garden,At Risk,0.28,35-44
C01489,2022-11-25,Scotland,Email,Mobile,Electronics,Lost,0.05,18-24
C01490,2022-11-17,Midlands,Direct,Mobile,Books,Champions,0.72,45-54
C01491,2021-01-14,Wales,Paid Search,Mobile,Electronics,Lost,0.05,25-34
C01492,2023-11-27,North East,Direct,Mobile,Books,Lost,0.05,25-34
C01493,2023-11-12,Wales,Paid Search,Mobile,Clothing,New,0.38,18-24
C01494,2021-02-07,Wales,Email,Desktop,Books,At Risk,0.28,35-44
C01495,2021-10-17,South West,Organic Search,Mobile,Clothing,Champions,0.72,25-34
C01496,2023-01-23,Midlands,Direct,Tablet,Clothing,Lost,0.05,25-34
C01497,2024-08-02,Yorkshire,Referral,Mobile,Electronics,Lost,0.05,35-44
C01498,2022-07-09,South East,Organic Search,Desktop,Toys,Hibernating,0.12,45-54
C01499,2022-04-13,Yorkshire,Paid Search,Mobile,Electronics,New,0.38,25-34
C01500,2024-08-26,South East,Organic Search,Mobile,Home & Garden,Hibernating,0.12,25-34
C01501,2022-12-20,South East,Direct,Desktop,Sports,At Risk,0.28,45-54
C01502,2024-04-03,London,Paid Search,Mobile,Home & Garden,Loyal,0.55,35-44
C01503,2021-09-20,Wales,Email,Mobile,Home & Garden,Champions,0.72,35-44
C01504,2021-05-22,London,Email,Mobile,Clothing,At Risk,0.28,35-44
C01505,2023-11-29,North West,Social Media,Desktop,Electronics,Loyal,0.55,35-44
C01506,2023-02-24,South East,Email,Desktop,Electronics,At Risk,0.28,25-34
C01507,2022-11-25,North West,Email,Desktop,Home & Garden,Hibernating,0.12,35-44
C01508,2023-07-30,South West,Paid Search,Mobile,Clothing,Champions,0.72,18-24
C01509,2022-03-30,Wales,Organic Search,Tablet,Beauty,Lost,0.05,35-44
C01510,2021-12-29,Scotland,Paid Search,Desktop,Home & Garden,Champions,0.72,35-44
C01511,2022-12-23,Midlands,Paid Search,Mobile,Clothing,Loyal,0.55,18-24
C01512,2021-03-25,London,Paid Search,Mobile,Books,New,0.38,45-54
C01513,2023-06-28,North East,Social Media,Mobile,Sports,Hibernating,0.12,25-34
C01514,2021-10-22,South East,Organic Search,Desktop,Electronics,Loyal,0.55,25-34
C01515,2023-07-01,London,Paid Search,Desktop,Sports,At Risk,0.28,25-34
C01516,2022-01-14,South West,Paid Search,Mobile,Sports,Champions,0.72,35-44
C01517,2023-02-07,Yorkshire,Organic Search,Mobile,Clothing,Loyal,0.55,45-54
C01518,2024-11-02,North West,Paid Search,Mobile,Home & Garden,At Risk,0.28,25-34
C01519,2022-01-09,Yorkshire,Social Media,Desktop,Clothing,New,0.38,18-24
C01520,2024-03-15,Yorkshire,Email,Mobile,Electronics,Champions,0.72,45-54
C01521,2022-08-20,South East,Social Media,Desktop,Clothing,New,0.38,45-54
C01522,2021-04-22,South East,Social Media,Mobile,Clothing,Loyal,0.55,35-44
C01523,2022-07-15,London,Email,Desktop,Beauty,At Risk,0.28,35-44
C01524,2023-01-11,South West,Organic Search,Mobile,Clothing,Loyal,0.55,45-54
C01525,2023-02-15,Midlands,Social Media,Desktop,Clothing,Champions,0.72,25-34
C01526,2021-06-29,Midlands,Email,Mobile,Toys,At Risk,0.28,18-24
C01527,2023-02-04,Scotland,Organic Search,Mobile,Clothing,At Risk,0.28,35-44
C01528,2022-10-21,Wales,Organic Search,Desktop,Toys,Loyal,0.55,18-24
C01529,2023-09-20,Scotland,Direct,Desktop,Clothing,Lost,0.05,55+
C01530,2022-12-16,South East,Paid Search,Mobile,Beauty,Loyal,0.55,55+
C01531,2021-05-28,Yorkshire,Paid Search,Mobile,Electronics,Champions,0.72,25-34
C01532,2023-05-01,London,Direct,Mobile,Home & Garden,Lost,0.05,45-54
C01533,2022-05-17,North West,Paid Search,Tablet,Sports,At Risk,0.28,18-24
C01534,2021-08-05,London,Referral,Desktop,Clothing,New,0.38,35-44
C01535,2024-07-14,South West,Paid Search,Tablet,Sports,At Risk,0.28,25-34
C01536,2022-02-10,North East,Social Media,Mobile,Electronics,Loyal,0.55,18-24
C01537,2021-11-13,Scotland,Organic Search,Desktop,Electronics,New,0.38,55+
C01538,2021-01-09,South East,Paid Search,Tablet,Electronics,Lost,0.05,35-44
C01539,2024-06-22,South East,Email,Mobile,Books,New,0.38,18-24
C01540,2024-02-20,London,Social Media,Mobile,Home & Garden,Lost,0.05,25-34
C01541,2023-04-08,London,Email,Mobile,Beauty,Hibernating,0.12,25-34
C01542,2024-03-03,South East,Paid Search,Desktop,Toys,New,0.38,35-44
C01543,2024-04-02,North West,Paid Search,Tablet,Home & Garden,Lost,0.05,35-44
C01544,2021-03-09,South East,Social Media,Mobile,Electronics,Loyal,0.55,35-44
C01545,2023-06-05,London,Email,Desktop,Sports,At Risk,0.28,55+
C01546,2022-05-03,North West,Paid Search,Mobile,Electronics,At Risk,0.28,45-54
C01547,2023-07-06,Scotland,Paid Search,Mobile,Toys,At Risk,0.28,35-44
C01548,2022-06-10,South East,Social Media,Mobile,Sports,Champions,0.72,35-44
C01549,2024-05-22,Scotland,Organic Search,Mobile,Toys,Lost,0.05,45-54
C01550,2021-01-05,Scotland,Paid Search,Tablet,Sports,Hibernating,0.12,25-34
C01551,2023-01-31,Yorkshire,Paid Search,Mobile,Clothing,New,0.38,25-34
C01552,2024-06-18,London,Organic Search,Desktop,Home & Garden,Lost,0.05,25-34
C01553,2021-06-24,Wales,Organic Search,Mobile,Clothing,Hibernating,0.12,35-44
C01554,2024-03-23,South West,Email,Mobile,Electronics,Loyal,0.55,45-54
C01555,2023-11-28,North East,Social Media,Mobile,Electronics,At Risk,0.28,55+
C01556,2021-12-02,Yorkshire,Direct,Mobile,Electronics,New,0.38,35-44
C01557,2023-07-28,Scotland,Direct,Desktop,Electronics,Loyal,0.55,25-34
C01558,2023-08-25,South West,Paid Search,Tablet,Beauty,At Risk,0.28,55+
C01559,2021-04-19,North West,Organic Search,Mobile,Clothing,Lost,0.05,35-44
C01560,2023-10-02,Yorkshire,Email,Tablet,Books,Hibernating,0.12,25-34
C01561,2024-02-09,London,Organic Search,Mobile,Home & Garden,Loyal,0.55,45-54
C01562,2021-07-04,South West,Paid Search,Mobile,Clothing,Loyal,0.55,35-44
C01563,2023-01-31,South West,Social Media,Mobile,Clothing,Loyal,0.55,45-54
C01564,2021-07-05,Scotland,Email,Mobile,Clothing,New,0.38,45-54
C01565,2021-12-23,South East,Paid Search,Desktop,Electronics,New,0.38,35-44
C01566,2022-03-22,London,Social Media,Mobile,Beauty,Champions,0.72,25-34
C01567,2023-10-03,South West,Organic Search,Mobile,Home & Garden,Hibernating,0.12,25-34
C01568,2024-01-02,North West,Paid Search,Mobile,Sports,New,0.38,25-34
C01569,2023-11-18,South West,Direct,Mobile,Electronics,Hibernating,0.12,45-54
C01570,2024-04-28,Scotland,Organic Search,Desktop,Beauty,Champions,0.72,55+
C01571,2021-06-29,Scotland,Paid Search,Mobile,Books,At Risk,0.28,35-44
C01572,2024-09-01,Midlands,Social Media,Desktop,Books,Loyal,0.55,25-34
C01573,2023-08-17,Yorkshire,Organic Search,Mobile,Home & Garden,Hibernating,0.12,35-44
C01574,2024-05-27,London,Paid Search,Desktop,Clothing,New,0.38,35-44
C01575,2022-11-21,Wales,Organic Search,Mobile,Clothing,Loyal,0.55,45-54
C01576,2024-11-17,North West,Paid Search,Mobile,Electronics,Hibernating,0.12,35-44
C01577,2022-09-02,Scotland,Direct,Tablet,Books,At Risk,0.28,18-24
C01578,2021-03-25,North West,Direct,Mobile,Home & Garden,Loyal,0.55,35-44
C01579,2023-03-23,Scotland,Social Media,Mobile,Beauty,Champions,0.72,35-44
C01580,2022-11-29,Scotland,Social Media,Mobile,Home & Garden,Loyal,0.55,18-24
C01581,2023-04-20,South East,Email,Desktop,Electronics,Loyal,0.55,25-34
C01582,2024-10-06,North East,Direct,Mobile,Beauty,Lost,0.05,18-24
C01583,2021-02-06,Yorkshire,Direct,Desktop,Clothing,At Risk,0.28,25-34
C01584,2024-05-04,London,Email,Mobile,Electronics,Champions,0.72,25-34
C01585,2022-07-30,Midlands,Email,Mobile,Electronics,Hibernating,0.12,35-44
C01586,2021-09-01,Yorkshire,Social Media,Desktop,Clothing,Lost,0.05,35-44
C01587,2021-08-09,South East,Email,Mobile,Beauty,Hibernating,0.12,35-44
C01588,2023-04-17,North West,Paid Search,Desktop,Electronics,At Risk,0.28,35-44
C01589,2023-03-31,South East,Social Media,Desktop,Beauty,Hibernating,0.12,45-54
C01590,2022-12-19,Midlands,Organic Search,Mobile,Clothing,At Risk,0.28,45-54
C01591,2021-01-23,South East,Social Media,Mobile,Clothing,At Risk,0.28,45-54
C01592,2021-04-02,Midlands,Organic Search,Mobile,Electronics,Lost,0.05,55+
C01593,2023-05-21,Wales,Organic Search,Mobile,Clothing,Loyal,0.55,45-54
C01594,2021-09-13,London,Organic Search,Mobile,Sports,Lost,0.05,45-54
C01595,2023-04-04,Yorkshire,Social Media,Mobile,Clothing,Lost,0.05,25-34
C01596,2023-11-07,London,Email,Desktop,Home & Garden,Lost,0.05,35-44
C01597,2022-03-07,North East,Organic Search,Desktop,Clothing,At Risk,0.28,25-34
C01598,2023-03-04,London,Organic Search,Desktop,Clothing,Loyal,0.55,35-44
C01599,2024-01-03,Scotland,Organic Search,Desktop,Home & Garden,Loyal,0.55,55+
C01600,2022-08-06,Scotland,Social Media,Desktop,Electronics,At Risk,0.28,25-34
C01601,2023-06-15,London,Paid Search,Mobile,Home & Garden,New,0.38,18-24
C01602,2021-11-08,Midlands,Direct,Desktop,Electronics,At Risk,0.28,18-24
C01603,2023-09-09,North West,Social Media,Mobile,Beauty,New,0.38,18-24
C01604,2022-06-15,South West,Organic Search,Mobile,Beauty,At Risk,0.28,25-34
C01605,2024-11-04,Midlands,Paid Search,Mobile,Home & Garden,New,0.38,35-44
C01606,2022-01-09,London,Direct,Mobile,Home & Garden,New,0.38,45-54
C01607,2024-08-16,Wales,Paid Search,Desktop,Beauty,Loyal,0.55,45-54
C01608,2023-03-21,South East,Direct,Desktop,Home & Garden,New,0.38,25-34
C01609,2022-07-30,London,Organic Search,Mobile,Electronics,New,0.38,25-34
C01610,2022-02-10,Scotland,Organic Search,Tablet,Toys,At Risk,0.28,18-24
C01611,2024-06-20,North East,Email,Desktop,Beauty,At Risk,0.28,18-24
C01612,2023-07-22,Midlands,Direct,Desktop,Clothing,New,0.38,25-34
C01613,2022-05-31,Wales,Organic Search,Desktop,Home & Garden,Champions,0.72,18-24
C01614,2021-02-28,London,Referral,Mobile,Clothing,Loyal,0.55,55+
C01615,2022-05-13,Wales,Email,Desktop,Home & Garden,Hibernating,0.12,35-44
C01616,2021-12-26,Scotland,Organic Search,Mobile,Sports,At Risk,0.28,35-44
C01617,2023-01-24,London,Paid Search,Mobile,Home & Garden,Lost,0.05,45-54
C01618,2022-12-05,London,Social Media,Mobile,Home & Garden,Loyal,0.55,25-34
C01619,2021-11-08,London,Paid Search,Mobile,Toys,At Risk,0.28,18-24
C01620,2022-03-05,Scotland,Paid Search,Desktop,Toys,New,0.38,55+
C01621,2023-09-21,South East,Paid Search,Mobile,Clothing,Lost,0.05,55+
C01622,2022-05-14,Midlands,Paid Search,Mobile,Home & Garden,At Risk,0.28,45-54
C01623,2024-02-18,Scotland,Organic Search,Desktop,Clothing,Loyal,0.55,45-54
C01624,2021-09-03,Midlands,Paid Search,Mobile,Clothing,Hibernating,0.12,55+
C01625,2021-03-20,North East,Email,Desktop,Electronics,Hibernating,0.12,35-44
C01626,2021-12-26,London,Organic Search,Mobile,Sports,Lost,0.05,25-34
C01627,2024-02-13,London,Paid Search,Desktop,Clothing,Champions,0.72,45-54
C01628,2022-11-01,London,Paid Search,Mobile,Clothing,New,0.38,55+
C01629,2021-04-07,Scotland,Direct,Mobile,Clothing,Hibernating,0.12,45-54
C01630,2021-02-01,London,Email,Desktop,Electronics,Lost,0.05,18-24
C01631,2024-08-25,South East,Paid Search,Mobile,Beauty,New,0.38,18-24
C01632,2022-02-23,Wales,Paid Search,Mobile,Home & Garden,Lost,0.05,25-34
C01633,2021-11-27,Wales,Organic Search,Mobile,Sports,Lost,0.05,35-44
C01634,2023-04-25,Yorkshire,Paid Search,Desktop,Clothing,Hibernating,0.12,18-24
C01635,2022-11-26,London,Paid Search,Mobile,Clothing,New,0.38,55+
C01636,2024-02-20,Wales,Social Media,Mobile,Home & Garden,At Risk,0.28,35-44
C01637,2023-02-28,North West,Organic Search,Mobile,Clothing,Lost,0.05,18-24
C01638,2023-12-29,London,Email,Mobile,Home & Garden,New,0.38,45-54
C01639,2023-10-04,Yorkshire,Direct,Desktop,Books,New,0.38,35-44
C01640,2024-11-27,London,Direct,Desktop,Sports,At Risk,0.28,35-44
C01641,2021-06-02,South East,Direct,Mobile,Electronics,Champions,0.72,45-54
C01642,2024-07-01,Wales,Paid Search,Tablet,Beauty,New,0.38,18-24
C01643,2022-01-07,South West,Organic Search,Desktop,Electronics,Champions,0.72,18-24
C01644,2021-05-27,South East,Organic Search,Mobile,Clothing,Hibernating,0.12,18-24
C01645,2024-11-22,South East,Direct,Desktop,Home & Garden,Hibernating,0.12,35-44
C01646,2024-04-27,North West,Social Media,Mobile,Electronics,New,0.38,25-34
C01647,2021-09-21,North East,Email,Desktop,Clothing,New,0.38,35-44
C01648,2024-11-06,Wales,Organic Search,Desktop,Beauty,Hibernating,0.12,18-24
C01649,2021-05-05,London,Organic Search,Mobile,Electronics,New,0.38,35-44
C01650,2021-08-07,North West,Referral,Tablet,Electronics,Hibernating,0.12,45-54
C01651,2021-10-17,South East,Organic Search,Desktop,Toys,At Risk,0.28,25-34
C01652,2022-11-17,North West,Paid Search,Mobile,Beauty,Hibernating,0.12,18-24
C01653,2021-01-23,Wales,Social Media,Mobile,Electronics,New,0.38,35-44
C01654,2021-11-03,Midlands,Organic Search,Mobile,Toys,Lost,0.05,18-24
C01655,2022-06-02,Wales,Paid Search,Mobile,Home & Garden,At Risk,0.28,18-24
C01656,2024-10-25,South West,Organic Search,Mobile,Electronics,New,0.38,35-44
C01657,2023-11-03,North West,Direct,Tablet,Clothing,New,0.38,55+
C01658,2021-11-03,London,Direct,Desktop,Home & Garden,New,0.38,55+
C01659,2022-08-13,North East,Organic Search,Mobile,Home & Garden,Lost,0.05,35-44
C01660,2021-05-28,South East,Email,Mobile,Beauty,At Risk,0.28,18-24
C01661,2023-09-15,North East,Organic Search,Desktop,Electronics,Loyal,0.55,25-34
C01662,2021-01-22,Scotland,Organic Search,Desktop,Electronics,New,0.38,25-34
C01663,2021-07-26,North East,Organic Search,Tablet,Clothing,Loyal,0.55,35-44
C01664,2024-02-08,North East,Paid Search,Mobile,Clothing,New,0.38,25-34
C01665,2024-02-10,North West,Email,Mobile,Electronics,Hibernating,0.12,35-44
C01666,2024-08-14,Midlands,Referral,Desktop,Clothing,Hibernating,0.12,45-54
C01667,2023-08-27,Midlands,Paid Search,Mobile,Clothing,New,0.38,35-44
C01668,2021-03-27,North East,Social Media,Mobile,Clothing,New,0.38,35-44
C01669,2023-09-15,Scotland,Paid Search,Mobile,Books,Loyal,0.55,25-34
C01670,2024-07-08,North East,Direct,Desktop,Beauty,Hibernating,0.12,25-34
C01671,2022-02-16,London,Social Media,Desktop,Clothing,At Risk,0.28,45-54
C01672,2023-07-12,London,Paid Search,Tablet,Electronics,Champions,0.72,25-34
C01673,2024-11-02,Scotland,Paid Search,Mobile,Beauty,New,0.38,55+
C01674,2023-03-08,North West,Organic Search,Desktop,Sports,New,0.38,35-44
C01675,2021-11-03,Yorkshire,Direct,Mobile,Clothing,Hibernating,0.12,25-34
C01676,2021-05-13,North West,Email,Mobile,Electronics,Hibernating,0.12,55+
C01677,2023-09-14,Scotland,Email,Desktop,Sports,At Risk,0.28,55+
C01678,2023-04-19,Midlands,Paid Search,Desktop,Electronics,Lost,0.05,18-24
C01679,2022-06-04,Midlands,Paid Search,Desktop,Sports,At Risk,0.28,35-44
C01680,2021-02-08,London,Email,Mobile,Clothing,Loyal,0.55,25-34
C01681,2022-01-10,South East,Social Media,Mobile,Clothing,Champions,0.72,35-44
C01682,2024-01-25,Scotland,Organic Search,Tablet,Electronics,Champions,0.72,25-34
C01683,2023-05-04,Scotland,Paid Search,Mobile,Sports,Loyal,0.55,25-34
C01684,2024-03-06,South West,Organic Search,Mobile,Clothing,Loyal,0.55,35-44
C01685,2024-06-20,London,Referral,Mobile,Beauty,Champions,0.72,18-24
C01686,2022-06-04,Yorkshire,Referral,Tablet,Beauty,Hibernating,0.12,35-44
C01687,2023-08-17,Wales,Email,Mobile,Clothing,At Risk,0.28,18-24
C01688,2021-08-21,Midlands,Organic Search,Desktop,Clothing,New,0.38,45-54
C01689,2023-06-16,Scotland,Social Media,Mobile,Home & Garden,Loyal,0.55,25-34
C01690,2021-01-18,North West,Paid Search,Mobile,Electronics,Lost,0.05,45-54
C01691,2021-07-31,London,Paid Search,Desktop,Home & Garden,Hibernating,0.12,45-54
C01692,2022-03-02,South East,Email,Desktop,Clothing,Champions,0.72,18-24
C01693,2023-07-16,North West,Organic Search,Mobile,Clothing,Lost,0.05,25-34
C01694,2022-01-22,North East,Paid Search,Tablet,Electronics,Loyal,0.55,55+
C01695,2022-07-16,London,Paid Search,Mobile,Clothing,Hibernating,0.12,25-34
C01696,2024-08-01,Scotland,Paid Search,Mobile,Electronics,New,0.38,18-24
C01697,2021-02-27,Yorkshire,Organic Search,Desktop,Toys,Loyal,0.55,25-34
C01698,2023-07-04,South East,Referral,Mobile,Home & Garden,Hibernating,0.12,18-24
C01699,2022-02-14,North West,Email,Mobile,Electronics,New,0.38,55+
C01700,2022-12-11,Scotland,Email,Mobile,Sports,Champions,0.72,45-54
C01701,2021-01-10,North West,Organic Search,Mobile,Electronics,Loyal,0.55,25-34
C01702,2021-09-20,Midlands,Organic Search,Mobile,Beauty,Hibernating,0.12,25-34
C01703,2021-11-04,London,Email,Desktop,Beauty,New,0.38,25-34
C01704,2024-08-13,Yorkshire,Social Media,Mobile,Electronics,Lost,0.05,55+
C01705,2024-11-28,London,Organic Search,Mobile,Books,Lost,0.05,35-44
C01706,2023-05-06,Scotland,Paid Search,Mobile,Sports,New,0.38,25-34
C01707,2021-02-01,Yorkshire,Paid Search,Desktop,Electronics,Loyal,0.55,25-34
C01708,2023-01-08,London,Email,Mobile,Electronics,Hibernating,0.12,25-34
C01709,2021-04-05,London,Email,Mobile,Sports,Champions,0.72,18-24
C01710,2023-08-21,Scotland,Email,Mobile,Electronics,Loyal,0.55,55+
C01711,2021-06-05,Scotland,Email,Mobile,Home & Garden,At Risk,0.28,35-44
C01712,2024-10-06,South West,Organic Search,Mobile,Books,Lost,0.05,45-54
C01713,2024-03-26,North West,Social Media,Mobile,Home & Garden,Loyal,0.55,18-24
C01714,2021-06-10,Yorkshire,Email,Tablet,Electronics,Loyal,0.55,35-44
C01715,2021-10-30,Scotland,Direct,Mobile,Electronics,Hibernating,0.12,25-34
C01716,2022-11-14,Wales,Paid Search,Mobile,Clothing,Champions,0.72,25-34
C01717,2021-10-12,Scotland,Email,Mobile,Clothing,New,0.38,18-24
C01718,2022-12-06,North West,Organic Search,Mobile,Toys,At Risk,0.28,25-34
C01719,2022-08-05,London,Paid Search,Desktop,Books,Lost,0.05,35-44
C01720,2021-01-24,Scotland,Organic Search,Desktop,Electronics,New,0.38,35-44
C01721,2022-03-10,London,Organic Search,Desktop,Home & Garden,Hibernating,0.12,45-54
C01722,2023-10-30,South West,Email,Mobile,Sports,New,0.38,45-54
C01723,2021-03-13,North West,Paid Search,Mobile,Clothing,At Risk,0.28,18-24
C01724,2021-10-26,London,Paid Search,Mobile,Beauty,Loyal,0.55,25-34
C01725,2022-12-12,North West,Organic Search,Desktop,Clothing,New,0.38,55+
C01726,2021-02-21,Yorkshire,Paid Search,Mobile,Electronics,At Risk,0.28,45-54
C01727,2024-06-19,North West,Organic Search,Desktop,Home & Garden,New,0.38,35-44
C01728,2024-10-20,Yorkshire,Social Media,Desktop,Clothing,At Risk,0.28,25-34
C01729,2021-01-30,South West,Paid Search,Desktop,Books,Loyal,0.55,45-54
C01730,2021-09-26,Midlands,Direct,Mobile,Clothing,Lost,0.05,45-54
C01731,2022-02-20,Scotland,Paid Search,Mobile,Books,New,0.38,25-34
C01732,2023-08-17,London,Email,Mobile,Clothing,Lost,0.05,18-24
C01733,2023-08-31,South East,Paid Search,Mobile,Home & Garden,At Risk,0.28,25-34
C01734,2023-01-29,South West,Organic Search,Desktop,Beauty,Loyal,0.55,45-54
C01735,2023-08-12,Wales,Social Media,Mobile,Beauty,At Risk,0.28,25-34
C01736,2022-09-15,Yorkshire,Email,Mobile,Clothing,At Risk,0.28,25-34
C01737,2024-04-11,London,Direct,Desktop,Books,Champions,0.72,55+
C01738,2022-01-08,North West,Email,Desktop,Books,New,0.38,25-34
C01739,2022-01-15,Midlands,Social Media,Desktop,Clothing,At Risk,0.28,25-34
C01740,2023-09-28,Wales,Paid Search,Mobile,Clothing,New,0.38,18-24
C01741,2024-07-06,South East,Organic Search,Mobile,Home & Garden,Hibernating,0.12,25-34
C01742,2023-09-16,London,Social Media,Mobile,Electronics,New,0.38,45-54
C01743,2022-07-03,North East,Direct,Mobile,Electronics,Hibernating,0.12,35-44
C01744,2024-03-17,Wales,Email,Mobile,Toys,Loyal,0.55,35-44
C01745,2024-11-23,North West,Email,Mobile,Clothing,At Risk,0.28,25-34
C01746,2024-03-25,North West,Organic Search,Mobile,Clothing,New,0.38,35-44
C01747,2024-04-27,London,Organic Search,Tablet,Clothing,New,0.38,45-54
C01748,2022-04-20,London,Social Media,Mobile,Electronics,Loyal,0.55,35-44
C01749,2021-01-21,South East,Direct,Desktop,Books,New,0.38,35-44
C01750,2023-07-23,Scotland,Organic Search,Mobile,Clothing,Lost,0.05,25-34
C01751,2022-02-20,London,Paid Search,Desktop,Home & Garden,New,0.38,55+
C01752,2023-04-28,Scotland,Direct,Mobile,Beauty,New,0.38,18-24
C01753,2021-06-20,North West,Email,Mobile,Clothing,Loyal,0.55,18-24
C01754,2021-12-29,London,Organic Search,Mobile,Toys,Champions,0.72,25-34
C01755,2023-06-03,Scotland,Email,Mobile,Home & Garden,Hibernating,0.12,45-54
C01756,2022-09-12,Scotland,Direct,Mobile,Electronics,New,0.38,35-44
C01757,2023-01-23,Wales,Organic Search,Mobile,Sports,Champions,0.72,25-34
C01758,2021-04-16,Wales,Social Media,Mobile,Clothing,New,0.38,35-44
C01759,2024-01-22,London,Social Media,Mobile,Clothing,Lost,0.05,18-24
C01760,2022-01-14,North East,Paid Search,Mobile,Sports,At Risk,0.28,25-34
C01761,2021-08-01,Midlands,Organic Search,Mobile,Home & Garden,New,0.38,55+
C01762,2021-07-02,South East,Paid Search,Tablet,Clothing,New,0.38,18-24
C01763,2021-02-27,Yorkshire,Referral,Desktop,Beauty,New,0.38,45-54
C01764,2021-07-16,London,Organic Search,Mobile,Home & Garden,New,0.38,55+
C01765,2022-09-25,London,Direct,Desktop,Electronics,Lost,0.05,55+
C01766,2022-04-24,Midlands,Referral,Desktop,Beauty,At Risk,0.28,25-34
C01767,2021-09-27,Scotland,Social Media,Desktop,Clothing,At Risk,0.28,45-54
C01768,2024-03-10,Wales,Email,Desktop,Beauty,Hibernating,0.12,45-54
C01769,2021-05-28,Yorkshire,Paid Search,Mobile,Clothing,At Risk,0.28,25-34
C01770,2022-02-03,London,Organic Search,Desktop,Clothing,Loyal,0.55,35-44
C01771,2022-05-22,Wales,Referral,Mobile,Home & Garden,New,0.38,35-44
C01772,2022-12-05,Scotland,Organic Search,Mobile,Electronics,Champions,0.72,35-44
C01773,2024-07-10,London,Referral,Desktop,Electronics,Loyal,0.55,45-54
C01774,2024-07-22,Yorkshire,Paid Search,Mobile,Books,New,0.38,35-44
C01775,2024-11-04,Midlands,Organic Search,Mobile,Clothing,Lost,0.05,35-44
C01776,2022-12-28,Scotland,Organic Search,Mobile,Toys,New,0.38,25-34
C01777,2023-07-27,North West,Direct,Desktop,Home & Garden,At Risk,0.28,45-54
C01778,2023-10-13,Yorkshire,Paid Search,Desktop,Home & Garden,New,0.38,45-54
C01779,2024-05-10,London,Organic Search,Mobile,Sports,Hibernating,0.12,55+
C01780,2021-04-13,London,Paid Search,Mobile,Clothing,Loyal,0.55,35-44
C01781,2022-03-03,South West,Social Media,Desktop,Home & Garden,Champions,0.72,55+
C01782,2024-10-07,London,Organic Search,Mobile,Home & Garden,At Risk,0.28,55+
C01783,2024-05-21,Scotland,Organic Search,Mobile,Beauty,At Risk,0.28,18-24
C01784,2022-08-30,Midlands,Organic Search,Desktop,Electronics,At Risk,0.28,55+
C01785,2022-10-31,South West,Organic Search,Mobile,Home & Garden,New,0.38,25-34
C01786,2022-07-27,South East,Organic Search,Desktop,Books,Hibernating,0.12,18-24
C01787,2024-02-23,South West,Paid Search,Mobile,Toys,New,0.38,55+
C01788,2023-11-20,Midlands,Direct,Desktop,Beauty,Champions,0.72,18-24
C01789,2021-06-17,North West,Direct,Mobile,Toys,Lost,0.05,55+
C01790,2024-11-30,South East,Direct,Mobile,Clothing,New,0.38,25-34
C01791,2021-06-22,London,Paid Search,Mobile,Sports,Loyal,0.55,55+
C01792,2024-05-11,South West,Organic Search,Mobile,Beauty,Hibernating,0.12,25-34
C01793,2021-06-10,North East,Email,Desktop,Home & Garden,At Risk,0.28,25-34
C01794,2021-03-08,South East,Organic Search,Desktop,Electronics,New,0.38,45-54
C01795,2021-07-25,London,Paid Search,Tablet,Sports,New,0.38,25-34
C01796,2023-05-29,Yorkshire,Direct,Desktop,Home & Garden,New,0.38,25-34
C01797,2022-03-20,London,Email,Tablet,Beauty,At Risk,0.28,35-44
C01798,2024-02-13,North West,Paid Search,Tablet,Sports,Lost,0.05,25-34
C01799,2023-04-30,North West,Organic Search,Mobile,Books,Champions,0.72,45-54
C01800,2023-01-24,South West,Organic Search,Desktop,Home & Garden,At Risk,0.28,25-34
C01801,2021-09-15,London,Organic Search,Mobile,Clothing,New,0.38,45-54
C01802,2023-02-13,North West,Social Media,Desktop,Electronics,New,0.38,25-34
C01803,2023-11-26,North West,Organic Search,Mobile,Clothing,Champions,0.72,25-34
C01804,2022-08-14,North East,Organic Search,Mobile,Clothing,New,0.38,18-24
C01805,2021-04-10,Scotland,Referral,Mobile,Electronics,Loyal,0.55,45-54
C01806,2024-02-21,South East,Social Media,Mobile,Electronics,Lost,0.05,35-44
C01807,2023-04-10,Midlands,Organic Search,Desktop,Home & Garden,Hibernating,0.12,25-34
C01808,2021-09-21,Scotland,Organic Search,Mobile,Sports,Lost,0.05,35-44
C01809,2022-10-07,Yorkshire,Social Media,Mobile,Electronics,Hibernating,0.12,25-34
C01810,2021-11-16,London,Organic Search,Mobile,Electronics,Champions,0.72,18-24
C01811,2023-09-26,South East,Paid Search,Mobile,Beauty,New,0.38,45-54
C01812,2022-06-06,Midlands,Email,Mobile,Electronics,At Risk,0.28,35-44
C01813,2021-05-13,South East,Organic Search,Mobile,Electronics,At Risk,0.28,35-44
C01814,2022-09-09,South West,Organic Search,Desktop,Electronics,New,0.38,18-24
C01815,2024-11-12,Yorkshire,Email,Mobile,Sports,New,0.38,55+
C01816,2024-09-28,Yorkshire,Paid Search,Desktop,Clothing,Hibernating,0.12,55+
C01817,2024-06-18,Scotland,Direct,Desktop,Electronics,Lost,0.05,55+
C01818,2022-11-11,London,Social Media,Mobile,Clothing,New,0.38,55+
C01819,2024-11-10,North East,Social Media,Mobile,Home & Garden,Lost,0.05,35-44
C01820,2021-03-14,London,Organic Search,Desktop,Home & Garden,Hibernating,0.12,25-34
C01821,2022-08-14,South East,Paid Search,Desktop,Electronics,Champions,0.72,25-34
C01822,2022-12-22,North West,Organic Search,Mobile,Electronics,Lost,0.05,18-24
C01823,2021-05-19,North East,Direct,Mobile,Toys,Lost,0.05,18-24
C01824,2022-04-29,South West,Organic Search,Desktop,Home & Garden,Champions,0.72,18-24
C01825,2022-02-27,Wales,Email,Desktop,Beauty,Loyal,0.55,35-44
C01826,2024-06-01,North West,Email,Tablet,Electronics,New,0.38,55+
C01827,2024-05-17,North East,Organic Search,Desktop,Electronics,At Risk,0.28,18-24
C01828,2023-07-03,South West,Email,Mobile,Sports,New,0.38,55+
C01829,2023-08-17,North West,Social Media,Desktop,Home & Garden,At Risk,0.28,25-34
C01830,2021-02-20,North East,Email,Tablet,Clothing,Loyal,0.55,35-44
C01831,2024-04-23,North West,Direct,Mobile,Home & Garden,At Risk,0.28,55+
C01832,2022-05-05,Scotland,Paid Search,Desktop,Clothing,Loyal,0.55,25-34
C01833,2024-03-21,South East,Organic Search,Mobile,Toys,At Risk,0.28,55+
C01834,2021-07-11,London,Social Media,Desktop,Home & Garden,Lost,0.05,25-34
C01835,2021-05-06,South East,Paid Search,Mobile,Clothing,New,0.38,55+
C01836,2023-02-15,London,Email,Mobile,Beauty,Lost,0.05,45-54
C01837,2022-10-02,South West,Organic Search,Mobile,Clothing,New,0.38,18-24
C01838,2024-10-08,London,Organic Search,Mobile,Beauty,At Risk,0.28,25-34
C01839,2022-09-25,Scotland,Direct,Desktop,Clothing,At Risk,0.28,35-44
C01840,2023-08-13,London,Organic Search,Desktop,Sports,New,0.38,25-34
C01841,2023-12-02,Yorkshire,Paid Search,Mobile,Beauty,Lost,0.05,35-44
C01842,2022-12-31,North West,Email,Mobile,Home & Garden,New,0.38,25-34
C01843,2023-09-11,North West,Social Media,Tablet,Sports,New,0.38,55+
C01844,2022-03-28,Scotland,Social Media,Mobile,Beauty,Loyal,0.55,35-44
C01845,2022-05-10,Midlands,Paid Search,Mobile,Electronics,At Risk,0.28,25-34
C01846,2024-02-27,Scotland,Email,Mobile,Toys,New,0.38,18-24
C01847,2024-01-03,Scotland,Paid Search,Desktop,Clothing,Lost,0.05,35-44
C01848,2021-02-17,Yorkshire,Paid Search,Mobile,Toys,New,0.38,18-24
C01849,2023-01-25,South West,Organic Search,Mobile,Home & Garden,Hibernating,0.12,25-34
C01850,2024-02-24,London,Organic Search,Mobile,Home & Garden,Lost,0.05,45-54
C01851,2022-12-02,North West,Organic Search,Mobile,Home & Garden,Lost,0.05,45-54
C01852,2023-10-17,South East,Email,Tablet,Clothing,Hibernating,0.12,55+
C01853,2022-03-07,North West,Paid Search,Tablet,Electronics,At Risk,0.28,25-34
C01854,2023-08-30,Scotland,Organic Search,Mobile,Clothing,Hibernating,0.12,35-44
C01855,2023-02-19,North West,Paid Search,Desktop,Electronics,Champions,0.72,35-44
C01856,2024-04-16,London,Organic Search,Mobile,Electronics,At Risk,0.28,25-34
C01857,2024-02-21,North East,Organic Search,Mobile,Clothing,Lost,0.05,18-24
C01858,2024-09-17,South West,Email,Mobile,Electronics,Hibernating,0.12,35-44
C01859,2023-08-19,North West,Organic Search,Mobile,Sports,Loyal,0.55,45-54
C01860,2021-05-10,North East,Organic Search,Mobile,Clothing,Champions,0.72,25-34
C01861,2024-05-05,Yorkshire,Email,Mobile,Home & Garden,At Risk,0.28,55+
C01862,2021-12-06,Scotland,Paid Search,Desktop,Electronics,Hibernating,0.12,25-34
C01863,2021-11-21,North West,Referral,Desktop,Books,New,0.38,25-34
C01864,2022-03-11,North West,Organic Search,Mobile,Electronics,At Risk,0.28,55+
C01865,2023-07-08,Wales,Paid Search,Desktop,Clothing,At Risk,0.28,45-54
C01866,2023-02-02,London,Email,Mobile,Clothing,At Risk,0.28,35-44
C01867,2023-12-15,Wales,Paid Search,Mobile,Electronics,At Risk,0.28,25-34
C01868,2022-11-16,North East,Organic Search,Mobile,Clothing,New,0.38,25-34
C01869,2023-10-11,South East,Paid Search,Desktop,Electronics,Hibernating,0.12,35-44
C01870,2021-01-20,North West,Email,Mobile,Toys,New,0.38,25-34
C01871,2022-01-30,North East,Organic Search,Desktop,Electronics,Hibernating,0.12,25-34
C01872,2023-04-13,North West,Social Media,Desktop,Clothing,Lost,0.05,35-44
C01873,2022-10-16,Scotland,Organic Search,Mobile,Home & Garden,Lost,0.05,25-34
C01874,2024-03-24,London,Organic Search,Mobile,Electronics,Hibernating,0.12,45-54
C01875,2024-04-20,South East,Organic Search,Desktop,Books,Loyal,0.55,45-54
C01876,2022-11-22,North West,Paid Search,Mobile,Clothing,New,0.38,35-44
C01877,2021-02-17,Scotland,Email,Mobile,Home & Garden,New,0.38,25-34
C01878,2021-02-11,Midlands,Email,Tablet,Beauty,At Risk,0.28,25-34
C01879,2024-02-29,South East,Organic Search,Desktop,Home & Garden,Champions,0.72,18-24
C01880,2023-10-09,Scotland,Social Media,Desktop,Home & Garden,Hibernating,0.12,45-54
C01881,2024-06-23,Yorkshire,Email,Mobile,Electronics,Champions,0.72,25-34
C01882,2024-11-21,London,Organic Search,Mobile,Sports,Loyal,0.55,25-34
C01883,2022-02-09,North West,Email,Desktop,Toys,New,0.38,25-34
C01884,2024-07-24,South East,Email,Desktop,Electronics,Loyal,0.55,25-34
C01885,2024-03-30,Scotland,Social Media,Tablet,Home & Garden,Lost,0.05,25-34
C01886,2022-01-06,Scotland,Paid Search,Mobile,Books,New,0.38,18-24
C01887,2023-12-03,North West,Organic Search,Mobile,Clothing,New,0.38,35-44
C01888,2023-05-19,South West,Social Media,Mobile,Sports,Lost,0.05,25-34
C01889,2021-06-12,North West,Organic Search,Mobile,Books,New,0.38,35-44
C01890,2021-04-20,South West,Organic Search,Tablet,Home & Garden,Loyal,0.55,35-44
C01891,2021-08-16,London,Social Media,Tablet,Clothing,Hibernating,0.12,35-44
C01892,2021-03-16,London,Organic Search,Desktop,Beauty,New,0.38,35-44
C01893,2023-01-01,North West,Organic Search,Mobile,Home & Garden,At Risk,0.28,35-44
C01894,2024-10-17,North East,Organic Search,Mobile,Clothing,Lost,0.05,45-54
C01895,2023-08-15,Scotland,Direct,Desktop,Books,Champions,0.72,45-54
C01896,2022-11-21,North West,Organic Search,Mobile,Home & Garden,Loyal,0.55,35-44
C01897,2021-04-15,Yorkshire,Organic Search,Desktop,Books,Loyal,0.55,45-54
C01898,2024-07-10,Yorkshire,Organic Search,Desktop,Clothing,Hibernating,0.12,18-24
C01899,2023-08-25,North West,Organic Search,Mobile,Clothing,Loyal,0.55,18-24
C01900,2023-06-20,South West,Email,Desktop,Home & Garden,New,0.38,25-34
C01901,2023-07-21,North West,Email,Desktop,Home & Garden,Hibernating,0.12,35-44
C01902,2021-05-09,London,Social Media,Desktop,Home & Garden,At Risk,0.28,45-54
C01903,2024-08-26,North West,Organic Search,Tablet,Beauty,At Risk,0.28,35-44
C01904,2022-12-31,Midlands,Organic Search,Mobile,Electronics,Loyal,0.55,35-44
C01905,2022-03-23,Yorkshire,Paid Search,Mobile,Clothing,Lost,0.05,45-54
C01906,2023-02-14,Wales,Social Media,Mobile,Home & Garden,At Risk,0.28,25-34
C01907,2024-01-26,South West,Organic Search,Desktop,Sports,Champions,0.72,25-34
C01908,2021-04-12,Yorkshire,Social Media,Desktop,Clothing,Loyal,0.55,25-34
C01909,2022-12-02,London,Social Media,Tablet,Electronics,Champions,0.72,35-44
C01910,2021-08-12,London,Email,Tablet,Clothing,Hibernating,0.12,45-54
C01911,2021-11-02,Midlands,Organic Search,Tablet,Clothing,New,0.38,35-44
C01912,2022-07-10,South East,Email,Tablet,Electronics,Hibernating,0.12,35-44
C01913,2023-12-09,Yorkshire,Organic Search,Mobile,Clothing,Hibernating,0.12,55+
C01914,2023-04-01,Midlands,Paid Search,Desktop,Home & Garden,At Risk,0.28,18-24
C01915,2021-04-17,South East,Social Media,Desktop,Electronics,At Risk,0.28,25-34
C01916,2023-07-07,Wales,Social Media,Mobile,Sports,Lost,0.05,25-34
C01917,2021-01-31,South West,Direct,Mobile,Clothing,New,0.38,55+
C01918,2021-10-14,Scotland,Email,Mobile,Electronics,Hibernating,0.12,35-44
C01919,2022-01-01,Yorkshire,Organic Search,Mobile,Electronics,Hibernating,0.12,25-34
C01920,2024-01-17,London,Email,Mobile,Beauty,Loyal,0.55,35-44
C01921,2022-09-27,Yorkshire,Direct,Desktop,Clothing,Loyal,0.55,55+
C01922,2024-09-28,London,Direct,Mobile,Sports,Lost,0.05,45-54
C01923,2022-08-25,Scotland,Email,Tablet,Toys,New,0.38,18-24
C01924,2023-04-10,Scotland,Paid Search,Mobile,Books,Loyal,0.55,35-44
C01925,2022-05-17,Scotland,Organic Search,Desktop,Electronics,New,0.38,18-24
C01926,2021-02-16,Scotland,Paid Search,Desktop,Home & Garden,New,0.38,25-34
C01927,2024-09-27,Midlands,Organic Search,Mobile,Books,At Risk,0.28,45-54
C01928,2022-04-05,North East,Organic Search,Mobile,Home & Garden,Champions,0.72,25-34
C01929,2022-09-27,London,Organic Search,Mobile,Electronics,Hibernating,0.12,18-24
C01930,2022-11-20,North West,Referral,Mobile,Clothing,Lost,0.05,45-54
C01931,2024-03-15,London,Email,Mobile,Toys,New,0.38,55+
C01932,2021-06-26,Wales,Social Media,Mobile,Toys,Hibernating,0.12,45-54
C01933,2023-01-31,South East,Direct,Mobile,Clothing,Champions,0.72,25-34
C01934,2024-11-06,Scotland,Direct,Mobile,Electronics,At Risk,0.28,18-24
C01935,2021-01-14,London,Organic Search,Mobile,Books,Hibernating,0.12,35-44
C01936,2024-07-07,Yorkshire,Email,Desktop,Beauty,Lost,0.05,45-54
C01937,2024-10-31,South West,Referral,Tablet,Clothing,Champions,0.72,25-34
C01938,2021-05-23,Scotland,Paid Search,Mobile,Electronics,Loyal,0.55,45-54
C01939,2023-01-13,North West,Referral,Desktop,Sports,Hibernating,0.12,55+
C01940,2022-09-14,South East,Paid Search,Mobile,Sports,New,0.38,18-24
C01941,2022-07-21,North West,Paid Search,Mobile,Clothing,At Risk,0.28,35-44
C01942,2021-05-26,Scotland,Paid Search,Desktop,Books,New,0.38,45-54
C01943,2023-06-20,London,Social Media,Mobile,Home & Garden,Lost,0.05,25-34
C01944,2022-07-27,Wales,Email,Mobile,Home & Garden,At Risk,0.28,25-34
C01945,2022-07-05,Midlands,Paid Search,Mobile,Clothing,Loyal,0.55,45-54
C01946,2021-08-21,Midlands,Email,Mobile,Books,At Risk,0.28,35-44
C01947,2023-09-04,Scotland,Direct,Mobile,Clothing,Hibernating,0.12,55+
C01948,2023-10-23,Scotland,Direct,Mobile,Clothing,New,0.38,35-44
C01949,2022-02-03,Scotland,Paid Search,Mobile,Beauty,Loyal,0.55,35-44
C01950,2023-01-02,Wales,Direct,Desktop,Clothing,Loyal,0.55,45-54
C01951,2023-07-30,North West,Paid Search,Mobile,Electronics,Champions,0.72,25-34
C01952,2021-07-26,Midlands,Social Media,Mobile,Sports,At Risk,0.28,55+
C01953,2022-01-04,Yorkshire,Organic Search,Mobile,Home & Garden,Loyal,0.55,35-44
C01954,2024-05-09,South West,Email,Tablet,Clothing,Loyal,0.55,35-44
C01955,2023-04-27,London,Organic Search,Mobile,Home & Garden,Hibernating,0.12,45-54
C01956,2022-10-25,North West,Email,Mobile,Clothing,New,0.38,45-54
C01957,2022-08-03,London,Direct,Mobile,Books,Lost,0.05,25-34
C01958,2021-07-18,South West,Email,Mobile,Clothing,Lost,0.05,25-34
C01959,2023-01-23,Scotland,Paid Search,Mobile,Clothing,Lost,0.05,18-24
C01960,2024-05-27,London,Direct,Mobile,Home & Garden,Loyal,0.55,35-44
C01961,2021-01-07,Midlands,Social Media,Mobile,Books,Loyal,0.55,18-24
C01962,2024-02-04,Midlands,Paid Search,Mobile,Sports,New,0.38,25-34
C01963,2023-08-10,Midlands,Email,Tablet,Clothing,At Risk,0.28,25-34
C01964,2024-03-23,North West,Organic Search,Mobile,Electronics,Lost,0.05,55+
C01965,2023-01-17,North West,Paid Search,Desktop,Clothing,At Risk,0.28,25-34
C01966,2021-08-14,North East,Paid Search,Desktop,Clothing,Loyal,0.55,25-34
C01967,2024-05-26,Midlands,Organic Search,Desktop,Books,Loyal,0.55,18-24
C01968,2024-01-18,Midlands,Organic Search,Mobile,Clothing,New,0.38,25-34
C01969,2022-06-02,North West,Paid Search,Tablet,Beauty,New,0.38,55+
C01970,2021-06-05,South East,Email,Mobile,Electronics,At Risk,0.28,45-54
C01971,2024-08-25,Scotland,Organic Search,Desktop,Books,At Risk,0.28,25-34
C01972,2023-01-10,Wales,Organic Search,Mobile,Clothing,Lost,0.05,45-54
C01973,2024-10-15,North West,Email,Mobile,Clothing,At Risk,0.28,35-44
C01974,2022-01-27,North West,Organic Search,Mobile,Clothing,At Risk,0.28,18-24
C01975,2023-08-10,London,Paid Search,Mobile,Clothing,Loyal,0.55,25-34
C01976,2022-09-06,London,Social Media,Tablet,Sports,Lost,0.05,25-34
C01977,2021-03-29,Scotland,Direct,Desktop,Clothing,At Risk,0.28,55+
C01978,2023-10-16,North West,Paid Search,Desktop,Sports,At Risk,0.28,45-54
C01979,2022-02-01,South East,Organic Search,Mobile,Clothing,At Risk,0.28,35-44
C01980,2021-07-25,South East,Referral,Desktop,Electronics,At Risk,0.28,18-24
C01981,2023-04-05,South West,Direct,Mobile,Clothing,New,0.38,45-54
C01982,2023-01-04,Wales,Paid Search,Mobile,Electronics,Lost,0.05,25-34
C01983,2023-12-25,London,Organic Search,Mobile,Sports,Hibernating,0.12,35-44
C01984,2023-10-14,South West,Direct,Mobile,Electronics,Loyal,0.55,35-44
C01985,2024-06-28,North West,Referral,Mobile,Electronics,Loyal,0.55,35-44
C01986,2024-11-25,Scotland,Direct,Desktop,Books,Loyal,0.55,25-34
C01987,2024-01-27,London,Paid Search,Desktop,Home & Garden,New,0.38,25-34
C01988,2023-11-09,South East,Paid Search,Desktop,Electronics,Loyal,0.55,55+
C01989,2021-11-04,London,Email,Mobile,Beauty,Loyal,0.55,35-44
C01990,2024-02-12,North West,Paid Search,Mobile,Electronics,Loyal,0.55,35-44
C01991,2024-10-23,Scotland,Paid Search,Desktop,Clothing,New,0.38,18-24
C01992,2021-10-01,South East,Social Media,Mobile,Sports,Lost,0.05,55+
C01993,2024-08-21,London,Social Media,Mobile,Electronics,Champions,0.72,25-34
C01994,2024-08-24,South West,Email,Desktop,Electronics,Lost,0.05,25-34
C01995,2024-03-30,North East,Email,Desktop,Electronics,Lost,0.05,45-54
C01996,2023-11-02,South West,Paid Search,Mobile,Clothing,Lost,0.05,25-34
C01997,2024-09-22,South East,Social Media,Mobile,Clothing,Lost,0.05,18-24
C01998,2021-11-05,Yorkshire,Organic Search,Tablet,Sports,Lost,0.05,45-54
C01999,2022-11-18,North East,Organic Search,Desktop,Electronics,Loyal,0.55,45-54
C02000,2021-08-24,South East,Paid Search,Mobile,Books,New,0.38,25-34
