order_id,customer_id,order_date,year,month,quarter,category,quantity,unit_price,discount_pct,revenue,channel,device,region,is_repeat,order_month,first_order
O0000001,C00001,2024-03-06,2024,3,Q1,Electronics,2,155.91,0.0,311.82,Social Media,Desktop,South East,0,2024-03,2024-03-06
O0000002,C00001,2024-04-13,2024,4,Q2,Clothing,4,81.91,0.06,307.98,Social Media,Desktop,South East,1,2024-04,2024-04-13
O0000003,C00001,2024-07-22,2024,7,Q3,Electronics,2,107.7,0.03,208.95,Social Media,Desktop,South East,1,2024-07,2024-07-22
O0000004,C00001,2024-08-28,2024,8,Q3,Electronics,3,137.92,0.02,405.48,Social Media,Desktop,South East,1,2024-08,2024-08-28
O0000005,C00001,2024-11-24,2024,11,Q4,Electronics,4,145.97,0.0,583.88,Social Media,Desktop,South East,1,2024-11,2024-11-24
O0000006,C00002,2021-09-18,2021,9,Q3,Beauty,3,28.87,0.08,79.69,Email,Mobile,London,0,2021-09,2021-09-18
O0000007,C00003,2023-06-22,2023,6,Q2,Electronics,4,146.11,0.07,543.53,Paid Search,Mobile,South East,0,2023-06,2023-06-22
O0000008,C00003,2024-09-25,2024,9,Q3,Electronics,4,128.4,0.0,513.61,Paid Search,Mobile,South East,1,2024-09,2024-09-25
O0000009,C00004,2023-12-25,2023,12,Q4,Electronics,2,287.13,0.13,499.6,Referral,Mobile,London,0,2023-12,2023-12-25
O0000010,C00004,2024-08-19,2024,8,Q3,Clothing,4,39.31,0.23,121.07,Referral,Mobile,London,1,2024-08,2024-08-19
O0000011,C00005,2024-07-26,2024,7,Q3,Beauty,3,16.94,0.0,50.82,Email,Mobile,London,0,2024-07,2024-07-26
O0000012,C00005,2024-08-03,2024,8,Q3,Clothing,4,100.98,0.03,391.8,Email,Mobile,London,1,2024-08,2024-08-03
O0000013,C00006,2022-10-09,2022,10,Q4,Electronics,1,139.2,0.0,139.2,Organic Search,Mobile,North West,0,2022-10,2022-10-09
O0000014,C00006,2023-04-26,2023,4,Q2,Clothing,1,75.62,0.01,74.87,Organic Search,Mobile,North West,1,2023-04,2023-04-26
O0000015,C00006,2023-06-10,2023,6,Q2,Home & Garden,4,83.6,0.0,334.4,Organic Search,Mobile,North West,1,2023-06,2023-06-10
O0000016,C00007,2022-08-23,2022,8,Q3,Clothing,1,67.03,0.04,64.35,Paid Search,Mobile,London,0,2022-08,2022-08-23
O0000017,C00007,2024-03-10,2024,3,Q1,Beauty,2,29.13,0.09,53.03,Paid Search,Mobile,London,1,2024-03,2024-03-10
O0000018,C00008,2024-11-08,2024,11,Q4,Books,3,30.34,0.0,91.01,Referral,Desktop,South East,0,2024-11,2024-11-08
O0000019,C00009,2023-05-06,2023,5,Q2,Toys,3,25.22,0.0,75.67,Email,Mobile,North West,0,2023-05,2023-05-06
O0000020,C00009,2023-07-14,2023,7,Q3,Toys,4,42.34,0.03,164.28,Email,Mobile,North West,1,2023-07,2023-07-14
O0000021,C00009,2023-11-30,2023,11,Q4,Toys,1,38.08,0.0,38.08,Email,Mobile,North West,1,2023-11,2023-11-30
O0000022,C00010,2021-12-26,2021,12,Q4,Sports,4,101.75,0.0,406.99,Referral,Desktop,Midlands,0,2021-12,2021-12-26
O0000023,C00011,2021-12-24,2021,12,Q4,Clothing,3,88.91,0.0,266.72,Paid Search,Mobile,North West,0,2021-12,2021-12-24
O0000024,C00011,2022-04-01,2022,4,Q2,Clothing,2,56.91,0.11,101.31,Paid Search,Mobile,North West,1,2022-04,2022-04-01
O0000025,C00011,2022-12-06,2022,12,Q4,Clothing,1,90.01,0.0,90.01,Paid Search,Mobile,North West,1,2022-12,2022-12-06
O0000026,C00011,2023-07-14,2023,7,Q3,Clothing,1,71.27,0.11,63.43,Paid Search,Mobile,North West,1,2023-07,2023-07-14
O0000027,C00011,2023-11-30,2023,11,Q4,Clothing,3,83.34,0.0,250.03,Paid Search,Mobile,North West,1,2023-11,2023-11-30
O0000028,C00012,2022-07-27,2022,7,Q3,Clothing,3,47.91,0.0,143.73,Organic Search,Mobile,North East,0,2022-07,2022-07-27
O0000029,C00012,2022-10-18,2022,10,Q4,Sports,2,52.47,0.17,87.1,Organic Search,Mobile,North East,1,2022-10,2022-10-18
O0000030,C00012,2023-11-05,2023,11,Q4,Clothing,2,113.48,0.0,226.95,Organic Search,Mobile,North East,1,2023-11,2023-11-05
O0000031,C00012,2024-03-07,2024,3,Q1,Clothing,2,77.58,0.12,136.54,Organic Search,Mobile,North East,1,2024-03,2024-03-07
O0000032,C00012,2024-08-26,2024,8,Q3,Toys,4,46.7,0.0,186.8,Organic Search,Mobile,North East,1,2024-08,2024-08-26
O0000033,C00013,2023-11-24,2023,11,Q4,Beauty,2,69.32,0.0,138.63,Paid Search,Mobile,London,0,2023-11,2023-11-24
O0000034,C00013,2023-11-28,2023,11,Q4,Beauty,2,61.75,0.22,96.33,Paid Search,Mobile,London,1,2023-11,2023-11-28
O0000035,C00013,2024-06-11,2024,6,Q2,Clothing,1,21.99,0.22,17.15,Paid Search,Mobile,London,1,2024-06,2024-06-11
O0000036,C00013,2024-07-21,2024,7,Q3,Beauty,1,46.14,0.0,46.14,Paid Search,Mobile,London,1,2024-07,2024-07-21
O0000037,C00014,2023-11-14,2023,11,Q4,Clothing,1,104.7,0.19,84.81,Social Media,Desktop,Wales,0,2023-11,2023-11-14
O0000038,C00014,2024-08-28,2024,8,Q3,Clothing,2,55.02,0.0,110.05,Social Media,Desktop,Wales,1,2024-08,2024-08-28
O0000039,C00014,2024-10-04,2024,10,Q4,Clothing,1,54.83,0.24,41.67,Social Media,Desktop,Wales,1,2024-10,2024-10-04
O0000040,C00015,2023-12-26,2023,12,Q4,Clothing,3,116.02,0.0,348.06,Organic Search,Mobile,North West,0,2023-12,2023-12-26
O0000041,C00015,2024-12-27,2024,12,Q4,Electronics,1,210.97,0.05,200.42,Organic Search,Mobile,North West,1,2024-12,2024-12-27
O0000042,C00016,2023-07-04,2023,7,Q3,Home & Garden,1,88.0,0.05,83.6,Organic Search,Desktop,South West,0,2023-07,2023-07-04
O0000043,C00016,2024-02-07,2024,2,Q1,Books,4,13.54,0.0,54.14,Organic Search,Desktop,South West,1,2024-02,2024-02-07
O0000044,C00017,2022-07-25,2022,7,Q3,Sports,3,41.34,0.02,121.54,Organic Search,Tablet,South East,0,2022-07,2022-07-25
O0000045,C00017,2022-12-28,2022,12,Q4,Home & Garden,4,114.3,0.0,457.19,Organic Search,Tablet,South East,1,2022-12,2022-12-28
O0000046,C00017,2023-09-14,2023,9,Q3,Clothing,3,46.55,0.07,129.86,Organic Search,Tablet,South East,1,2023-09,2023-09-14
O0000047,C00017,2024-04-08,2024,4,Q2,Sports,3,39.21,0.0,117.62,Organic Search,Tablet,South East,1,2024-04,2024-04-08
O0000048,C00020,2023-07-24,2023,7,Q3,Beauty,2,28.54,0.0,57.08,Organic Search,Mobile,North West,0,2023-07,2023-07-24
O0000049,C00020,2024-04-12,2024,4,Q2,Electronics,2,161.77,0.0,323.55,Organic Search,Mobile,North West,1,2024-04,2024-04-12
O0000050,C00021,2024-11-15,2024,11,Q4,Clothing,1,40.34,0.0,40.34,Paid Search,Mobile,Midlands,0,2024-11,2024-11-15
O0000051,C00021,2024-11-30,2024,11,Q4,Clothing,4,60.54,0.0,242.17,Paid Search,Mobile,Midlands,1,2024-11,2024-11-30
O0000052,C00021,2024-12-06,2024,12,Q4,Sports,3,92.99,0.0,278.98,Paid Search,Mobile,Midlands,1,2024-12,2024-12-06
O0000053,C00021,2024-12-13,2024,12,Q4,Clothing,1,97.88,0.1,88.09,Paid Search,Mobile,Midlands,1,2024-12,2024-12-13
O0000054,C00021,2024-12-15,2024,12,Q4,Clothing,3,87.58,0.0,262.74,Paid Search,Mobile,Midlands,1,2024-12,2024-12-15
O0000055,C00021,2024-12-16,2024,12,Q4,Clothing,3,94.67,0.15,241.4,Paid Search,Mobile,Midlands,1,2024-12,2024-12-16
O0000056,C00021,2024-12-17,2024,12,Q4,Clothing,4,112.61,0.05,427.9,Paid Search,Mobile,Midlands,1,2024-12,2024-12-17
O0000057,C00021,2024-12-21,2024,12,Q4,Sports,4,111.3,0.0,445.22,Paid Search,Mobile,Midlands,1,2024-12,2024-12-21
O0000058,C00022,2024-12-07,2024,12,Q4,Toys,4,39.66,0.0,158.64,Referral,Mobile,London,0,2024-12,2024-12-07
O0000059,C00022,2024-12-10,2024,12,Q4,Electronics,3,190.67,0.13,497.65,Referral,Mobile,London,1,2024-12,2024-12-10
O0000060,C00022,2024-12-15,2024,12,Q4,Toys,4,59.99,0.18,196.75,Referral,Mobile,London,1,2024-12,2024-12-15
O0000061,C00023,2023-10-16,2023,10,Q4,Electronics,4,103.31,0.22,322.33,Organic Search,Mobile,Scotland,0,2023-10,2023-10-16
O0000062,C00023,2024-03-29,2024,3,Q1,Electronics,3,142.13,0.0,426.38,Organic Search,Mobile,Scotland,1,2024-03,2024-03-29
O0000063,C00023,2024-03-30,2024,3,Q1,Books,4,15.95,0.0,63.8,Organic Search,Mobile,Scotland,1,2024-03,2024-03-30
O0000064,C00024,2022-01-24,2022,1,Q1,Electronics,1,149.29,0.13,129.88,Organic Search,Desktop,North East,0,2022-01,2022-01-24
O0000065,C00024,2022-03-27,2022,3,Q1,Electronics,4,142.81,0.13,496.97,Organic Search,Desktop,North East,1,2022-03,2022-03-27
O0000066,C00024,2023-06-06,2023,6,Q2,Beauty,2,38.38,0.0,76.76,Organic Search,Desktop,North East,1,2023-06,2023-06-06
O0000067,C00024,2024-07-31,2024,7,Q3,Clothing,2,69.48,0.17,115.33,Organic Search,Desktop,North East,1,2024-07,2024-07-31
O0000068,C00025,2024-01-16,2024,1,Q1,Home & Garden,4,39.95,0.13,139.01,Social Media,Mobile,Scotland,0,2024-01,2024-01-16
O0000069,C00025,2024-02-25,2024,2,Q1,Beauty,1,43.71,0.21,34.53,Social Media,Mobile,Scotland,1,2024-02,2024-02-25
O0000070,C00025,2024-08-25,2024,8,Q3,Home & Garden,2,6.6,0.0,13.2,Social Media,Mobile,Scotland,1,2024-08,2024-08-25
O0000071,C00026,2024-05-04,2024,5,Q2,Electronics,2,171.12,0.0,342.24,Social Media,Desktop,South East,0,2024-05,2024-05-04
O0000072,C00027,2023-06-25,2023,6,Q2,Home & Garden,2,90.19,0.01,178.57,Direct,Mobile,North West,0,2023-06,2023-06-25
O0000073,C00027,2024-01-18,2024,1,Q1,Electronics,2,133.05,0.0,266.1,Direct,Mobile,North West,1,2024-01,2024-01-18
O0000074,C00029,2023-08-20,2023,8,Q3,Home & Garden,1,97.79,0.0,97.79,Direct,Desktop,London,0,2023-08,2023-08-20
O0000075,C00029,2024-01-14,2024,1,Q1,Home & Garden,4,61.3,0.0,245.22,Direct,Desktop,London,1,2024-01,2024-01-14
O0000076,C00029,2024-06-28,2024,6,Q2,Beauty,4,40.68,0.18,133.42,Direct,Desktop,London,1,2024-06,2024-06-28
O0000077,C00029,2024-10-24,2024,10,Q4,Home & Garden,1,86.38,0.0,86.38,Direct,Desktop,London,1,2024-10,2024-10-24
O0000078,C00029,2024-12-21,2024,12,Q4,Home & Garden,3,128.64,0.0,385.93,Direct,Desktop,London,1,2024-12,2024-12-21
O0000079,C00030,2024-04-27,2024,4,Q2,Sports,2,54.18,0.0,108.35,Direct,Mobile,Scotland,0,2024-04,2024-04-27
O0000080,C00030,2024-08-11,2024,8,Q3,Home & Garden,2,37.05,0.0,74.09,Direct,Mobile,Scotland,1,2024-08,2024-08-11
O0000081,C00030,2024-10-15,2024,10,Q4,Sports,2,43.26,0.0,86.52,Direct,Mobile,Scotland,1,2024-10,2024-10-15
O0000082,C00030,2024-11-29,2024,11,Q4,Sports,4,58.0,0.03,225.03,Direct,Mobile,Scotland,1,2024-11,2024-11-29
O0000083,C00032,2022-03-13,2022,3,Q1,Clothing,2,50.86,0.0,101.72,Referral,Mobile,Yorkshire,0,2022-03,2022-03-13
O0000084,C00033,2023-10-07,2023,10,Q4,Electronics,2,149.59,0.01,296.19,Social Media,Desktop,South West,0,2023-10,2023-10-07
O0000085,C00033,2024-10-17,2024,10,Q4,Beauty,1,41.26,0.0,41.26,Social Media,Desktop,South West,1,2024-10,2024-10-17
O0000086,C00034,2023-10-04,2023,10,Q4,Home & Garden,1,86.99,0.0,86.99,Referral,Mobile,South East,0,2023-10,2023-10-04
O0000087,C00034,2024-04-11,2024,4,Q2,Sports,3,21.08,0.12,55.65,Referral,Mobile,South East,1,2024-04,2024-04-11
O0000088,C00034,2024-06-20,2024,6,Q2,Sports,2,69.97,0.0,139.93,Referral,Mobile,South East,1,2024-06,2024-06-20
O0000089,C00035,2022-03-02,2022,3,Q1,Clothing,2,53.95,0.16,90.63,Email,Desktop,South West,0,2022-03,2022-03-02
O0000090,C00035,2022-08-06,2022,8,Q3,Clothing,2,49.93,0.23,76.89,Email,Desktop,South West,1,2022-08,2022-08-06
O0000091,C00035,2022-10-31,2022,10,Q4,Clothing,3,91.77,0.0,275.3,Email,Desktop,South West,1,2022-10,2022-10-31
O0000092,C00036,2022-11-10,2022,11,Q4,Clothing,1,104.51,0.0,104.51,Referral,Mobile,London,0,2022-11,2022-11-10
O0000093,C00036,2023-12-09,2023,12,Q4,Beauty,4,59.09,0.0,236.34,Referral,Mobile,London,1,2023-12,2023-12-09
O0000094,C00036,2024-07-19,2024,7,Q3,Electronics,3,157.87,0.2,378.88,Referral,Mobile,London,1,2024-07,2024-07-19
O0000095,C00038,2023-12-27,2023,12,Q4,Electronics,1,185.14,0.0,185.14,Paid Search,Mobile,South East,0,2023-12,2023-12-27
O0000096,C00038,2024-01-22,2024,1,Q1,Clothing,2,88.91,0.18,145.82,Paid Search,Mobile,South East,1,2024-01,2024-01-22
O0000097,C00038,2024-08-27,2024,8,Q3,Electronics,4,48.23,0.0,192.91,Paid Search,Mobile,South East,1,2024-08,2024-08-27
O0000098,C00038,2024-11-16,2024,11,Q4,Home & Garden,4,117.79,0.0,471.15,Paid Search,Mobile,South East,1,2024-11,2024-11-16
O0000099,C00039,2024-09-20,2024,9,Q3,Electronics,2,179.91,0.07,334.63,Email,Tablet,London,0,2024-09,2024-09-20
O0000100,C00040,2024-12-07,2024,12,Q4,Home & Garden,4,104.61,0.0,418.44,Organic Search,Desktop,Scotland,0,2024-12,2024-12-07
O0000101,C00040,2024-12-22,2024,12,Q4,Home & Garden,1,94.4,0.0,94.4,Organic Search,Desktop,Scotland,1,2024-12,2024-12-22
O0000102,C00041,2023-08-10,2023,8,Q3,Home & Garden,1,38.7,0.0,38.7,Direct,Mobile,Scotland,0,2023-08,2023-08-10
O0000103,C00042,2022-06-10,2022,6,Q2,Clothing,2,41.19,0.0,82.37,Organic Search,Desktop,North West,0,2022-06,2022-06-10
O0000104,C00042,2022-08-21,2022,8,Q3,Clothing,2,48.73,0.0,97.46,Organic Search,Desktop,North West,1,2022-08,2022-08-21
O0000105,C00042,2022-10-10,2022,10,Q4,Clothing,2,66.16,0.0,132.33,Organic Search,Desktop,North West,1,2022-10,2022-10-10
O0000106,C00042,2024-03-23,2024,3,Q1,Electronics,2,60.53,0.0,121.07,Organic Search,Desktop,North West,1,2024-03,2024-03-23
O0000107,C00042,2024-05-17,2024,5,Q2,Clothing,3,51.05,0.0,153.14,Organic Search,Desktop,North West,1,2024-05,2024-05-17
O0000108,C00043,2023-06-29,2023,6,Q2,Clothing,1,55.13,0.24,41.9,Organic Search,Tablet,North West,0,2023-06,2023-06-29
O0000109,C00043,2023-09-30,2023,9,Q3,Sports,4,37.09,0.0,148.36,Organic Search,Tablet,North West,1,2023-09,2023-09-30
O0000110,C00043,2024-01-03,2024,1,Q1,Sports,3,39.11,0.0,117.32,Organic Search,Tablet,North West,1,2024-01,2024-01-03
O0000111,C00043,2024-07-24,2024,7,Q3,Clothing,1,58.89,0.06,55.35,Organic Search,Tablet,North West,1,2024-07,2024-07-24
O0000112,C00044,2022-01-29,2022,1,Q1,Home & Garden,3,37.16,0.0,111.47,Paid Search,Mobile,Scotland,0,2022-01,2022-01-29
O0000113,C00044,2022-08-03,2022,8,Q3,Home & Garden,1,99.36,0.0,99.36,Paid Search,Mobile,Scotland,1,2022-08,2022-08-03
O0000114,C00044,2022-12-25,2022,12,Q4,Home & Garden,3,157.2,0.14,405.58,Paid Search,Mobile,Scotland,1,2022-12,2022-12-25
O0000115,C00044,2023-05-25,2023,5,Q2,Clothing,3,34.79,0.0,104.36,Paid Search,Mobile,Scotland,1,2023-05,2023-05-25
O0000116,C00044,2023-07-01,2023,7,Q3,Clothing,3,43.33,0.0,129.99,Paid Search,Mobile,Scotland,1,2023-07,2023-07-01
O0000117,C00046,2023-08-18,2023,8,Q3,Beauty,3,44.16,0.0,132.47,Paid Search,Mobile,Wales,0,2023-08,2023-08-18
O0000118,C00046,2024-08-31,2024,8,Q3,Beauty,1,38.06,0.0,38.06,Paid Search,Mobile,Wales,1,2024-08,2024-08-31
O0000119,C00046,2024-10-31,2024,10,Q4,Beauty,1,61.08,0.0,61.08,Paid Search,Mobile,Wales,1,2024-10,2024-10-31
O0000120,C00046,2024-12-14,2024,12,Q4,Toys,4,67.93,0.21,214.67,Paid Search,Mobile,Wales,1,2024-12,2024-12-14
O0000121,C00047,2024-01-05,2024,1,Q1,Beauty,2,41.88,0.0,83.76,Referral,Desktop,London,0,2024-01,2024-01-05
O0000122,C00047,2024-02-17,2024,2,Q1,Sports,4,39.94,0.2,127.8,Referral,Desktop,London,1,2024-02,2024-02-17
O0000123,C00047,2024-03-03,2024,3,Q1,Beauty,3,53.6,0.24,122.22,Referral,Desktop,London,1,2024-03,2024-03-03
O0000124,C00047,2024-06-30,2024,6,Q2,Beauty,3,40.62,0.0,121.86,Referral,Desktop,London,1,2024-06,2024-06-30
O0000125,C00047,2024-10-26,2024,10,Q4,Beauty,4,55.23,0.0,220.92,Referral,Desktop,London,1,2024-10,2024-10-26
O0000126,C00047,2024-11-08,2024,11,Q4,Beauty,3,44.83,0.0,134.49,Referral,Desktop,London,1,2024-11,2024-11-08
O0000127,C00049,2024-10-27,2024,10,Q4,Electronics,2,199.86,0.0,399.73,Email,Desktop,North East,0,2024-10,2024-10-27
O0000128,C00050,2024-03-08,2024,3,Q1,Beauty,2,47.54,0.0,95.07,Organic Search,Mobile,North West,0,2024-03,2024-03-08
O0000129,C00050,2024-03-16,2024,3,Q1,Beauty,1,32.45,0.05,30.83,Organic Search,Mobile,North West,1,2024-03,2024-03-16
O0000130,C00050,2024-06-06,2024,6,Q2,Electronics,1,116.72,0.0,116.72,Organic Search,Mobile,North West,1,2024-06,2024-06-06
O0000131,C00050,2024-08-31,2024,8,Q3,Home & Garden,1,78.14,0.0,78.14,Organic Search,Mobile,North West,1,2024-08,2024-08-31
O0000132,C00050,2024-11-06,2024,11,Q4,Electronics,4,227.64,0.17,755.76,Organic Search,Mobile,North West,1,2024-11,2024-11-06
O0000133,C00051,2022-12-22,2022,12,Q4,Books,2,41.02,0.0,82.04,Paid Search,Mobile,London,0,2022-12,2022-12-22
O0000134,C00051,2023-12-25,2023,12,Q4,Clothing,4,88.68,0.15,301.51,Paid Search,Mobile,London,1,2023-12,2023-12-25
O0000135,C00052,2021-04-20,2021,4,Q2,Electronics,2,154.03,0.0,308.06,Direct,Mobile,Wales,0,2021-04,2021-04-20
O0000136,C00052,2021-11-22,2021,11,Q4,Clothing,3,99.21,0.2,238.11,Direct,Mobile,Wales,1,2021-11,2021-11-22
O0000137,C00052,2021-11-26,2021,11,Q4,Clothing,3,56.94,0.0,170.81,Direct,Mobile,Wales,1,2021-11,2021-11-26
O0000138,C00052,2022-03-02,2022,3,Q1,Beauty,4,57.33,0.0,229.3,Direct,Mobile,Wales,1,2022-03,2022-03-02
O0000139,C00052,2023-02-01,2023,2,Q1,Clothing,3,64.34,0.0,193.03,Direct,Mobile,Wales,1,2023-02,2023-02-01
O0000140,C00052,2023-11-20,2023,11,Q4,Sports,4,60.88,0.04,233.8,Direct,Mobile,Wales,1,2023-11,2023-11-20
O0000141,C00052,2023-11-22,2023,11,Q4,Electronics,3,200.85,0.01,596.52,Direct,Mobile,Wales,1,2023-11,2023-11-22
O0000142,C00052,2024-06-17,2024,6,Q2,Home & Garden,3,71.77,0.09,195.92,Direct,Mobile,Wales,1,2024-06,2024-06-17
O0000143,C00053,2023-02-10,2023,2,Q1,Home & Garden,3,65.46,0.01,194.41,Email,Tablet,South West,0,2023-02,2023-02-10
O0000144,C00053,2023-09-09,2023,9,Q3,Books,1,20.96,0.0,20.96,Email,Tablet,South West,1,2023-09,2023-09-09
O0000145,C00053,2023-12-11,2023,12,Q4,Books,4,31.08,0.0,124.3,Email,Tablet,South West,1,2023-12,2023-12-11
O0000146,C00054,2022-10-21,2022,10,Q4,Electronics,1,82.02,0.0,82.02,Paid Search,Desktop,Midlands,0,2022-10,2022-10-21
O0000147,C00055,2024-07-29,2024,7,Q3,Clothing,4,82.39,0.12,290.01,Direct,Mobile,Wales,0,2024-07,2024-07-29
O0000148,C00055,2024-09-29,2024,9,Q3,Clothing,4,47.32,0.0,189.27,Direct,Mobile,Wales,1,2024-09,2024-09-29
O0000149,C00055,2024-10-11,2024,10,Q4,Clothing,3,89.84,0.0,269.52,Direct,Mobile,Wales,1,2024-10,2024-10-11
O0000150,C00055,2024-10-28,2024,10,Q4,Clothing,4,48.59,0.11,172.99,Direct,Mobile,Wales,1,2024-10,2024-10-28
O0000151,C00056,2024-07-11,2024,7,Q3,Beauty,3,42.24,0.19,102.64,Organic Search,Mobile,South West,0,2024-07,2024-07-11
O0000152,C00056,2024-07-26,2024,7,Q3,Clothing,4,52.45,0.0,209.79,Organic Search,Mobile,South West,1,2024-07,2024-07-26
O0000153,C00056,2024-08-15,2024,8,Q3,Sports,3,63.67,0.1,171.92,Organic Search,Mobile,South West,1,2024-08,2024-08-15
O0000154,C00056,2024-09-03,2024,9,Q3,Home & Garden,4,74.49,0.1,268.15,Organic Search,Mobile,South West,1,2024-09,2024-09-03
O0000155,C00056,2024-09-22,2024,9,Q3,Sports,1,43.62,0.06,41.01,Organic Search,Mobile,South West,1,2024-09,2024-09-22
O0000156,C00056,2024-11-09,2024,11,Q4,Sports,4,72.59,0.0,290.34,Organic Search,Mobile,South West,1,2024-11,2024-11-09
O0000157,C00056,2024-11-13,2024,11,Q4,Sports,1,77.3,0.0,77.3,Organic Search,Mobile,South West,1,2024-11,2024-11-13
O0000158,C00056,2024-11-24,2024,11,Q4,Home & Garden,4,96.72,0.0,386.87,Organic Search,Mobile,South West,1,2024-11,2024-11-24
O0000159,C00056,2024-11-27,2024,11,Q4,Books,1,29.93,0.0,29.93,Organic Search,Mobile,South West,1,2024-11,2024-11-27
O0000160,C00057,2023-05-13,2023,5,Q2,Books,2,16.66,0.0,33.32,Email,Mobile,Yorkshire,0,2023-05,2023-05-13
O0000161,C00057,2023-08-28,2023,8,Q3,Books,4,13.67,0.12,48.13,Email,Mobile,Yorkshire,1,2023-08,2023-08-28
O0000162,C00057,2024-01-11,2024,1,Q1,Books,1,25.34,0.0,25.34,Email,Mobile,Yorkshire,1,2024-01,2024-01-11
O0000163,C00057,2024-12-22,2024,12,Q4,Books,1,41.1,0.0,41.1,Email,Mobile,Yorkshire,1,2024-12,2024-12-22
O0000164,C00058,2023-04-05,2023,4,Q2,Sports,1,66.73,0.0,66.73,Organic Search,Desktop,South East,0,2023-04,2023-04-05
O0000165,C00059,2023-10-22,2023,10,Q4,Clothing,4,86.0,0.0,344.01,Direct,Mobile,Midlands,0,2023-10,2023-10-22
O0000166,C00059,2024-01-16,2024,1,Q1,Clothing,1,65.59,0.0,65.59,Direct,Mobile,Midlands,1,2024-01,2024-01-16
O0000167,C00059,2024-03-30,2024,3,Q1,Toys,2,13.15,0.0,26.29,Direct,Mobile,Midlands,1,2024-03,2024-03-30
O0000168,C00059,2024-05-16,2024,5,Q2,Clothing,1,96.59,0.0,96.59,Direct,Mobile,Midlands,1,2024-05,2024-05-16
O0000169,C00059,2024-06-20,2024,6,Q2,Home & Garden,2,50.36,0.0,100.73,Direct,Mobile,Midlands,1,2024-06,2024-06-20
O0000170,C00060,2022-02-09,2022,2,Q1,Sports,1,34.2,0.05,32.49,Direct,Mobile,London,0,2022-02,2022-02-09
O0000171,C00060,2022-06-18,2022,6,Q2,Sports,2,52.56,0.0,105.13,Direct,Mobile,London,1,2022-06,2022-06-18
O0000172,C00060,2022-11-01,2022,11,Q4,Clothing,2,72.86,0.15,123.87,Direct,Mobile,London,1,2022-11,2022-11-01
O0000173,C00060,2023-01-24,2023,1,Q1,Sports,3,48.84,0.0,146.51,Direct,Mobile,London,1,2023-01,2023-01-24
O0000174,C00060,2024-12-22,2024,12,Q4,Sports,3,106.67,0.0,320.0,Direct,Mobile,London,1,2024-12,2024-12-22
O0000175,C00061,2023-02-01,2023,2,Q1,Electronics,4,116.67,0.0,466.68,Referral,Desktop,London,0,2023-02,2023-02-01
O0000176,C00061,2024-01-04,2024,1,Q1,Home & Garden,4,75.26,0.09,273.96,Referral,Desktop,London,1,2024-01,2024-01-04
O0000177,C00061,2024-06-11,2024,6,Q2,Electronics,3,127.42,0.09,347.86,Referral,Desktop,London,1,2024-06,2024-06-11
O0000178,C00061,2024-06-22,2024,6,Q2,Electronics,1,168.82,0.21,133.37,Referral,Desktop,London,1,2024-06,2024-06-22
O0000179,C00063,2023-10-15,2023,10,Q4,Books,4,29.51,0.07,109.78,Social Media,Mobile,Wales,0,2023-10,2023-10-15
O0000180,C00063,2024-03-04,2024,3,Q1,Books,2,28.57,0.0,57.14,Social Media,Mobile,Wales,1,2024-03,2024-03-04
O0000181,C00063,2024-05-06,2024,5,Q2,Books,4,22.72,0.0,90.87,Social Media,Mobile,Wales,1,2024-05,2024-05-06
O0000182,C00063,2024-11-25,2024,11,Q4,Books,4,35.73,0.0,142.92,Social Media,Mobile,Wales,1,2024-11,2024-11-25
O0000183,C00063,2024-12-11,2024,12,Q4,Books,1,32.56,0.01,32.23,Social Media,Mobile,Wales,1,2024-12,2024-12-11
O0000184,C00064,2022-12-19,2022,12,Q4,Clothing,3,131.54,0.13,343.33,Direct,Mobile,Yorkshire,0,2022-12,2022-12-19
O0000185,C00065,2024-01-30,2024,1,Q1,Clothing,2,37.82,0.05,71.86,Social Media,Mobile,Scotland,0,2024-01,2024-01-30
O0000186,C00065,2024-08-23,2024,8,Q3,Electronics,3,139.7,0.0,419.11,Social Media,Mobile,Scotland,1,2024-08,2024-08-23
O0000187,C00065,2024-10-02,2024,10,Q4,Clothing,2,43.63,0.0,87.26,Social Media,Mobile,Scotland,1,2024-10,2024-10-02
O0000188,C00066,2023-05-06,2023,5,Q2,Home & Garden,3,99.73,0.0,299.2,Organic Search,Tablet,London,0,2023-05,2023-05-06
O0000189,C00066,2024-04-19,2024,4,Q2,Electronics,2,104.92,0.0,209.85,Organic Search,Tablet,London,1,2024-04,2024-04-19
O0000190,C00067,2022-10-03,2022,10,Q4,Beauty,2,35.61,0.0,71.23,Email,Mobile,Scotland,0,2022-10,2022-10-03
O0000191,C00068,2024-01-21,2024,1,Q1,Electronics,4,172.51,0.13,600.34,Direct,Mobile,North West,0,2024-01,2024-01-21
O0000192,C00070,2024-01-25,2024,1,Q1,Clothing,2,61.89,0.23,95.31,Organic Search,Desktop,North West,0,2024-01,2024-01-25
O0000193,C00070,2024-11-19,2024,11,Q4,Home & Garden,2,123.29,0.0,246.57,Organic Search,Desktop,North West,1,2024-11,2024-11-19
O0000194,C00072,2024-08-11,2024,8,Q3,Sports,2,50.1,0.0,100.2,Organic Search,Mobile,London,0,2024-08,2024-08-11
O0000195,C00072,2024-09-07,2024,9,Q3,Electronics,4,161.98,0.11,576.66,Organic Search,Mobile,London,1,2024-09,2024-09-07
O0000196,C00072,2024-10-17,2024,10,Q4,Electronics,3,161.67,0.0,485.0,Organic Search,Mobile,London,1,2024-10,2024-10-17
O0000197,C00073,2024-11-19,2024,11,Q4,Sports,3,115.64,0.04,333.03,Organic Search,Tablet,London,0,2024-11,2024-11-19
O0000198,C00074,2023-03-04,2023,3,Q1,Clothing,4,88.17,0.0,352.67,Email,Mobile,London,0,2023-03,2023-03-04
O0000199,C00074,2024-01-13,2024,1,Q1,Home & Garden,2,105.28,0.21,166.35,Email,Mobile,London,1,2024-01,2024-01-13
O0000200,C00074,2024-08-16,2024,8,Q3,Electronics,3,149.41,0.0,448.22,Email,Mobile,London,1,2024-08,2024-08-16
O0000201,C00075,2023-06-04,2023,6,Q2,Books,1,21.93,0.0,21.93,Email,Mobile,Wales,0,2023-06,2023-06-04
O0000202,C00075,2024-03-28,2024,3,Q1,Electronics,1,142.01,0.0,142.01,Email,Mobile,Wales,1,2024-03,2024-03-28
O0000203,C00076,2023-06-21,2023,6,Q2,Electronics,1,207.99,0.15,176.79,Organic Search,Tablet,London,0,2023-06,2023-06-21
O0000204,C00076,2023-07-21,2023,7,Q3,Home & Garden,4,57.83,0.0,231.34,Organic Search,Tablet,London,1,2023-07,2023-07-21
O0000205,C00076,2023-10-27,2023,10,Q4,Electronics,4,174.38,0.0,697.51,Organic Search,Tablet,London,1,2023-10,2023-10-27
O0000206,C00076,2024-05-18,2024,5,Q2,Electronics,3,179.95,0.0,539.86,Organic Search,Tablet,London,1,2024-05,2024-05-18
O0000207,C00076,2024-06-17,2024,6,Q2,Electronics,4,83.01,0.19,268.94,Organic Search,Tablet,London,1,2024-06,2024-06-17
O0000208,C00076,2024-06-26,2024,6,Q2,Electronics,4,232.22,0.0,928.89,Organic Search,Tablet,London,1,2024-06,2024-06-26
O0000209,C00077,2022-08-22,2022,8,Q3,Electronics,3,190.34,0.0,571.01,Email,Mobile,Scotland,0,2022-08,2022-08-22
O0000210,C00077,2023-03-06,2023,3,Q1,Home & Garden,3,70.62,0.0,211.86,Email,Mobile,Scotland,1,2023-03,2023-03-06
O0000211,C00077,2023-10-31,2023,10,Q4,Electronics,1,102.02,0.0,102.02,Email,Mobile,Scotland,1,2023-10,2023-10-31
O0000212,C00077,2024-08-29,2024,8,Q3,Electronics,1,101.1,0.0,101.1,Email,Mobile,Scotland,1,2024-08,2024-08-29
O0000213,C00078,2021-12-06,2021,12,Q4,Toys,3,64.36,0.0,193.07,Email,Mobile,London,0,2021-12,2021-12-06
O0000214,C00079,2021-12-01,2021,12,Q4,Clothing,4,89.73,0.0,358.91,Organic Search,Desktop,South East,0,2021-12,2021-12-01
O0000215,C00079,2022-11-25,2022,11,Q4,Sports,4,92.49,0.0,369.96,Organic Search,Desktop,South East,1,2022-11,2022-11-25
O0000216,C00079,2023-07-02,2023,7,Q3,Electronics,3,174.28,0.0,522.84,Organic Search,Desktop,South East,1,2023-07,2023-07-02
O0000217,C00082,2024-04-06,2024,4,Q2,Electronics,3,117.37,0.0,352.11,Paid Search,Desktop,Yorkshire,0,2024-04,2024-04-06
O0000218,C00082,2024-04-29,2024,4,Q2,Electronics,4,125.19,0.05,475.71,Paid Search,Desktop,Yorkshire,1,2024-04,2024-04-29
O0000219,C00082,2024-04-29,2024,4,Q2,Electronics,4,100.2,0.0,400.81,Paid Search,Desktop,Yorkshire,1,2024-04,2024-04-29
O0000220,C00082,2024-11-25,2024,11,Q4,Electronics,4,200.78,0.1,722.82,Paid Search,Desktop,Yorkshire,1,2024-11,2024-11-25
O0000221,C00083,2021-10-22,2021,10,Q4,Clothing,4,75.06,0.0,300.25,Paid Search,Mobile,Scotland,0,2021-10,2021-10-22
O0000222,C00083,2022-12-13,2022,12,Q4,Clothing,4,75.76,0.14,260.6,Paid Search,Mobile,Scotland,1,2022-12,2022-12-13
O0000223,C00084,2023-08-24,2023,8,Q3,Clothing,1,33.15,0.0,33.15,Direct,Desktop,Scotland,0,2023-08,2023-08-24
O0000224,C00084,2024-06-23,2024,6,Q2,Books,1,29.08,0.06,27.33,Direct,Desktop,Scotland,1,2024-06,2024-06-23
O0000225,C00085,2023-09-26,2023,9,Q3,Electronics,2,128.13,0.0,256.27,Social Media,Mobile,London,0,2023-09,2023-09-26
O0000226,C00086,2024-05-19,2024,5,Q2,Books,2,14.04,0.0,28.09,Direct,Mobile,Scotland,0,2024-05,2024-05-19
O0000227,C00087,2023-10-01,2023,10,Q4,Home & Garden,1,119.43,0.2,95.54,Paid Search,Mobile,Midlands,0,2023-10,2023-10-01
O0000228,C00087,2023-11-17,2023,11,Q4,Clothing,4,96.34,0.0,385.35,Paid Search,Mobile,Midlands,1,2023-11,2023-11-17
O0000229,C00087,2023-11-18,2023,11,Q4,Clothing,3,108.31,0.0,324.92,Paid Search,Mobile,Midlands,1,2023-11,2023-11-18
O0000230,C00087,2023-12-13,2023,12,Q4,Sports,4,76.15,0.0,304.59,Paid Search,Mobile,Midlands,1,2023-12,2023-12-13
O0000231,C00087,2024-02-21,2024,2,Q1,Home & Garden,2,48.84,0.0,97.67,Paid Search,Mobile,Midlands,1,2024-02,2024-02-21
O0000232,C00087,2024-02-24,2024,2,Q1,Home & Garden,4,50.46,0.17,167.53,Paid Search,Mobile,Midlands,1,2024-02,2024-02-24
O0000233,C00087,2024-03-14,2024,3,Q1,Clothing,4,79.33,0.08,291.93,Paid Search,Mobile,Midlands,1,2024-03,2024-03-14
O0000234,C00087,2024-04-02,2024,4,Q2,Home & Garden,1,56.74,0.0,56.74,Paid Search,Mobile,Midlands,1,2024-04,2024-04-02
O0000235,C00087,2024-05-16,2024,5,Q2,Home & Garden,2,61.32,0.0,122.64,Paid Search,Mobile,Midlands,1,2024-05,2024-05-16
O0000236,C00087,2024-08-18,2024,8,Q3,Home & Garden,2,37.1,0.17,61.59,Paid Search,Mobile,Midlands,1,2024-08,2024-08-18
O0000237,C00088,2022-12-10,2022,12,Q4,Home & Garden,1,127.49,0.04,122.39,Organic Search,Mobile,London,0,2022-12,2022-12-10
O0000238,C00088,2023-11-04,2023,11,Q4,Electronics,4,200.33,0.18,657.07,Organic Search,Mobile,London,1,2023-11,2023-11-04
O0000239,C00088,2024-04-15,2024,4,Q2,Home & Garden,4,78.37,0.0,313.49,Organic Search,Mobile,London,1,2024-04,2024-04-15
O0000240,C00088,2024-04-26,2024,4,Q2,Home & Garden,2,85.29,0.14,146.7,Organic Search,Mobile,London,1,2024-04,2024-04-26
O0000241,C00090,2024-07-16,2024,7,Q3,Home & Garden,2,99.91,0.0,199.81,Organic Search,Mobile,North West,0,2024-07,2024-07-16
O0000242,C00090,2024-09-14,2024,9,Q3,Electronics,4,175.92,0.22,548.87,Organic Search,Mobile,North West,1,2024-09,2024-09-14
O0000243,C00091,2024-02-29,2024,2,Q1,Beauty,4,27.67,0.0,110.68,Email,Mobile,Yorkshire,0,2024-02,2024-02-29
O0000244,C00091,2024-09-21,2024,9,Q3,Beauty,4,22.85,0.0,91.39,Email,Mobile,Yorkshire,1,2024-09,2024-09-21
O0000245,C00091,2024-12-26,2024,12,Q4,Beauty,2,58.09,0.11,103.39,Email,Mobile,Yorkshire,1,2024-12,2024-12-26
O0000246,C00092,2022-11-11,2022,11,Q4,Sports,3,90.54,0.0,271.63,Paid Search,Mobile,London,0,2022-11,2022-11-11
O0000247,C00094,2024-11-13,2024,11,Q4,Sports,2,78.01,0.0,156.02,Organic Search,Desktop,London,0,2024-11,2024-11-13
O0000248,C00094,2024-11-16,2024,11,Q4,Sports,4,65.54,0.23,201.85,Organic Search,Desktop,London,1,2024-11,2024-11-16
O0000249,C00094,2024-12-12,2024,12,Q4,Sports,4,88.3,0.0,353.22,Organic Search,Desktop,London,1,2024-12,2024-12-12
O0000250,C00094,2024-12-12,2024,12,Q4,Sports,4,101.44,0.14,348.96,Organic Search,Desktop,London,1,2024-12,2024-12-12
O0000251,C00095,2024-11-08,2024,11,Q4,Electronics,2,223.27,0.0,446.53,Organic Search,Mobile,Midlands,0,2024-11,2024-11-08
O0000252,C00096,2024-08-11,2024,8,Q3,Home & Garden,4,41.12,0.0,164.47,Organic Search,Desktop,North West,0,2024-08,2024-08-11
O0000253,C00096,2024-08-14,2024,8,Q3,Home & Garden,2,80.11,0.0,160.23,Organic Search,Desktop,North West,1,2024-08,2024-08-14
O0000254,C00096,2024-08-23,2024,8,Q3,Home & Garden,2,57.02,0.21,90.09,Organic Search,Desktop,North West,1,2024-08,2024-08-23
O0000255,C00096,2024-09-02,2024,9,Q3,Sports,1,53.91,0.0,53.91,Organic Search,Desktop,North West,1,2024-09,2024-09-02
O0000256,C00096,2024-11-27,2024,11,Q4,Home & Garden,2,90.99,0.0,181.97,Organic Search,Desktop,North West,1,2024-11,2024-11-27
O0000257,C00096,2024-12-07,2024,12,Q4,Home & Garden,3,140.44,0.18,345.48,Organic Search,Desktop,North West,1,2024-12,2024-12-07
O0000258,C00097,2021-05-21,2021,5,Q2,Home & Garden,2,42.55,0.0,85.09,Email,Desktop,Yorkshire,0,2021-05,2021-05-21
O0000259,C00097,2022-03-06,2022,3,Q1,Toys,2,39.96,0.0,79.93,Email,Desktop,Yorkshire,1,2022-03,2022-03-06
O0000260,C00097,2022-07-02,2022,7,Q3,Home & Garden,1,91.04,0.0,91.04,Email,Desktop,Yorkshire,1,2022-07,2022-07-02
O0000261,C00097,2022-07-26,2022,7,Q3,Clothing,1,95.19,0.0,95.19,Email,Desktop,Yorkshire,1,2022-07,2022-07-26
O0000262,C00097,2023-04-16,2023,4,Q2,Home & Garden,1,72.79,0.11,64.78,Email,Desktop,Yorkshire,1,2023-04,2023-04-16
O0000263,C00097,2024-01-09,2024,1,Q1,Home & Garden,2,54.55,0.0,109.09,Email,Desktop,Yorkshire,1,2024-01,2024-01-09
O0000264,C00097,2024-07-02,2024,7,Q3,Electronics,3,5.0,0.0,15.0,Email,Desktop,Yorkshire,1,2024-07,2024-07-02
O0000265,C00098,2024-10-12,2024,10,Q4,Home & Garden,4,86.75,0.0,347.01,Paid Search,Desktop,South East,0,2024-10,2024-10-12
O0000266,C00098,2024-10-18,2024,10,Q4,Home & Garden,4,38.8,0.0,155.19,Paid Search,Desktop,South East,1,2024-10,2024-10-18
O0000267,C00098,2024-12-15,2024,12,Q4,Home & Garden,3,129.91,0.0,389.73,Paid Search,Desktop,South East,1,2024-12,2024-12-15
O0000268,C00100,2024-11-09,2024,11,Q4,Clothing,3,33.34,0.0,100.02,Organic Search,Desktop,South East,0,2024-11,2024-11-09
O0000269,C00100,2024-11-18,2024,11,Q4,Clothing,3,90.46,0.0,271.37,Organic Search,Desktop,South East,1,2024-11,2024-11-18
O0000270,C00100,2024-11-27,2024,11,Q4,Clothing,1,63.62,0.23,48.99,Organic Search,Desktop,South East,1,2024-11,2024-11-27
O0000271,C00100,2024-12-07,2024,12,Q4,Clothing,2,89.26,0.0,178.52,Organic Search,Desktop,South East,1,2024-12,2024-12-07
O0000272,C00100,2024-12-15,2024,12,Q4,Clothing,4,108.03,0.21,341.38,Organic Search,Desktop,South East,1,2024-12,2024-12-15
O0000273,C00100,2024-12-30,2024,12,Q4,Clothing,2,103.31,0.01,204.56,Organic Search,Desktop,South East,1,2024-12,2024-12-30
O0000274,C00101,2024-09-15,2024,9,Q3,Books,3,20.17,0.0,60.51,Direct,Mobile,Wales,0,2024-09,2024-09-15
O0000275,C00101,2024-12-08,2024,12,Q4,Books,2,33.44,0.0,66.87,Direct,Mobile,Wales,1,2024-12,2024-12-08
O0000276,C00102,2021-10-24,2021,10,Q4,Home & Garden,1,59.76,0.0,59.76,Email,Tablet,London,0,2021-10,2021-10-24
O0000277,C00102,2022-04-17,2022,4,Q2,Home & Garden,3,83.41,0.12,220.19,Email,Tablet,London,1,2022-04,2022-04-17
O0000278,C00102,2023-09-02,2023,9,Q3,Sports,4,42.97,0.0,171.86,Email,Tablet,London,1,2023-09,2023-09-02
O0000279,C00102,2023-11-17,2023,11,Q4,Home & Garden,4,115.39,0.0,461.57,Email,Tablet,London,1,2023-11,2023-11-17
O0000280,C00102,2024-03-02,2024,3,Q1,Home & Garden,4,41.17,0.0,164.66,Email,Tablet,London,1,2024-03,2024-03-02
O0000281,C00102,2024-06-01,2024,6,Q2,Home & Garden,2,59.93,0.0,119.86,Email,Tablet,London,1,2024-06,2024-06-01
O0000282,C00102,2024-06-15,2024,6,Q2,Home & Garden,4,107.45,0.0,429.82,Email,Tablet,London,1,2024-06,2024-06-15
O0000283,C00102,2024-10-12,2024,10,Q4,Books,1,34.18,0.0,34.18,Email,Tablet,London,1,2024-10,2024-10-12
O0000284,C00103,2022-09-02,2022,9,Q3,Home & Garden,4,18.47,0.0,73.87,Paid Search,Mobile,South East,0,2022-09,2022-09-02
O0000285,C00103,2022-11-19,2022,11,Q4,Home & Garden,3,102.96,0.0,308.89,Paid Search,Mobile,South East,1,2022-11,2022-11-19
O0000286,C00103,2024-01-24,2024,1,Q1,Home & Garden,1,71.13,0.0,71.13,Paid Search,Mobile,South East,1,2024-01,2024-01-24
O0000287,C00103,2024-10-29,2024,10,Q4,Clothing,2,27.08,0.0,54.16,Paid Search,Mobile,South East,1,2024-10,2024-10-29
O0000288,C00104,2022-10-31,2022,10,Q4,Books,1,27.33,0.18,22.41,Organic Search,Mobile,North East,0,2022-10,2022-10-31
O0000289,C00104,2024-10-19,2024,10,Q4,Books,4,14.23,0.0,56.94,Organic Search,Mobile,North East,1,2024-10,2024-10-19
O0000290,C00105,2023-01-26,2023,1,Q1,Toys,1,10.24,0.0,10.24,Organic Search,Mobile,North West,0,2023-01,2023-01-26
O0000291,C00105,2023-02-08,2023,2,Q1,Home & Garden,4,55.54,0.08,204.37,Organic Search,Mobile,North West,1,2023-02,2023-02-08
O0000292,C00105,2023-07-28,2023,7,Q3,Toys,4,13.97,0.18,45.84,Organic Search,Mobile,North West,1,2023-07,2023-07-28
O0000293,C00105,2023-08-19,2023,8,Q3,Electronics,2,65.98,0.0,131.96,Organic Search,Mobile,North West,1,2023-08,2023-08-19
O0000294,C00105,2024-06-05,2024,6,Q2,Toys,2,36.55,0.0,73.1,Organic Search,Mobile,North West,1,2024-06,2024-06-05
O0000295,C00106,2021-12-20,2021,12,Q4,Home & Garden,3,117.62,0.0,352.85,Organic Search,Mobile,London,0,2021-12,2021-12-20
O0000296,C00106,2022-08-02,2022,8,Q3,Home & Garden,3,117.42,0.0,352.25,Organic Search,Mobile,London,1,2022-08,2022-08-02
O0000297,C00106,2022-10-08,2022,10,Q4,Clothing,1,58.98,0.0,58.98,Organic Search,Mobile,London,1,2022-10,2022-10-08
O0000298,C00106,2023-10-08,2023,10,Q4,Home & Garden,2,98.73,0.0,197.46,Organic Search,Mobile,London,1,2023-10,2023-10-08
O0000299,C00106,2023-11-25,2023,11,Q4,Home & Garden,1,100.11,0.0,100.11,Organic Search,Mobile,London,1,2023-11,2023-11-25
O0000300,C00106,2023-12-23,2023,12,Q4,Home & Garden,1,82.34,0.2,65.87,Organic Search,Mobile,London,1,2023-12,2023-12-23
O0000301,C00106,2024-01-07,2024,1,Q1,Electronics,1,169.92,0.0,169.92,Organic Search,Mobile,London,1,2024-01,2024-01-07
O0000302,C00106,2024-03-02,2024,3,Q1,Home & Garden,3,56.38,0.21,133.63,Organic Search,Mobile,London,1,2024-03,2024-03-02
O0000303,C00108,2022-09-06,2022,9,Q3,Beauty,4,31.45,0.0,125.78,Social Media,Mobile,Wales,0,2022-09,2022-09-06
O0000304,C00108,2024-05-11,2024,5,Q2,Beauty,4,36.6,0.0,146.39,Social Media,Mobile,Wales,1,2024-05,2024-05-11
O0000305,C00108,2024-06-18,2024,6,Q2,Beauty,1,50.04,0.18,41.03,Social Media,Mobile,Wales,1,2024-06,2024-06-18
O0000306,C00109,2024-07-24,2024,7,Q3,Electronics,4,108.92,0.0,435.69,Organic Search,Desktop,London,0,2024-07,2024-07-24
O0000307,C00109,2024-08-11,2024,8,Q3,Home & Garden,4,68.42,0.0,273.7,Organic Search,Desktop,London,1,2024-08,2024-08-11
O0000308,C00109,2024-08-21,2024,8,Q3,Clothing,2,57.29,0.0,114.59,Organic Search,Desktop,London,1,2024-08,2024-08-21
O0000309,C00109,2024-08-25,2024,8,Q3,Home & Garden,4,23.7,0.0,94.79,Organic Search,Desktop,London,1,2024-08,2024-08-25
O0000310,C00109,2024-10-20,2024,10,Q4,Home & Garden,2,61.5,0.0,123.01,Organic Search,Desktop,London,1,2024-10,2024-10-20
O0000311,C00110,2022-08-11,2022,8,Q3,Beauty,4,34.21,0.2,109.48,Email,Mobile,Midlands,0,2022-08,2022-08-11
O0000312,C00113,2024-05-05,2024,5,Q2,Toys,1,32.29,0.0,32.29,Social Media,Mobile,Yorkshire,0,2024-05,2024-05-05
O0000313,C00114,2024-05-30,2024,5,Q2,Home & Garden,1,43.45,0.05,41.28,Organic Search,Mobile,North East,0,2024-05,2024-05-30
O0000314,C00114,2024-08-19,2024,8,Q3,Beauty,3,39.69,0.0,119.07,Organic Search,Mobile,North East,1,2024-08,2024-08-19
O0000315,C00114,2024-10-20,2024,10,Q4,Beauty,1,54.7,0.0,54.7,Organic Search,Mobile,North East,1,2024-10,2024-10-20
O0000316,C00114,2024-12-28,2024,12,Q4,Beauty,4,46.5,0.0,186.01,Organic Search,Mobile,North East,1,2024-12,2024-12-28
O0000317,C00115,2023-07-10,2023,7,Q3,Home & Garden,1,94.53,0.0,94.53,Paid Search,Mobile,Midlands,0,2023-07,2023-07-10
O0000318,C00115,2024-03-18,2024,3,Q1,Electronics,2,137.06,0.0,274.12,Paid Search,Mobile,Midlands,1,2024-03,2024-03-18
O0000319,C00115,2024-09-20,2024,9,Q3,Clothing,4,83.08,0.0,332.32,Paid Search,Mobile,Midlands,1,2024-09,2024-09-20
O0000320,C00117,2023-04-23,2023,4,Q2,Home & Garden,4,39.67,0.0,158.68,Organic Search,Desktop,North West,0,2023-04,2023-04-23
O0000321,C00117,2023-06-19,2023,6,Q2,Home & Garden,1,77.56,0.0,77.56,Organic Search,Desktop,North West,1,2023-06,2023-06-19
O0000322,C00118,2023-08-02,2023,8,Q3,Clothing,4,57.9,0.16,194.54,Direct,Mobile,Midlands,0,2023-08,2023-08-02
O0000323,C00118,2023-10-12,2023,10,Q4,Clothing,1,36.52,0.0,36.52,Direct,Mobile,Midlands,1,2023-10,2023-10-12
O0000324,C00118,2023-12-26,2023,12,Q4,Clothing,3,128.8,0.0,386.39,Direct,Mobile,Midlands,1,2023-12,2023-12-26
O0000325,C00118,2024-09-24,2024,9,Q3,Home & Garden,1,72.39,0.0,72.39,Direct,Mobile,Midlands,1,2024-09,2024-09-24
O0000326,C00119,2023-04-24,2023,4,Q2,Books,4,29.4,0.08,108.19,Direct,Desktop,London,0,2023-04,2023-04-24
O0000327,C00119,2024-10-13,2024,10,Q4,Clothing,3,47.04,0.04,135.48,Direct,Desktop,London,1,2024-10,2024-10-13
O0000328,C00120,2023-10-08,2023,10,Q4,Books,2,24.65,0.0,49.29,Paid Search,Desktop,Midlands,0,2023-10,2023-10-08
O0000329,C00120,2023-11-11,2023,11,Q4,Books,4,25.45,0.0,101.81,Paid Search,Desktop,Midlands,1,2023-11,2023-11-11
O0000330,C00121,2023-07-02,2023,7,Q3,Electronics,3,133.75,0.0,401.24,Organic Search,Desktop,London,0,2023-07,2023-07-02
O0000331,C00121,2024-03-12,2024,3,Q1,Electronics,3,73.85,0.21,175.02,Organic Search,Desktop,London,1,2024-03,2024-03-12
O0000332,C00121,2024-05-17,2024,5,Q2,Clothing,2,94.41,0.0,188.81,Organic Search,Desktop,London,1,2024-05,2024-05-17
O0000333,C00121,2024-11-22,2024,11,Q4,Electronics,2,275.73,0.0,551.47,Organic Search,Desktop,London,1,2024-11,2024-11-22
O0000334,C00122,2024-07-10,2024,7,Q3,Home & Garden,2,80.01,0.0,160.03,Organic Search,Mobile,North West,0,2024-07,2024-07-10
O0000335,C00123,2023-09-17,2023,9,Q3,Home & Garden,4,64.76,0.0,259.04,Direct,Tablet,North West,0,2023-09,2023-09-17
O0000336,C00123,2023-09-19,2023,9,Q3,Electronics,1,133.19,0.0,133.19,Direct,Tablet,North West,1,2023-09,2023-09-19
O0000337,C00123,2023-11-14,2023,11,Q4,Electronics,2,235.39,0.0,470.78,Direct,Tablet,North West,1,2023-11,2023-11-14
O0000338,C00123,2023-12-20,2023,12,Q4,Electronics,3,217.69,0.0,653.06,Direct,Tablet,North West,1,2023-12,2023-12-20
O0000339,C00123,2024-01-26,2024,1,Q1,Clothing,3,64.91,0.05,185.0,Direct,Tablet,North West,1,2024-01,2024-01-26
O0000340,C00123,2024-06-05,2024,6,Q2,Electronics,3,109.09,0.0,327.27,Direct,Tablet,North West,1,2024-06,2024-06-05
O0000341,C00123,2024-07-07,2024,7,Q3,Electronics,3,70.5,0.0,211.5,Direct,Tablet,North West,1,2024-07,2024-07-07
O0000342,C00123,2024-07-17,2024,7,Q3,Electronics,4,94.85,0.0,379.42,Direct,Tablet,North West,1,2024-07,2024-07-17
O0000343,C00123,2024-08-06,2024,8,Q3,Electronics,3,134.52,0.0,403.57,Direct,Tablet,North West,1,2024-08,2024-08-06
O0000344,C00124,2021-12-21,2021,12,Q4,Clothing,3,89.33,0.15,227.79,Paid Search,Mobile,South East,0,2021-12,2021-12-21
O0000345,C00124,2023-01-09,2023,1,Q1,Electronics,3,151.11,0.07,421.59,Paid Search,Mobile,South East,1,2023-01,2023-01-09
O0000346,C00125,2023-02-02,2023,2,Q1,Electronics,2,142.24,0.0,284.48,Social Media,Mobile,South East,0,2023-02,2023-02-02
O0000347,C00125,2023-02-03,2023,2,Q1,Clothing,3,50.3,0.0,150.9,Social Media,Mobile,South East,1,2023-02,2023-02-03
O0000348,C00125,2023-07-23,2023,7,Q3,Clothing,3,47.73,0.21,113.11,Social Media,Mobile,South East,1,2023-07,2023-07-23
O0000349,C00125,2023-09-13,2023,9,Q3,Clothing,2,45.41,0.0,90.81,Social Media,Mobile,South East,1,2023-09,2023-09-13
O0000350,C00125,2024-02-01,2024,2,Q1,Clothing,3,72.36,0.23,167.15,Social Media,Mobile,South East,1,2024-02,2024-02-01
O0000351,C00125,2024-02-26,2024,2,Q1,Clothing,3,81.55,0.1,220.19,Social Media,Mobile,South East,1,2024-02,2024-02-26
O0000352,C00125,2024-09-02,2024,9,Q3,Clothing,2,55.2,0.0,110.41,Social Media,Mobile,South East,1,2024-09,2024-09-02
O0000353,C00125,2024-12-24,2024,12,Q4,Clothing,2,53.82,0.19,87.19,Social Media,Mobile,South East,1,2024-12,2024-12-24
O0000354,C00126,2023-12-17,2023,12,Q4,Clothing,1,98.03,0.0,98.03,Organic Search,Mobile,Wales,0,2023-12,2023-12-17
O0000355,C00126,2024-01-04,2024,1,Q1,Electronics,3,152.51,0.0,457.54,Organic Search,Mobile,Wales,1,2024-01,2024-01-04
O0000356,C00126,2024-03-02,2024,3,Q1,Electronics,2,118.09,0.03,229.1,Organic Search,Mobile,Wales,1,2024-03,2024-03-02
O0000357,C00126,2024-06-11,2024,6,Q2,Clothing,2,46.82,0.0,93.65,Organic Search,Mobile,Wales,1,2024-06,2024-06-11
O0000358,C00126,2024-07-22,2024,7,Q3,Clothing,4,59.24,0.0,236.97,Organic Search,Mobile,Wales,1,2024-07,2024-07-22
O0000359,C00126,2024-09-09,2024,9,Q3,Clothing,3,45.31,0.18,111.47,Organic Search,Mobile,Wales,1,2024-09,2024-09-09
O0000360,C00127,2022-12-11,2022,12,Q4,Clothing,4,71.0,0.0,283.99,Paid Search,Mobile,South East,0,2022-12,2022-12-11
O0000361,C00127,2023-12-22,2023,12,Q4,Electronics,3,183.96,0.09,502.22,Paid Search,Mobile,South East,1,2023-12,2023-12-22
O0000362,C00127,2024-10-30,2024,10,Q4,Beauty,3,53.42,0.23,123.39,Paid Search,Mobile,South East,1,2024-10,2024-10-30
O0000363,C00128,2022-12-01,2022,12,Q4,Clothing,1,100.9,0.15,85.77,Paid Search,Mobile,London,0,2022-12,2022-12-01
O0000364,C00128,2023-07-20,2023,7,Q3,Electronics,4,122.29,0.0,489.17,Paid Search,Mobile,London,1,2023-07,2023-07-20
O0000365,C00128,2024-03-05,2024,3,Q1,Clothing,4,76.3,0.0,305.21,Paid Search,Mobile,London,1,2024-03,2024-03-05
O0000366,C00128,2024-05-27,2024,5,Q2,Clothing,4,77.24,0.22,241.0,Paid Search,Mobile,London,1,2024-05,2024-05-27
O0000367,C00128,2024-08-18,2024,8,Q3,Home & Garden,2,65.03,0.0,130.07,Paid Search,Mobile,London,1,2024-08,2024-08-18
O0000368,C00128,2024-11-07,2024,11,Q4,Clothing,4,76.16,0.0,304.63,Paid Search,Mobile,London,1,2024-11,2024-11-07
O0000369,C00132,2023-05-03,2023,5,Q2,Sports,4,49.01,0.0,196.03,Paid Search,Mobile,Midlands,0,2023-05,2023-05-03
O0000370,C00132,2023-06-22,2023,6,Q2,Sports,3,28.85,0.01,85.67,Paid Search,Mobile,Midlands,1,2023-06,2023-06-22
O0000371,C00132,2024-06-10,2024,6,Q2,Sports,1,94.95,0.0,94.95,Paid Search,Mobile,Midlands,1,2024-06,2024-06-10
O0000372,C00133,2024-08-19,2024,8,Q3,Sports,4,72.01,0.2,230.43,Social Media,Desktop,South East,0,2024-08,2024-08-19
O0000373,C00133,2024-08-20,2024,8,Q3,Sports,2,28.3,0.0,56.59,Social Media,Desktop,South East,1,2024-08,2024-08-20
O0000374,C00133,2024-08-21,2024,8,Q3,Sports,2,30.24,0.0,60.48,Social Media,Desktop,South East,1,2024-08,2024-08-21
O0000375,C00133,2024-08-27,2024,8,Q3,Clothing,3,18.81,0.09,51.34,Social Media,Desktop,South East,1,2024-08,2024-08-27
O0000376,C00133,2024-10-01,2024,10,Q4,Sports,2,58.25,0.13,101.36,Social Media,Desktop,South East,1,2024-10,2024-10-01
O0000377,C00133,2024-10-26,2024,10,Q4,Clothing,1,86.92,0.0,86.92,Social Media,Desktop,South East,1,2024-10,2024-10-26
O0000378,C00134,2022-11-25,2022,11,Q4,Home & Garden,2,105.32,0.0,210.64,Paid Search,Mobile,North West,0,2022-11,2022-11-25
O0000379,C00134,2023-08-16,2023,8,Q3,Home & Garden,3,73.79,0.06,208.08,Paid Search,Mobile,North West,1,2023-08,2023-08-16
O0000380,C00134,2023-12-24,2023,12,Q4,Beauty,4,52.72,0.15,179.26,Paid Search,Mobile,North West,1,2023-12,2023-12-24
O0000381,C00134,2024-02-25,2024,2,Q1,Home & Garden,4,59.64,0.0,238.55,Paid Search,Mobile,North West,1,2024-02,2024-02-25
O0000382,C00135,2024-03-08,2024,3,Q1,Sports,4,41.2,0.12,145.01,Email,Mobile,South East,0,2024-03,2024-03-08
O0000383,C00135,2024-04-18,2024,4,Q2,Sports,2,43.99,0.0,87.98,Email,Mobile,South East,1,2024-04,2024-04-18
O0000384,C00135,2024-06-14,2024,6,Q2,Sports,1,43.45,0.0,43.45,Email,Mobile,South East,1,2024-06,2024-06-14
O0000385,C00135,2024-10-05,2024,10,Q4,Beauty,2,31.19,0.14,53.65,Email,Mobile,South East,1,2024-10,2024-10-05
O0000386,C00135,2024-10-30,2024,10,Q4,Sports,2,52.46,0.0,104.91,Email,Mobile,South East,1,2024-10,2024-10-30
O0000387,C00136,2023-12-14,2023,12,Q4,Electronics,1,170.53,0.0,170.53,Organic Search,Desktop,North West,0,2023-12,2023-12-14
O0000388,C00140,2023-04-04,2023,4,Q2,Home & Garden,4,45.04,0.0,180.15,Direct,Mobile,London,0,2023-04,2023-04-04
O0000389,C00140,2023-08-24,2023,8,Q3,Clothing,3,56.17,0.0,168.52,Direct,Mobile,London,1,2023-08,2023-08-24
O0000390,C00140,2023-09-16,2023,9,Q3,Home & Garden,1,90.96,0.0,90.96,Direct,Mobile,London,1,2023-09,2023-09-16
O0000391,C00140,2023-11-03,2023,11,Q4,Home & Garden,1,115.81,0.24,88.01,Direct,Mobile,London,1,2023-11,2023-11-03
O0000392,C00140,2024-01-06,2024,1,Q1,Home & Garden,2,41.22,0.0,82.44,Direct,Mobile,London,1,2024-01,2024-01-06
O0000393,C00141,2023-12-23,2023,12,Q4,Clothing,1,127.27,0.0,127.27,Social Media,Mobile,Yorkshire,0,2023-12,2023-12-23
O0000394,C00141,2024-02-08,2024,2,Q1,Toys,4,32.24,0.0,128.96,Social Media,Mobile,Yorkshire,1,2024-02,2024-02-08
O0000395,C00141,2024-10-12,2024,10,Q4,Clothing,2,51.79,0.21,81.83,Social Media,Mobile,Yorkshire,1,2024-10,2024-10-12
O0000396,C00143,2024-03-23,2024,3,Q1,Books,1,19.07,0.0,19.07,Paid Search,Mobile,North East,0,2024-03,2024-03-23
O0000397,C00143,2024-06-26,2024,6,Q2,Toys,2,52.66,0.0,105.32,Paid Search,Mobile,North East,1,2024-06,2024-06-26
O0000398,C00145,2023-11-07,2023,11,Q4,Clothing,4,81.79,0.0,327.15,Paid Search,Tablet,Wales,0,2023-11,2023-11-07
O0000399,C00145,2024-12-19,2024,12,Q4,Clothing,4,91.71,0.0,366.85,Paid Search,Tablet,Wales,1,2024-12,2024-12-19
O0000400,C00146,2023-06-11,2023,6,Q2,Clothing,3,79.65,0.0,238.94,Organic Search,Mobile,Midlands,0,2023-06,2023-06-11
O0000401,C00146,2023-10-02,2023,10,Q4,Home & Garden,2,117.22,0.0,234.43,Organic Search,Mobile,Midlands,1,2023-10,2023-10-02
O0000402,C00146,2024-01-04,2024,1,Q1,Home & Garden,2,72.9,0.0,145.8,Organic Search,Mobile,Midlands,1,2024-01,2024-01-04
O0000403,C00146,2024-04-16,2024,4,Q2,Beauty,1,30.4,0.0,30.4,Organic Search,Mobile,Midlands,1,2024-04,2024-04-16
O0000404,C00147,2021-07-20,2021,7,Q3,Clothing,3,56.64,0.0,169.91,Paid Search,Mobile,North West,0,2021-07,2021-07-20
O0000405,C00147,2021-10-27,2021,10,Q4,Beauty,4,36.96,0.06,138.98,Paid Search,Mobile,North West,1,2021-10,2021-10-27
O0000406,C00147,2022-10-13,2022,10,Q4,Beauty,1,48.53,0.12,42.71,Paid Search,Mobile,North West,1,2022-10,2022-10-13
O0000407,C00147,2023-03-15,2023,3,Q1,Home & Garden,2,71.5,0.0,143.01,Paid Search,Mobile,North West,1,2023-03,2023-03-15
O0000408,C00147,2023-04-27,2023,4,Q2,Electronics,3,180.56,0.13,471.25,Paid Search,Mobile,North West,1,2023-04,2023-04-27
O0000409,C00147,2023-07-12,2023,7,Q3,Beauty,3,24.13,0.19,58.63,Paid Search,Mobile,North West,1,2023-07,2023-07-12
O0000410,C00148,2022-04-04,2022,4,Q2,Clothing,3,60.32,0.25,135.72,Social Media,Desktop,Scotland,0,2022-04,2022-04-04
O0000411,C00148,2023-04-08,2023,4,Q2,Sports,3,47.56,0.24,108.45,Social Media,Desktop,Scotland,1,2023-04,2023-04-08
O0000412,C00148,2024-12-10,2024,12,Q4,Clothing,3,105.5,0.0,316.51,Social Media,Desktop,Scotland,1,2024-12,2024-12-10
O0000413,C00149,2021-12-30,2021,12,Q4,Beauty,2,45.92,0.0,91.84,Referral,Desktop,Scotland,0,2021-12,2021-12-30
O0000414,C00149,2022-10-02,2022,10,Q4,Beauty,1,52.34,0.0,52.34,Referral,Desktop,Scotland,1,2022-10,2022-10-02
O0000415,C00149,2022-11-13,2022,11,Q4,Beauty,4,48.25,0.2,154.41,Referral,Desktop,Scotland,1,2022-11,2022-11-13
O0000416,C00150,2023-01-07,2023,1,Q1,Clothing,2,50.27,0.0,100.55,Social Media,Desktop,Scotland,0,2023-01,2023-01-07
O0000417,C00152,2024-09-28,2024,9,Q3,Books,4,11.76,0.0,47.04,Organic Search,Mobile,Wales,0,2024-09,2024-09-28
O0000418,C00152,2024-10-29,2024,10,Q4,Books,1,30.69,0.0,30.69,Organic Search,Mobile,Wales,1,2024-10,2024-10-29
O0000419,C00152,2024-11-17,2024,11,Q4,Books,4,38.44,0.16,129.16,Organic Search,Mobile,Wales,1,2024-11,2024-11-17
O0000420,C00153,2022-10-02,2022,10,Q4,Beauty,2,35.81,0.0,71.63,Organic Search,Mobile,South East,0,2022-10,2022-10-02
O0000421,C00153,2024-02-01,2024,2,Q1,Clothing,1,42.96,0.0,42.96,Organic Search,Mobile,South East,1,2024-02,2024-02-01
O0000422,C00153,2024-04-27,2024,4,Q2,Beauty,1,24.39,0.25,18.29,Organic Search,Mobile,South East,1,2024-04,2024-04-27
O0000423,C00153,2024-05-10,2024,5,Q2,Books,3,22.35,0.0,67.04,Organic Search,Mobile,South East,1,2024-05,2024-05-10
O0000424,C00153,2024-06-15,2024,6,Q2,Beauty,3,54.16,0.03,157.62,Organic Search,Mobile,South East,1,2024-06,2024-06-15
O0000425,C00153,2024-08-12,2024,8,Q3,Beauty,2,38.74,0.17,64.31,Organic Search,Mobile,South East,1,2024-08,2024-08-12
O0000426,C00154,2022-08-29,2022,8,Q3,Home & Garden,2,42.88,0.0,85.77,Social Media,Mobile,South East,0,2022-08,2022-08-29
O0000427,C00154,2023-09-06,2023,9,Q3,Home & Garden,2,81.97,0.0,163.93,Social Media,Mobile,South East,1,2023-09,2023-09-06
O0000428,C00156,2023-08-16,2023,8,Q3,Electronics,3,144.1,0.0,432.29,Social Media,Mobile,South West,0,2023-08,2023-08-16
O0000429,C00157,2022-08-25,2022,8,Q3,Beauty,3,33.83,0.0,101.5,Organic Search,Mobile,Wales,0,2022-08,2022-08-25
O0000430,C00157,2023-03-30,2023,3,Q1,Clothing,4,56.86,0.0,227.45,Organic Search,Mobile,Wales,1,2023-03,2023-03-30
O0000431,C00157,2023-06-15,2023,6,Q2,Electronics,4,105.75,0.0,423.02,Organic Search,Mobile,Wales,1,2023-06,2023-06-15
O0000432,C00157,2024-04-07,2024,4,Q2,Clothing,3,82.08,0.0,246.24,Organic Search,Mobile,Wales,1,2024-04,2024-04-07
O0000433,C00157,2024-05-16,2024,5,Q2,Electronics,3,200.19,0.0,600.56,Organic Search,Mobile,Wales,1,2024-05,2024-05-16
O0000434,C00157,2024-05-18,2024,5,Q2,Electronics,2,181.9,0.0,363.81,Organic Search,Mobile,Wales,1,2024-05,2024-05-18
O0000435,C00158,2024-03-09,2024,3,Q1,Electronics,3,139.18,0.0,417.53,Organic Search,Mobile,London,0,2024-03,2024-03-09
O0000436,C00158,2024-06-18,2024,6,Q2,Electronics,1,162.56,0.0,162.56,Organic Search,Mobile,London,1,2024-06,2024-06-18
O0000437,C00158,2024-08-21,2024,8,Q3,Beauty,2,25.89,0.2,41.43,Organic Search,Mobile,London,1,2024-08,2024-08-21
O0000438,C00158,2024-11-27,2024,11,Q4,Clothing,1,91.42,0.06,85.93,Organic Search,Mobile,London,1,2024-11,2024-11-27
O0000439,C00158,2024-12-08,2024,12,Q4,Home & Garden,1,147.47,0.0,147.47,Organic Search,Mobile,London,1,2024-12,2024-12-08
O0000440,C00158,2024-12-10,2024,12,Q4,Electronics,4,178.99,0.0,715.98,Organic Search,Mobile,London,1,2024-12,2024-12-10
O0000441,C00158,2024-12-21,2024,12,Q4,Electronics,2,239.38,0.0,478.76,Organic Search,Mobile,London,1,2024-12,2024-12-21
O0000442,C00159,2024-10-05,2024,10,Q4,Beauty,1,31.76,0.01,31.44,Paid Search,Mobile,London,0,2024-10,2024-10-05
O0000443,C00159,2024-10-06,2024,10,Q4,Beauty,4,33.41,0.0,133.63,Paid Search,Mobile,London,1,2024-10,2024-10-06
O0000444,C00160,2024-06-28,2024,6,Q2,Clothing,1,70.34,0.0,70.34,Social Media,Desktop,Scotland,0,2024-06,2024-06-28
O0000445,C00160,2024-08-06,2024,8,Q3,Clothing,2,25.97,0.14,44.67,Social Media,Desktop,Scotland,1,2024-08,2024-08-06
O0000446,C00160,2024-11-30,2024,11,Q4,Clothing,2,98.95,0.16,166.24,Social Media,Desktop,Scotland,1,2024-11,2024-11-30
O0000447,C00161,2023-11-08,2023,11,Q4,Beauty,2,49.46,0.0,98.93,Organic Search,Tablet,North West,0,2023-11,2023-11-08
O0000448,C00161,2024-03-06,2024,3,Q1,Beauty,3,44.3,0.02,130.23,Organic Search,Tablet,North West,1,2024-03,2024-03-06
O0000449,C00161,2024-05-10,2024,5,Q2,Sports,2,50.74,0.1,91.33,Organic Search,Tablet,North West,1,2024-05,2024-05-10
O0000450,C00161,2024-06-26,2024,6,Q2,Clothing,2,54.51,0.0,109.01,Organic Search,Tablet,North West,1,2024-06,2024-06-26
O0000451,C00161,2024-10-05,2024,10,Q4,Beauty,1,46.13,0.05,43.83,Organic Search,Tablet,North West,1,2024-10,2024-10-05
O0000452,C00162,2024-11-08,2024,11,Q4,Home & Garden,3,101.81,0.15,259.61,Direct,Mobile,Scotland,0,2024-11,2024-11-08
O0000453,C00163,2022-09-23,2022,9,Q3,Sports,4,31.15,0.0,124.59,Social Media,Mobile,North West,0,2022-09,2022-09-23
O0000454,C00163,2023-02-04,2023,2,Q1,Sports,1,41.39,0.0,41.39,Social Media,Mobile,North West,1,2023-02,2023-02-04
O0000455,C00163,2023-06-11,2023,6,Q2,Sports,2,78.56,0.0,157.13,Social Media,Mobile,North West,1,2023-06,2023-06-11
O0000456,C00163,2023-11-04,2023,11,Q4,Sports,3,59.93,0.0,179.8,Social Media,Mobile,North West,1,2023-11,2023-11-04
O0000457,C00164,2024-02-17,2024,2,Q1,Electronics,3,208.35,0.0,625.04,Organic Search,Desktop,South East,0,2024-02,2024-02-17
O0000458,C00164,2024-06-26,2024,6,Q2,Electronics,3,144.31,0.0,432.93,Organic Search,Desktop,South East,1,2024-06,2024-06-26
O0000459,C00164,2024-08-08,2024,8,Q3,Electronics,4,97.8,0.0,391.19,Organic Search,Desktop,South East,1,2024-08,2024-08-08
O0000460,C00164,2024-10-28,2024,10,Q4,Electronics,3,145.31,0.0,435.94,Organic Search,Desktop,South East,1,2024-10,2024-10-28
O0000461,C00165,2024-02-28,2024,2,Q1,Clothing,3,39.84,0.0,119.53,Email,Mobile,Yorkshire,0,2024-02,2024-02-28
O0000462,C00165,2024-03-04,2024,3,Q1,Clothing,3,35.96,0.0,107.89,Email,Mobile,Yorkshire,1,2024-03,2024-03-04
O0000463,C00165,2024-03-05,2024,3,Q1,Clothing,2,58.69,0.17,97.43,Email,Mobile,Yorkshire,1,2024-03,2024-03-05
O0000464,C00165,2024-04-04,2024,4,Q2,Clothing,3,69.14,0.0,207.41,Email,Mobile,Yorkshire,1,2024-04,2024-04-04
O0000465,C00165,2024-05-10,2024,5,Q2,Clothing,4,75.42,0.0,301.67,Email,Mobile,Yorkshire,1,2024-05,2024-05-10
O0000466,C00165,2024-05-19,2024,5,Q2,Clothing,3,51.14,0.0,153.42,Email,Mobile,Yorkshire,1,2024-05,2024-05-19
O0000467,C00165,2024-05-21,2024,5,Q2,Electronics,2,141.87,0.0,283.74,Email,Mobile,Yorkshire,1,2024-05,2024-05-21
O0000468,C00165,2024-06-11,2024,6,Q2,Clothing,3,57.4,0.0,172.21,Email,Mobile,Yorkshire,1,2024-06,2024-06-11
O0000469,C00165,2024-06-25,2024,6,Q2,Electronics,2,131.58,0.11,234.21,Email,Mobile,Yorkshire,1,2024-06,2024-06-25
O0000470,C00165,2024-12-12,2024,12,Q4,Clothing,4,107.43,0.0,429.71,Email,Mobile,Yorkshire,1,2024-12,2024-12-12
O0000471,C00166,2024-02-02,2024,2,Q1,Clothing,1,46.32,0.11,41.22,Social Media,Mobile,London,0,2024-02,2024-02-02
O0000472,C00166,2024-04-04,2024,4,Q2,Clothing,1,61.92,0.12,54.49,Social Media,Mobile,London,1,2024-04,2024-04-04
O0000473,C00169,2024-01-02,2024,1,Q1,Home & Garden,2,60.23,0.0,120.47,Email,Mobile,London,0,2024-01,2024-01-02
O0000474,C00169,2024-07-27,2024,7,Q3,Home & Garden,3,96.24,0.0,288.73,Email,Mobile,London,1,2024-07,2024-07-27
O0000475,C00169,2024-10-09,2024,10,Q4,Home & Garden,2,86.45,0.01,171.18,Email,Mobile,London,1,2024-10,2024-10-09
O0000476,C00169,2024-10-16,2024,10,Q4,Home & Garden,4,90.7,0.0,362.81,Email,Mobile,London,1,2024-10,2024-10-16
O0000477,C00171,2024-10-08,2024,10,Q4,Sports,1,42.96,0.0,42.96,Email,Mobile,South West,0,2024-10,2024-10-08
O0000478,C00171,2024-11-04,2024,11,Q4,Sports,3,66.24,0.0,198.71,Email,Mobile,South West,1,2024-11,2024-11-04
O0000479,C00171,2024-12-16,2024,12,Q4,Sports,2,111.21,0.0,222.43,Email,Mobile,South West,1,2024-12,2024-12-16
O0000480,C00172,2024-05-26,2024,5,Q2,Clothing,2,53.31,0.0,106.62,Organic Search,Mobile,London,0,2024-05,2024-05-26
O0000481,C00172,2024-07-20,2024,7,Q3,Clothing,3,66.56,0.0,199.69,Organic Search,Mobile,London,1,2024-07,2024-07-20
O0000482,C00172,2024-08-16,2024,8,Q3,Electronics,4,100.36,0.0,401.43,Organic Search,Mobile,London,1,2024-08,2024-08-16
O0000483,C00172,2024-10-06,2024,10,Q4,Clothing,3,55.09,0.0,165.26,Organic Search,Mobile,London,1,2024-10,2024-10-06
O0000484,C00172,2024-10-29,2024,10,Q4,Clothing,3,57.02,0.21,135.13,Organic Search,Mobile,London,1,2024-10,2024-10-29
O0000485,C00172,2024-11-10,2024,11,Q4,Clothing,2,93.26,0.0,186.53,Organic Search,Mobile,London,1,2024-11,2024-11-10
O0000486,C00174,2022-07-24,2022,7,Q3,Home & Garden,3,40.89,0.05,116.53,Organic Search,Desktop,Scotland,0,2022-07,2022-07-24
O0000487,C00174,2024-02-05,2024,2,Q1,Clothing,3,71.34,0.05,203.32,Organic Search,Desktop,Scotland,1,2024-02,2024-02-05
O0000488,C00174,2024-05-19,2024,5,Q2,Clothing,3,70.75,0.14,182.54,Organic Search,Desktop,Scotland,1,2024-05,2024-05-19
O0000489,C00175,2023-05-18,2023,5,Q2,Toys,4,16.32,0.09,59.4,Organic Search,Desktop,London,0,2023-05,2023-05-18
O0000490,C00175,2023-10-08,2023,10,Q4,Toys,4,37.24,0.01,147.49,Organic Search,Desktop,London,1,2023-10,2023-10-08
O0000491,C00176,2024-07-07,2024,7,Q3,Electronics,1,104.66,0.0,104.66,Social Media,Mobile,London,0,2024-07,2024-07-07
O0000492,C00176,2024-07-10,2024,7,Q3,Electronics,1,115.4,0.0,115.4,Social Media,Mobile,London,1,2024-07,2024-07-10
O0000493,C00176,2024-08-19,2024,8,Q3,Electronics,1,176.31,0.0,176.31,Social Media,Mobile,London,1,2024-08,2024-08-19
O0000494,C00176,2024-09-27,2024,9,Q3,Electronics,2,114.79,0.0,229.58,Social Media,Mobile,London,1,2024-09,2024-09-27
O0000495,C00176,2024-11-28,2024,11,Q4,Electronics,4,154.62,0.0,618.49,Social Media,Mobile,London,1,2024-11,2024-11-28
O0000496,C00177,2024-07-19,2024,7,Q3,Sports,2,45.01,0.17,74.72,Email,Tablet,North West,0,2024-07,2024-07-19
O0000497,C00178,2022-06-01,2022,6,Q2,Home & Garden,4,71.97,0.0,287.88,Social Media,Mobile,South East,0,2022-06,2022-06-01
O0000498,C00178,2023-11-17,2023,11,Q4,Home & Garden,2,139.25,0.0,278.5,Social Media,Mobile,South East,1,2023-11,2023-11-17
O0000499,C00178,2024-03-11,2024,3,Q1,Home & Garden,2,68.36,0.01,135.35,Social Media,Mobile,South East,1,2024-03,2024-03-11
O0000500,C00178,2024-08-02,2024,8,Q3,Home & Garden,1,102.22,0.0,102.22,Social Media,Mobile,South East,1,2024-08,2024-08-02
O0000501,C00178,2024-11-03,2024,11,Q4,Beauty,1,49.11,0.14,42.23,Social Media,Mobile,South East,1,2024-11,2024-11-03
O0000502,C00179,2022-06-22,2022,6,Q2,Electronics,1,107.56,0.0,107.56,Referral,Desktop,Scotland,0,2022-06,2022-06-22
O0000503,C00179,2022-11-18,2022,11,Q4,Electronics,2,261.25,0.0,522.49,Referral,Desktop,Scotland,1,2022-11,2022-11-18
O0000504,C00179,2023-01-13,2023,1,Q1,Electronics,4,150.79,0.18,494.58,Referral,Desktop,Scotland,1,2023-01,2023-01-13
O0000505,C00179,2023-03-06,2023,3,Q1,Home & Garden,3,80.85,0.06,228.01,Referral,Desktop,Scotland,1,2023-03,2023-03-06
O0000506,C00179,2023-10-07,2023,10,Q4,Electronics,4,142.88,0.0,571.53,Referral,Desktop,Scotland,1,2023-10,2023-10-07
O0000507,C00179,2023-11-15,2023,11,Q4,Electronics,4,222.71,0.0,890.83,Referral,Desktop,Scotland,1,2023-11,2023-11-15
O0000508,C00179,2023-12-16,2023,12,Q4,Clothing,1,71.74,0.0,71.74,Referral,Desktop,Scotland,1,2023-12,2023-12-16
O0000509,C00179,2024-09-27,2024,9,Q3,Electronics,4,201.02,0.16,675.42,Referral,Desktop,Scotland,1,2024-09,2024-09-27
O0000510,C00180,2023-08-18,2023,8,Q3,Clothing,2,38.55,0.09,70.15,Organic Search,Mobile,London,0,2023-08,2023-08-18
O0000511,C00180,2023-11-02,2023,11,Q4,Electronics,2,175.8,0.0,351.59,Organic Search,Mobile,London,1,2023-11,2023-11-02
O0000512,C00180,2024-02-24,2024,2,Q1,Electronics,1,86.24,0.0,86.24,Organic Search,Mobile,London,1,2024-02,2024-02-24
O0000513,C00180,2024-04-01,2024,4,Q2,Home & Garden,1,25.42,0.13,22.12,Organic Search,Mobile,London,1,2024-04,2024-04-01
O0000514,C00180,2024-04-07,2024,4,Q2,Electronics,1,97.53,0.0,97.53,Organic Search,Mobile,London,1,2024-04,2024-04-07
O0000515,C00180,2024-12-07,2024,12,Q4,Electronics,1,253.43,0.0,253.43,Organic Search,Mobile,London,1,2024-12,2024-12-07
O0000516,C00180,2024-12-20,2024,12,Q4,Electronics,3,184.55,0.03,537.05,Organic Search,Mobile,London,1,2024-12,2024-12-20
O0000517,C00181,2022-10-01,2022,10,Q4,Books,1,19.6,0.0,19.6,Paid Search,Tablet,London,0,2022-10,2022-10-01
O0000518,C00181,2022-10-24,2022,10,Q4,Clothing,2,66.9,0.04,128.45,Paid Search,Tablet,London,1,2022-10,2022-10-24
O0000519,C00181,2023-05-21,2023,5,Q2,Clothing,1,93.41,0.0,93.41,Paid Search,Tablet,London,1,2023-05,2023-05-21
O0000520,C00181,2024-01-17,2024,1,Q1,Clothing,1,57.88,0.0,57.88,Paid Search,Tablet,London,1,2024-01,2024-01-17
O0000521,C00181,2024-05-02,2024,5,Q2,Clothing,1,62.74,0.0,62.74,Paid Search,Tablet,London,1,2024-05,2024-05-02
O0000522,C00181,2024-12-25,2024,12,Q4,Home & Garden,1,109.5,0.08,100.74,Paid Search,Tablet,London,1,2024-12,2024-12-25
O0000523,C00182,2024-09-04,2024,9,Q3,Beauty,2,19.35,0.0,38.7,Organic Search,Mobile,South West,0,2024-09,2024-09-04
O0000524,C00185,2024-12-16,2024,12,Q4,Clothing,3,98.58,0.22,230.67,Paid Search,Tablet,Scotland,0,2024-12,2024-12-16
O0000525,C00186,2024-08-26,2024,8,Q3,Clothing,1,42.68,0.0,42.68,Email,Mobile,Yorkshire,0,2024-08,2024-08-26
O0000526,C00186,2024-09-02,2024,9,Q3,Electronics,2,127.25,0.0,254.5,Email,Mobile,Yorkshire,1,2024-09,2024-09-02
O0000527,C00186,2024-10-10,2024,10,Q4,Beauty,1,61.17,0.0,61.17,Email,Mobile,Yorkshire,1,2024-10,2024-10-10
O0000528,C00186,2024-12-26,2024,12,Q4,Beauty,1,53.9,0.0,53.9,Email,Mobile,Yorkshire,1,2024-12,2024-12-26
O0000529,C00188,2022-08-01,2022,8,Q3,Clothing,4,78.66,0.0,314.65,Organic Search,Desktop,Yorkshire,0,2022-08,2022-08-01
O0000530,C00188,2022-11-06,2022,11,Q4,Home & Garden,3,133.48,0.0,400.45,Organic Search,Desktop,Yorkshire,1,2022-11,2022-11-06
O0000531,C00188,2023-05-17,2023,5,Q2,Clothing,3,31.48,0.0,94.43,Organic Search,Desktop,Yorkshire,1,2023-05,2023-05-17
O0000532,C00188,2023-12-23,2023,12,Q4,Beauty,1,54.75,0.0,54.75,Organic Search,Desktop,Yorkshire,1,2023-12,2023-12-23
O0000533,C00188,2023-12-24,2023,12,Q4,Clothing,2,103.85,0.0,207.7,Organic Search,Desktop,Yorkshire,1,2023-12,2023-12-24
O0000534,C00189,2022-03-17,2022,3,Q1,Electronics,2,124.81,0.0,249.62,Paid Search,Desktop,London,0,2022-03,2022-03-17
O0000535,C00190,2021-12-08,2021,12,Q4,Electronics,3,244.55,0.0,733.65,Direct,Desktop,South West,0,2021-12,2021-12-08
O0000536,C00190,2022-11-05,2022,11,Q4,Clothing,2,86.85,0.0,173.71,Direct,Desktop,South West,1,2022-11,2022-11-05
O0000537,C00190,2023-04-30,2023,4,Q2,Clothing,3,38.95,0.0,116.86,Direct,Desktop,South West,1,2023-04,2023-04-30
O0000538,C00190,2023-05-27,2023,5,Q2,Home & Garden,4,85.01,0.07,316.22,Direct,Desktop,South West,1,2023-05,2023-05-27
O0000539,C00190,2023-08-09,2023,8,Q3,Clothing,1,65.28,0.19,52.88,Direct,Desktop,South West,1,2023-08,2023-08-09
O0000540,C00190,2023-10-19,2023,10,Q4,Clothing,4,88.11,0.0,352.45,Direct,Desktop,South West,1,2023-10,2023-10-19
O0000541,C00191,2024-04-23,2024,4,Q2,Clothing,3,63.71,0.0,191.12,Email,Mobile,London,0,2024-04,2024-04-23
O0000542,C00191,2024-05-07,2024,5,Q2,Home & Garden,3,71.34,0.0,214.01,Email,Mobile,London,1,2024-05,2024-05-07
O0000543,C00191,2024-08-10,2024,8,Q3,Electronics,3,140.1,0.0,420.29,Email,Mobile,London,1,2024-08,2024-08-10
O0000544,C00191,2024-09-19,2024,9,Q3,Home & Garden,3,69.37,0.0,208.12,Email,Mobile,London,1,2024-09,2024-09-19
O0000545,C00191,2024-10-21,2024,10,Q4,Beauty,4,21.9,0.0,87.58,Email,Mobile,London,1,2024-10,2024-10-21
O0000546,C00192,2023-01-12,2023,1,Q1,Books,3,19.39,0.21,45.95,Paid Search,Mobile,London,0,2023-01,2023-01-12
O0000547,C00193,2022-12-10,2022,12,Q4,Beauty,2,46.91,0.0,93.82,Organic Search,Mobile,North West,0,2022-12,2022-12-10
O0000548,C00193,2024-02-08,2024,2,Q1,Beauty,1,18.49,0.0,18.49,Organic Search,Mobile,North West,1,2024-02,2024-02-08
O0000549,C00193,2024-02-27,2024,2,Q1,Beauty,4,26.99,0.0,107.97,Organic Search,Mobile,North West,1,2024-02,2024-02-27
O0000550,C00193,2024-03-25,2024,3,Q1,Electronics,2,94.04,0.2,150.47,Organic Search,Mobile,North West,1,2024-03,2024-03-25
O0000551,C00193,2024-07-29,2024,7,Q3,Sports,4,66.86,0.0,267.43,Organic Search,Mobile,North West,1,2024-07,2024-07-29
O0000552,C00194,2023-09-24,2023,9,Q3,Beauty,2,34.32,0.0,68.65,Referral,Mobile,South West,0,2023-09,2023-09-24
O0000553,C00194,2023-12-03,2023,12,Q4,Clothing,2,82.36,0.0,164.73,Referral,Mobile,South West,1,2023-12,2023-12-03
O0000554,C00194,2024-03-04,2024,3,Q1,Home & Garden,2,61.25,0.0,122.49,Referral,Mobile,South West,1,2024-03,2024-03-04
O0000555,C00194,2024-05-31,2024,5,Q2,Electronics,1,158.37,0.0,158.37,Referral,Mobile,South West,1,2024-05,2024-05-31
O0000556,C00194,2024-06-06,2024,6,Q2,Sports,4,62.49,0.0,249.96,Referral,Mobile,South West,1,2024-06,2024-06-06
O0000557,C00194,2024-08-20,2024,8,Q3,Home & Garden,3,42.75,0.0,128.24,Referral,Mobile,South West,1,2024-08,2024-08-20
O0000558,C00194,2024-10-24,2024,10,Q4,Sports,3,50.41,0.02,148.19,Referral,Mobile,South West,1,2024-10,2024-10-24
O0000559,C00195,2024-03-30,2024,3,Q1,Beauty,1,41.39,0.23,31.87,Social Media,Desktop,Midlands,0,2024-03,2024-03-30
O0000560,C00195,2024-06-17,2024,6,Q2,Beauty,4,24.24,0.0,96.95,Social Media,Desktop,Midlands,1,2024-06,2024-06-17
O0000561,C00195,2024-08-13,2024,8,Q3,Beauty,4,29.59,0.21,93.5,Social Media,Desktop,Midlands,1,2024-08,2024-08-13
O0000562,C00195,2024-08-19,2024,8,Q3,Beauty,4,45.26,0.09,164.74,Social Media,Desktop,Midlands,1,2024-08,2024-08-19
O0000563,C00195,2024-08-22,2024,8,Q3,Books,1,33.73,0.0,33.73,Social Media,Desktop,Midlands,1,2024-08,2024-08-22
O0000564,C00195,2024-11-13,2024,11,Q4,Home & Garden,4,90.68,0.0,362.72,Social Media,Desktop,Midlands,1,2024-11,2024-11-13
O0000565,C00197,2023-09-13,2023,9,Q3,Books,2,15.23,0.0,30.46,Social Media,Mobile,Yorkshire,0,2023-09,2023-09-13
O0000566,C00197,2024-09-21,2024,9,Q3,Clothing,1,72.41,0.0,72.41,Social Media,Mobile,Yorkshire,1,2024-09,2024-09-21
O0000567,C00198,2024-02-22,2024,2,Q1,Beauty,2,26.77,0.0,53.53,Paid Search,Mobile,Midlands,0,2024-02,2024-02-22
O0000568,C00198,2024-09-04,2024,9,Q3,Beauty,4,27.71,0.0,110.84,Paid Search,Mobile,Midlands,1,2024-09,2024-09-04
O0000569,C00199,2023-05-05,2023,5,Q2,Clothing,1,35.12,0.2,28.09,Email,Desktop,Yorkshire,0,2023-05,2023-05-05
O0000570,C00199,2024-02-17,2024,2,Q1,Electronics,3,117.71,0.0,353.14,Email,Desktop,Yorkshire,1,2024-02,2024-02-17
O0000571,C00200,2024-05-24,2024,5,Q2,Books,1,32.66,0.21,25.8,Paid Search,Mobile,London,0,2024-05,2024-05-24
O0000572,C00200,2024-07-09,2024,7,Q3,Clothing,4,68.2,0.0,272.8,Paid Search,Mobile,London,1,2024-07,2024-07-09
O0000573,C00201,2023-07-10,2023,7,Q3,Electronics,2,106.84,0.18,175.22,Social Media,Desktop,Scotland,0,2023-07,2023-07-10
O0000574,C00201,2023-07-13,2023,7,Q3,Electronics,1,183.18,0.0,183.18,Social Media,Desktop,Scotland,1,2023-07,2023-07-13
O0000575,C00201,2024-06-13,2024,6,Q2,Electronics,1,175.03,0.04,168.03,Social Media,Desktop,Scotland,1,2024-06,2024-06-13
O0000576,C00202,2024-10-24,2024,10,Q4,Home & Garden,4,85.87,0.0,343.47,Email,Mobile,Yorkshire,0,2024-10,2024-10-24
O0000577,C00202,2024-11-30,2024,11,Q4,Home & Garden,4,130.55,0.0,522.2,Email,Mobile,Yorkshire,1,2024-11,2024-11-30
O0000578,C00202,2024-12-12,2024,12,Q4,Home & Garden,2,102.82,0.0,205.64,Email,Mobile,Yorkshire,1,2024-12,2024-12-12
O0000579,C00202,2024-12-28,2024,12,Q4,Home & Garden,4,104.96,0.07,390.44,Email,Mobile,Yorkshire,1,2024-12,2024-12-28
O0000580,C00204,2024-10-23,2024,10,Q4,Clothing,1,52.84,0.1,47.56,Paid Search,Desktop,North West,0,2024-10,2024-10-23
O0000581,C00206,2024-01-23,2024,1,Q1,Home & Garden,4,50.19,0.0,200.75,Paid Search,Desktop,London,0,2024-01,2024-01-23
O0000582,C00207,2023-06-07,2023,6,Q2,Clothing,3,90.23,0.0,270.69,Paid Search,Desktop,South East,0,2023-06,2023-06-07
O0000583,C00207,2023-11-12,2023,11,Q4,Clothing,1,78.98,0.21,62.39,Paid Search,Desktop,South East,1,2023-11,2023-11-12
O0000584,C00207,2024-01-01,2024,1,Q1,Clothing,1,49.38,0.14,42.46,Paid Search,Desktop,South East,1,2024-01,2024-01-01
O0000585,C00207,2024-09-01,2024,9,Q3,Home & Garden,4,77.27,0.0,309.1,Paid Search,Desktop,South East,1,2024-09,2024-09-01
O0000586,C00207,2024-09-17,2024,9,Q3,Clothing,4,42.77,0.0,171.09,Paid Search,Desktop,South East,1,2024-09,2024-09-17
O0000587,C00208,2022-05-04,2022,5,Q2,Clothing,3,42.6,0.0,127.8,Paid Search,Mobile,Wales,0,2022-05,2022-05-04
O0000588,C00208,2023-06-19,2023,6,Q2,Toys,3,41.72,0.0,125.17,Paid Search,Mobile,Wales,1,2023-06,2023-06-19
O0000589,C00208,2023-09-28,2023,9,Q3,Clothing,4,59.91,0.0,239.65,Paid Search,Mobile,Wales,1,2023-09,2023-09-28
O0000590,C00208,2024-01-17,2024,1,Q1,Clothing,4,11.7,0.0,46.82,Paid Search,Mobile,Wales,1,2024-01,2024-01-17
O0000591,C00209,2023-04-26,2023,4,Q2,Beauty,3,31.85,0.0,95.54,Organic Search,Desktop,North West,0,2023-04,2023-04-26
O0000592,C00209,2023-08-04,2023,8,Q3,Beauty,2,5.0,0.1,9.0,Organic Search,Desktop,North West,1,2023-08,2023-08-04
O0000593,C00209,2024-01-21,2024,1,Q1,Beauty,2,25.08,0.0,50.15,Organic Search,Desktop,North West,1,2024-01,2024-01-21
O0000594,C00209,2024-10-08,2024,10,Q4,Beauty,1,43.85,0.0,43.85,Organic Search,Desktop,North West,1,2024-10,2024-10-08
O0000595,C00209,2024-11-02,2024,11,Q4,Electronics,3,298.49,0.0,895.48,Organic Search,Desktop,North West,1,2024-11,2024-11-02
O0000596,C00210,2024-09-10,2024,9,Q3,Sports,4,52.3,0.0,209.19,Email,Mobile,North East,0,2024-09,2024-09-10
O0000597,C00210,2024-10-22,2024,10,Q4,Sports,2,70.93,0.0,141.85,Email,Mobile,North East,1,2024-10,2024-10-22
O0000598,C00210,2024-11-03,2024,11,Q4,Sports,4,69.26,0.0,277.06,Email,Mobile,North East,1,2024-11,2024-11-03
O0000599,C00210,2024-11-20,2024,11,Q4,Sports,2,98.44,0.0,196.88,Email,Mobile,North East,1,2024-11,2024-11-20
O0000600,C00210,2024-12-01,2024,12,Q4,Electronics,2,323.68,0.16,543.78,Email,Mobile,North East,1,2024-12,2024-12-01
O0000601,C00210,2024-12-28,2024,12,Q4,Sports,3,93.4,0.0,280.19,Email,Mobile,North East,1,2024-12,2024-12-28
O0000602,C00212,2024-12-24,2024,12,Q4,Books,3,36.51,0.23,84.33,Organic Search,Mobile,London,0,2024-12,2024-12-24
O0000603,C00214,2023-12-26,2023,12,Q4,Electronics,2,258.99,0.0,517.99,Paid Search,Mobile,Scotland,0,2023-12,2023-12-26
O0000604,C00215,2021-09-06,2021,9,Q3,Home & Garden,2,107.7,0.0,215.4,Social Media,Mobile,South East,0,2021-09,2021-09-06
O0000605,C00215,2022-03-28,2022,3,Q1,Home & Garden,1,66.4,0.2,53.12,Social Media,Mobile,South East,1,2022-03,2022-03-28
O0000606,C00215,2023-01-13,2023,1,Q1,Beauty,1,50.42,0.18,41.34,Social Media,Mobile,South East,1,2023-01,2023-01-13
O0000607,C00215,2023-08-13,2023,8,Q3,Home & Garden,4,96.26,0.0,385.03,Social Media,Mobile,South East,1,2023-08,2023-08-13
O0000608,C00215,2024-04-01,2024,4,Q2,Home & Garden,2,61.16,0.03,118.65,Social Media,Mobile,South East,1,2024-04,2024-04-01
O0000609,C00215,2024-05-10,2024,5,Q2,Home & Garden,3,53.49,0.0,160.47,Social Media,Mobile,South East,1,2024-05,2024-05-10
O0000610,C00216,2021-10-18,2021,10,Q4,Clothing,1,57.61,0.19,46.66,Organic Search,Tablet,London,0,2021-10,2021-10-18
O0000611,C00216,2022-02-08,2022,2,Q1,Sports,2,35.58,0.11,63.34,Organic Search,Tablet,London,1,2022-02,2022-02-08
O0000612,C00218,2022-11-07,2022,11,Q4,Books,4,38.73,0.0,154.91,Direct,Desktop,Scotland,0,2022-11,2022-11-07
O0000613,C00218,2023-02-16,2023,2,Q1,Books,4,24.05,0.0,96.18,Direct,Desktop,Scotland,1,2023-02,2023-02-16
O0000614,C00218,2023-07-24,2023,7,Q3,Books,3,6.53,0.0,19.6,Direct,Desktop,Scotland,1,2023-07,2023-07-24
O0000615,C00218,2024-04-02,2024,4,Q2,Books,4,14.14,0.24,42.98,Direct,Desktop,Scotland,1,2024-04,2024-04-02
O0000616,C00218,2024-07-11,2024,7,Q3,Books,3,22.89,0.0,68.68,Direct,Desktop,Scotland,1,2024-07,2024-07-11
O0000617,C00218,2024-12-01,2024,12,Q4,Books,3,31.52,0.0,94.56,Direct,Desktop,Scotland,1,2024-12,2024-12-01
O0000618,C00219,2024-11-23,2024,11,Q4,Clothing,2,87.21,0.0,174.41,Email,Tablet,London,0,2024-11,2024-11-23
O0000619,C00219,2024-12-04,2024,12,Q4,Clothing,4,114.26,0.06,429.62,Email,Tablet,London,1,2024-12,2024-12-04
O0000620,C00222,2024-11-07,2024,11,Q4,Clothing,1,93.47,0.1,84.12,Paid Search,Desktop,South West,0,2024-11,2024-11-07
O0000621,C00222,2024-11-25,2024,11,Q4,Home & Garden,4,118.93,0.18,390.11,Paid Search,Desktop,South West,1,2024-11,2024-11-25
O0000622,C00222,2024-12-09,2024,12,Q4,Home & Garden,1,89.72,0.25,67.29,Paid Search,Desktop,South West,1,2024-12,2024-12-09
O0000623,C00222,2024-12-11,2024,12,Q4,Home & Garden,2,104.82,0.0,209.63,Paid Search,Desktop,South West,1,2024-12,2024-12-11
O0000624,C00223,2024-12-01,2024,12,Q4,Clothing,1,116.53,0.0,116.53,Email,Mobile,Midlands,0,2024-12,2024-12-01
O0000625,C00224,2024-05-09,2024,5,Q2,Sports,3,54.08,0.0,162.25,Paid Search,Mobile,Midlands,0,2024-05,2024-05-09
O0000626,C00224,2024-05-10,2024,5,Q2,Sports,3,23.61,0.0,70.83,Paid Search,Mobile,Midlands,1,2024-05,2024-05-10
O0000627,C00224,2024-05-23,2024,5,Q2,Sports,2,58.48,0.15,99.41,Paid Search,Mobile,Midlands,1,2024-05,2024-05-23
O0000628,C00224,2024-07-19,2024,7,Q3,Sports,3,47.81,0.0,143.42,Paid Search,Mobile,Midlands,1,2024-07,2024-07-19
O0000629,C00224,2024-09-16,2024,9,Q3,Sports,1,39.82,0.15,33.85,Paid Search,Mobile,Midlands,1,2024-09,2024-09-16
O0000630,C00226,2024-02-01,2024,2,Q1,Home & Garden,4,56.91,0.0,227.63,Social Media,Desktop,Midlands,0,2024-02,2024-02-01
O0000631,C00227,2022-12-10,2022,12,Q4,Beauty,2,66.33,0.0,132.66,Direct,Mobile,South West,0,2022-12,2022-12-10
O0000632,C00227,2023-10-10,2023,10,Q4,Clothing,1,41.12,0.0,41.12,Direct,Mobile,South West,1,2023-10,2023-10-10
O0000633,C00227,2023-11-18,2023,11,Q4,Books,4,33.52,0.0,134.09,Direct,Mobile,South West,1,2023-11,2023-11-18
O0000634,C00227,2023-12-23,2023,12,Q4,Electronics,2,162.0,0.0,324.0,Direct,Mobile,South West,1,2023-12,2023-12-23
O0000635,C00230,2021-07-25,2021,7,Q3,Home & Garden,2,90.25,0.18,148.01,Email,Mobile,South East,0,2021-07,2021-07-25
O0000636,C00230,2021-08-26,2021,8,Q3,Home & Garden,3,80.27,0.2,192.66,Email,Mobile,South East,1,2021-08,2021-08-26
O0000637,C00230,2021-09-25,2021,9,Q3,Books,2,14.39,0.0,28.79,Email,Mobile,South East,1,2021-09,2021-09-25
O0000638,C00230,2024-07-30,2024,7,Q3,Home & Garden,2,79.04,0.0,158.08,Email,Mobile,South East,1,2024-07,2024-07-30
O0000639,C00230,2024-10-11,2024,10,Q4,Home & Garden,4,95.9,0.0,383.59,Email,Mobile,South East,1,2024-10,2024-10-11
O0000640,C00231,2022-12-23,2022,12,Q4,Clothing,1,87.52,0.0,87.52,Direct,Mobile,South East,0,2022-12,2022-12-23
O0000641,C00231,2024-01-01,2024,1,Q1,Clothing,4,71.69,0.0,286.78,Direct,Mobile,South East,1,2024-01,2024-01-01
O0000642,C00231,2024-12-17,2024,12,Q4,Clothing,1,87.05,0.0,87.05,Direct,Mobile,South East,1,2024-12,2024-12-17
O0000643,C00232,2024-05-21,2024,5,Q2,Sports,2,42.86,0.0,85.73,Referral,Desktop,Midlands,0,2024-05,2024-05-21
O0000644,C00232,2024-05-24,2024,5,Q2,Electronics,4,169.18,0.0,676.71,Referral,Desktop,Midlands,1,2024-05,2024-05-24
O0000645,C00232,2024-06-15,2024,6,Q2,Beauty,1,22.66,0.0,22.66,Referral,Desktop,Midlands,1,2024-06,2024-06-15
O0000646,C00232,2024-06-29,2024,6,Q2,Sports,1,49.93,0.0,49.93,Referral,Desktop,Midlands,1,2024-06,2024-06-29
O0000647,C00232,2024-07-09,2024,7,Q3,Sports,2,36.73,0.0,73.46,Referral,Desktop,Midlands,1,2024-07,2024-07-09
O0000648,C00232,2024-07-20,2024,7,Q3,Clothing,3,55.76,0.07,155.57,Referral,Desktop,Midlands,1,2024-07,2024-07-20
O0000649,C00232,2024-12-06,2024,12,Q4,Sports,2,101.46,0.0,202.93,Referral,Desktop,Midlands,1,2024-12,2024-12-06
O0000650,C00232,2024-12-20,2024,12,Q4,Sports,2,69.39,0.0,138.77,Referral,Desktop,Midlands,1,2024-12,2024-12-20
O0000651,C00233,2024-08-07,2024,8,Q3,Clothing,1,50.87,0.13,44.25,Paid Search,Desktop,Midlands,0,2024-08,2024-08-07
O0000652,C00233,2024-09-01,2024,9,Q3,Books,1,22.62,0.0,22.62,Paid Search,Desktop,Midlands,1,2024-09,2024-09-01
O0000653,C00234,2024-04-20,2024,4,Q2,Clothing,4,65.45,0.01,259.16,Social Media,Desktop,South East,0,2024-04,2024-04-20
O0000654,C00234,2024-05-06,2024,5,Q2,Home & Garden,2,92.52,0.0,185.05,Social Media,Desktop,South East,1,2024-05,2024-05-06
O0000655,C00234,2024-05-30,2024,5,Q2,Home & Garden,3,51.39,0.0,154.16,Social Media,Desktop,South East,1,2024-05,2024-05-30
O0000656,C00234,2024-06-05,2024,6,Q2,Home & Garden,4,81.75,0.0,327.0,Social Media,Desktop,South East,1,2024-06,2024-06-05
O0000657,C00234,2024-09-24,2024,9,Q3,Home & Garden,3,104.09,0.04,299.79,Social Media,Desktop,South East,1,2024-09,2024-09-24
O0000658,C00234,2024-10-18,2024,10,Q4,Home & Garden,1,68.57,0.0,68.57,Social Media,Desktop,South East,1,2024-10,2024-10-18
O0000659,C00234,2024-11-16,2024,11,Q4,Home & Garden,1,115.29,0.0,115.29,Social Media,Desktop,South East,1,2024-11,2024-11-16
O0000660,C00234,2024-12-06,2024,12,Q4,Home & Garden,4,105.58,0.0,422.33,Social Media,Desktop,South East,1,2024-12,2024-12-06
O0000661,C00237,2023-10-15,2023,10,Q4,Clothing,2,68.62,0.14,118.03,Paid Search,Tablet,Midlands,0,2023-10,2023-10-15
O0000662,C00237,2024-01-11,2024,1,Q1,Clothing,1,11.33,0.0,11.33,Paid Search,Tablet,Midlands,1,2024-01,2024-01-11
O0000663,C00237,2024-02-09,2024,2,Q1,Clothing,1,37.98,0.0,37.98,Paid Search,Tablet,Midlands,1,2024-02,2024-02-09
O0000664,C00238,2024-11-03,2024,11,Q4,Beauty,2,67.8,0.0,135.61,Organic Search,Mobile,North East,0,2024-11,2024-11-03
O0000665,C00238,2024-12-19,2024,12,Q4,Sports,4,75.45,0.0,301.79,Organic Search,Mobile,North East,1,2024-12,2024-12-19
O0000666,C00239,2024-06-23,2024,6,Q2,Sports,3,47.15,0.0,141.44,Organic Search,Mobile,South East,0,2024-06,2024-06-23
O0000667,C00239,2024-07-29,2024,7,Q3,Sports,1,58.29,0.0,58.29,Organic Search,Mobile,South East,1,2024-07,2024-07-29
O0000668,C00240,2022-11-15,2022,11,Q4,Sports,2,57.16,0.24,86.89,Email,Mobile,North West,0,2022-11,2022-11-15
O0000669,C00240,2023-11-06,2023,11,Q4,Sports,1,69.59,0.0,69.59,Email,Mobile,North West,1,2023-11,2023-11-06
O0000670,C00240,2023-12-13,2023,12,Q4,Home & Garden,4,124.7,0.03,483.86,Email,Mobile,North West,1,2023-12,2023-12-13
O0000671,C00240,2024-10-03,2024,10,Q4,Sports,2,44.37,0.0,88.75,Email,Mobile,North West,1,2024-10,2024-10-03
O0000672,C00240,2024-12-12,2024,12,Q4,Sports,4,69.76,0.0,279.02,Email,Mobile,North West,1,2024-12,2024-12-12
O0000673,C00241,2022-11-09,2022,11,Q4,Home & Garden,2,71.6,0.17,118.86,Direct,Desktop,Midlands,0,2022-11,2022-11-09
O0000674,C00241,2024-01-25,2024,1,Q1,Books,1,16.69,0.07,15.52,Direct,Desktop,Midlands,1,2024-01,2024-01-25
O0000675,C00242,2024-07-18,2024,7,Q3,Toys,4,26.27,0.09,95.61,Paid Search,Mobile,London,0,2024-07,2024-07-18
O0000676,C00242,2024-10-13,2024,10,Q4,Clothing,3,73.96,0.0,221.87,Paid Search,Mobile,London,1,2024-10,2024-10-13
O0000677,C00242,2024-10-21,2024,10,Q4,Toys,4,34.37,0.11,122.35,Paid Search,Mobile,London,1,2024-10,2024-10-21
O0000678,C00242,2024-10-25,2024,10,Q4,Beauty,2,48.93,0.0,97.87,Paid Search,Mobile,London,1,2024-10,2024-10-25
O0000679,C00242,2024-11-28,2024,11,Q4,Toys,1,61.98,0.0,61.98,Paid Search,Mobile,London,1,2024-11,2024-11-28
O0000680,C00243,2021-10-22,2021,10,Q4,Home & Garden,1,114.06,0.0,114.06,Referral,Mobile,Midlands,0,2021-10,2021-10-22
O0000681,C00243,2022-03-30,2022,3,Q1,Beauty,2,39.64,0.0,79.28,Referral,Mobile,Midlands,1,2022-03,2022-03-30
O0000682,C00243,2022-10-08,2022,10,Q4,Beauty,3,58.16,0.0,174.48,Referral,Mobile,Midlands,1,2022-10,2022-10-08
O0000683,C00243,2023-03-18,2023,3,Q1,Beauty,1,32.49,0.04,31.19,Referral,Mobile,Midlands,1,2023-03,2023-03-18
O0000684,C00243,2023-04-11,2023,4,Q2,Beauty,4,50.8,0.0,203.19,Referral,Mobile,Midlands,1,2023-04,2023-04-11
O0000685,C00243,2023-04-25,2023,4,Q2,Beauty,4,50.46,0.0,201.82,Referral,Mobile,Midlands,1,2023-04,2023-04-25
O0000686,C00243,2023-05-14,2023,5,Q2,Home & Garden,3,50.23,0.22,117.54,Referral,Mobile,Midlands,1,2023-05,2023-05-14
O0000687,C00243,2023-06-25,2023,6,Q2,Beauty,4,30.29,0.0,121.17,Referral,Mobile,Midlands,1,2023-06,2023-06-25
O0000688,C00244,2023-05-18,2023,5,Q2,Electronics,2,131.25,0.0,262.51,Social Media,Mobile,North West,0,2023-05,2023-05-18
O0000689,C00246,2023-11-09,2023,11,Q4,Beauty,1,42.87,0.0,42.87,Organic Search,Mobile,South West,0,2023-11,2023-11-09
O0000690,C00246,2024-03-04,2024,3,Q1,Beauty,3,43.25,0.12,114.17,Organic Search,Mobile,South West,1,2024-03,2024-03-04
O0000691,C00246,2024-10-27,2024,10,Q4,Beauty,2,34.97,0.21,55.26,Organic Search,Mobile,South West,1,2024-10,2024-10-27
O0000692,C00247,2024-03-04,2024,3,Q1,Clothing,2,76.1,0.0,152.2,Social Media,Mobile,North East,0,2024-03,2024-03-04
O0000693,C00247,2024-03-23,2024,3,Q1,Electronics,1,119.54,0.0,119.54,Social Media,Mobile,North East,1,2024-03,2024-03-23
O0000694,C00247,2024-04-22,2024,4,Q2,Electronics,4,106.94,0.0,427.77,Social Media,Mobile,North East,1,2024-04,2024-04-22
O0000695,C00247,2024-05-27,2024,5,Q2,Electronics,1,136.63,0.0,136.63,Social Media,Mobile,North East,1,2024-05,2024-05-27
O0000696,C00247,2024-06-03,2024,6,Q2,Electronics,3,132.31,0.0,396.94,Social Media,Mobile,North East,1,2024-06,2024-06-03
O0000697,C00247,2024-10-02,2024,10,Q4,Electronics,3,103.09,0.04,296.9,Social Media,Mobile,North East,1,2024-10,2024-10-02
O0000698,C00247,2024-11-13,2024,11,Q4,Electronics,4,185.95,0.13,647.1,Social Media,Mobile,North East,1,2024-11,2024-11-13
O0000699,C00248,2023-03-24,2023,3,Q1,Electronics,3,193.36,0.14,498.86,Email,Mobile,Wales,0,2023-03,2023-03-24
O0000700,C00248,2023-09-07,2023,9,Q3,Home & Garden,1,34.96,0.05,33.21,Email,Mobile,Wales,1,2023-09,2023-09-07
O0000701,C00248,2023-10-22,2023,10,Q4,Electronics,3,164.1,0.0,492.3,Email,Mobile,Wales,1,2023-10,2023-10-22
O0000702,C00248,2023-12-31,2023,12,Q4,Sports,4,127.48,0.0,509.93,Email,Mobile,Wales,1,2023-12,2023-12-31
O0000703,C00248,2024-07-06,2024,7,Q3,Electronics,4,122.13,0.0,488.54,Email,Mobile,Wales,1,2024-07,2024-07-06
O0000704,C00248,2024-10-10,2024,10,Q4,Sports,1,40.65,0.06,38.21,Email,Mobile,Wales,1,2024-10,2024-10-10
O0000705,C00250,2021-10-05,2021,10,Q4,Sports,3,28.94,0.24,65.99,Social Media,Mobile,London,0,2021-10,2021-10-05
O0000706,C00251,2021-06-04,2021,6,Q2,Clothing,4,56.75,0.0,227.0,Social Media,Mobile,South East,0,2021-06,2021-06-04
O0000707,C00251,2021-08-24,2021,8,Q3,Electronics,3,169.28,0.0,507.83,Social Media,Mobile,South East,1,2021-08,2021-08-24
O0000708,C00251,2022-06-01,2022,6,Q2,Books,1,24.27,0.0,24.27,Social Media,Mobile,South East,1,2022-06,2022-06-01
O0000709,C00251,2023-05-16,2023,5,Q2,Beauty,2,40.43,0.14,69.54,Social Media,Mobile,South East,1,2023-05,2023-05-16
O0000710,C00251,2023-10-05,2023,10,Q4,Clothing,4,49.55,0.0,198.19,Social Media,Mobile,South East,1,2023-10,2023-10-05
O0000711,C00251,2023-10-30,2023,10,Q4,Toys,2,51.08,0.0,102.16,Social Media,Mobile,South East,1,2023-10,2023-10-30
O0000712,C00251,2023-11-15,2023,11,Q4,Clothing,4,93.21,0.0,372.85,Social Media,Mobile,South East,1,2023-11,2023-11-15
O0000713,C00251,2024-07-06,2024,7,Q3,Books,3,10.0,0.0,30.01,Social Media,Mobile,South East,1,2024-07,2024-07-06
O0000714,C00252,2024-06-02,2024,6,Q2,Clothing,3,86.63,0.0,259.9,Email,Desktop,Wales,0,2024-06,2024-06-02
O0000715,C00253,2024-04-14,2024,4,Q2,Electronics,4,180.24,0.0,720.98,Direct,Desktop,London,0,2024-04,2024-04-14
O0000716,C00254,2024-08-18,2024,8,Q3,Clothing,2,49.29,0.01,97.59,Organic Search,Mobile,North West,0,2024-08,2024-08-18
O0000717,C00254,2024-09-05,2024,9,Q3,Clothing,4,42.2,0.0,168.8,Organic Search,Mobile,North West,1,2024-09,2024-09-05
O0000718,C00254,2024-12-12,2024,12,Q4,Clothing,1,101.19,0.0,101.19,Organic Search,Mobile,North West,1,2024-12,2024-12-12
O0000719,C00256,2022-10-13,2022,10,Q4,Sports,1,60.22,0.0,60.22,Email,Mobile,London,0,2022-10,2022-10-13
O0000720,C00256,2023-04-23,2023,4,Q2,Electronics,2,100.12,0.0,200.23,Email,Mobile,London,1,2023-04,2023-04-23
O0000721,C00256,2023-05-26,2023,5,Q2,Electronics,1,157.27,0.0,157.27,Email,Mobile,London,1,2023-05,2023-05-26
O0000722,C00257,2023-10-06,2023,10,Q4,Electronics,4,98.53,0.21,311.36,Social Media,Desktop,Yorkshire,0,2023-10,2023-10-06
O0000723,C00257,2024-02-15,2024,2,Q1,Electronics,4,144.88,0.16,486.8,Social Media,Desktop,Yorkshire,1,2024-02,2024-02-15
O0000724,C00257,2024-03-06,2024,3,Q1,Beauty,1,58.74,0.0,58.74,Social Media,Desktop,Yorkshire,1,2024-03,2024-03-06
O0000725,C00257,2024-04-05,2024,4,Q2,Electronics,2,149.29,0.0,298.59,Social Media,Desktop,Yorkshire,1,2024-04,2024-04-05
O0000726,C00257,2024-10-24,2024,10,Q4,Sports,1,69.13,0.0,69.13,Social Media,Desktop,Yorkshire,1,2024-10,2024-10-24
O0000727,C00258,2024-03-03,2024,3,Q1,Beauty,1,29.65,0.0,29.65,Organic Search,Mobile,North East,0,2024-03,2024-03-03
O0000728,C00258,2024-04-06,2024,4,Q2,Beauty,4,37.04,0.0,148.14,Organic Search,Mobile,North East,1,2024-04,2024-04-06
O0000729,C00258,2024-08-28,2024,8,Q3,Home & Garden,4,39.27,0.23,120.96,Organic Search,Mobile,North East,1,2024-08,2024-08-28
O0000730,C00258,2024-10-01,2024,10,Q4,Beauty,3,40.53,0.18,99.71,Organic Search,Mobile,North East,1,2024-10,2024-10-01
O0000731,C00258,2024-10-05,2024,10,Q4,Electronics,3,108.02,0.0,324.07,Organic Search,Mobile,North East,1,2024-10,2024-10-05
O0000732,C00258,2024-10-07,2024,10,Q4,Beauty,4,62.13,0.11,221.17,Organic Search,Mobile,North East,1,2024-10,2024-10-07
O0000733,C00259,2023-04-14,2023,4,Q2,Sports,3,35.25,0.0,105.76,Organic Search,Desktop,South East,0,2023-04,2023-04-14
O0000734,C00259,2023-05-11,2023,5,Q2,Sports,4,45.56,0.17,151.25,Organic Search,Desktop,South East,1,2023-05,2023-05-11
O0000735,C00259,2023-07-31,2023,7,Q3,Sports,1,44.49,0.15,37.82,Organic Search,Desktop,South East,1,2023-07,2023-07-31
O0000736,C00259,2024-01-17,2024,1,Q1,Electronics,4,77.71,0.02,304.64,Organic Search,Desktop,South East,1,2024-01,2024-01-17
O0000737,C00259,2024-10-03,2024,10,Q4,Sports,3,52.42,0.0,157.25,Organic Search,Desktop,South East,1,2024-10,2024-10-03
O0000738,C00260,2024-04-19,2024,4,Q2,Sports,2,64.48,0.14,110.9,Paid Search,Desktop,North West,0,2024-04,2024-04-19
O0000739,C00261,2022-11-07,2022,11,Q4,Electronics,1,176.6,0.0,176.6,Paid Search,Desktop,London,0,2022-11,2022-11-07
O0000740,C00261,2023-04-13,2023,4,Q2,Home & Garden,1,52.85,0.02,51.79,Paid Search,Desktop,London,1,2023-04,2023-04-13
O0000741,C00262,2024-02-20,2024,2,Q1,Clothing,2,49.0,0.0,98.0,Organic Search,Tablet,London,0,2024-02,2024-02-20
O0000742,C00262,2024-05-07,2024,5,Q2,Home & Garden,1,47.64,0.0,47.64,Organic Search,Tablet,London,1,2024-05,2024-05-07
O0000743,C00262,2024-05-13,2024,5,Q2,Sports,4,34.42,0.0,137.66,Organic Search,Tablet,London,1,2024-05,2024-05-13
O0000744,C00262,2024-05-19,2024,5,Q2,Home & Garden,3,77.78,0.0,233.33,Organic Search,Tablet,London,1,2024-05,2024-05-19
O0000745,C00262,2024-11-02,2024,11,Q4,Sports,2,87.99,0.04,168.94,Organic Search,Tablet,London,1,2024-11,2024-11-02
O0000746,C00262,2024-12-03,2024,12,Q4,Electronics,1,316.05,0.0,316.05,Organic Search,Tablet,London,1,2024-12,2024-12-03
O0000747,C00263,2022-11-17,2022,11,Q4,Clothing,1,74.83,0.06,70.34,Email,Mobile,South East,0,2022-11,2022-11-17
O0000748,C00263,2024-04-18,2024,4,Q2,Clothing,4,45.57,0.15,154.95,Email,Mobile,South East,1,2024-04,2024-04-18
O0000749,C00263,2024-05-21,2024,5,Q2,Clothing,1,64.65,0.0,64.65,Email,Mobile,South East,1,2024-05,2024-05-21
O0000750,C00264,2022-07-08,2022,7,Q3,Electronics,1,105.09,0.0,105.09,Social Media,Mobile,North West,0,2022-07,2022-07-08
O0000751,C00264,2022-12-26,2022,12,Q4,Beauty,2,48.51,0.08,89.26,Social Media,Mobile,North West,1,2022-12,2022-12-26
O0000752,C00264,2023-08-17,2023,8,Q3,Electronics,3,90.66,0.0,271.99,Social Media,Mobile,North West,1,2023-08,2023-08-17
O0000753,C00264,2024-01-14,2024,1,Q1,Electronics,1,65.76,0.0,65.76,Social Media,Mobile,North West,1,2024-01,2024-01-14
O0000754,C00264,2024-12-04,2024,12,Q4,Electronics,1,225.35,0.08,207.32,Social Media,Mobile,North West,1,2024-12,2024-12-04
O0000755,C00264,2024-12-29,2024,12,Q4,Electronics,2,217.62,0.01,430.89,Social Media,Mobile,North West,1,2024-12,2024-12-29
O0000756,C00265,2023-03-03,2023,3,Q1,Electronics,1,145.1,0.0,145.1,Referral,Desktop,Scotland,0,2023-03,2023-03-03
O0000757,C00265,2023-07-29,2023,7,Q3,Electronics,1,136.65,0.05,129.82,Referral,Desktop,Scotland,1,2023-07,2023-07-29
O0000758,C00265,2024-11-11,2024,11,Q4,Clothing,3,94.02,0.0,282.07,Referral,Desktop,Scotland,1,2024-11,2024-11-11
O0000759,C00266,2022-12-01,2022,12,Q4,Beauty,4,62.62,0.21,197.88,Direct,Mobile,South East,0,2022-12,2022-12-01
O0000760,C00266,2023-03-05,2023,3,Q1,Beauty,4,48.96,0.0,195.82,Direct,Mobile,South East,1,2023-03,2023-03-05
O0000761,C00266,2023-11-04,2023,11,Q4,Electronics,4,186.58,0.2,597.06,Direct,Mobile,South East,1,2023-11,2023-11-04
O0000762,C00266,2024-12-21,2024,12,Q4,Beauty,1,86.15,0.0,86.15,Direct,Mobile,South East,1,2024-12,2024-12-21
O0000763,C00267,2023-06-17,2023,6,Q2,Books,1,15.57,0.24,11.83,Email,Desktop,Scotland,0,2023-06,2023-06-17
O0000764,C00267,2023-06-29,2023,6,Q2,Clothing,1,57.5,0.0,57.5,Email,Desktop,Scotland,1,2023-06,2023-06-29
O0000765,C00267,2023-09-09,2023,9,Q3,Clothing,1,45.33,0.0,45.33,Email,Desktop,Scotland,1,2023-09,2023-09-09
O0000766,C00267,2024-01-30,2024,1,Q1,Electronics,3,108.93,0.17,271.24,Email,Desktop,Scotland,1,2024-01,2024-01-30
O0000767,C00267,2024-08-02,2024,8,Q3,Electronics,1,131.05,0.11,116.64,Email,Desktop,Scotland,1,2024-08,2024-08-02
O0000768,C00268,2022-09-14,2022,9,Q3,Beauty,1,46.46,0.0,46.46,Paid Search,Mobile,Wales,0,2022-09,2022-09-14
O0000769,C00268,2023-01-13,2023,1,Q1,Clothing,4,55.44,0.0,221.76,Paid Search,Mobile,Wales,1,2023-01,2023-01-13
O0000770,C00268,2024-12-02,2024,12,Q4,Clothing,4,90.5,0.0,362.02,Paid Search,Mobile,Wales,1,2024-12,2024-12-02
O0000771,C00269,2024-11-17,2024,11,Q4,Beauty,2,53.15,0.0,106.3,Organic Search,Tablet,London,0,2024-11,2024-11-17
O0000772,C00269,2024-11-19,2024,11,Q4,Beauty,4,61.13,0.0,244.53,Organic Search,Tablet,London,1,2024-11,2024-11-19
O0000773,C00269,2024-11-21,2024,11,Q4,Beauty,2,54.09,0.0,108.18,Organic Search,Tablet,London,1,2024-11,2024-11-21
O0000774,C00269,2024-12-16,2024,12,Q4,Beauty,1,77.55,0.0,77.55,Organic Search,Tablet,London,1,2024-12,2024-12-16
O0000775,C00271,2023-10-11,2023,10,Q4,Clothing,4,68.11,0.0,272.44,Organic Search,Mobile,North East,0,2023-10,2023-10-11
O0000776,C00271,2024-08-30,2024,8,Q3,Clothing,4,56.87,0.0,227.48,Organic Search,Mobile,North East,1,2024-08,2024-08-30
O0000777,C00271,2024-09-14,2024,9,Q3,Clothing,2,63.23,0.1,113.82,Organic Search,Mobile,North East,1,2024-09,2024-09-14
O0000778,C00272,2024-06-27,2024,6,Q2,Clothing,4,59.16,0.0,236.64,Referral,Desktop,South East,0,2024-06,2024-06-27
O0000779,C00272,2024-09-01,2024,9,Q3,Home & Garden,3,80.54,0.0,241.62,Referral,Desktop,South East,1,2024-09,2024-09-01
O0000780,C00272,2024-09-25,2024,9,Q3,Clothing,2,82.1,0.1,147.78,Referral,Desktop,South East,1,2024-09,2024-09-25
O0000781,C00272,2024-11-15,2024,11,Q4,Clothing,3,90.15,0.18,221.76,Referral,Desktop,South East,1,2024-11,2024-11-15
O0000782,C00272,2024-11-19,2024,11,Q4,Toys,2,49.72,0.0,99.44,Referral,Desktop,South East,1,2024-11,2024-11-19
O0000783,C00272,2024-12-16,2024,12,Q4,Clothing,2,99.44,0.0,198.89,Referral,Desktop,South East,1,2024-12,2024-12-16
O0000784,C00273,2023-04-25,2023,4,Q2,Toys,2,36.13,0.0,72.27,Email,Mobile,South West,0,2023-04,2023-04-25
O0000785,C00274,2023-10-19,2023,10,Q4,Home & Garden,4,91.71,0.0,366.85,Paid Search,Tablet,London,0,2023-10,2023-10-19
O0000786,C00274,2023-10-23,2023,10,Q4,Home & Garden,1,91.08,0.0,91.08,Paid Search,Tablet,London,1,2023-10,2023-10-23
O0000787,C00274,2024-07-27,2024,7,Q3,Home & Garden,4,62.86,0.0,251.45,Paid Search,Tablet,London,1,2024-07,2024-07-27
O0000788,C00274,2024-07-30,2024,7,Q3,Electronics,3,138.44,0.0,415.32,Paid Search,Tablet,London,1,2024-07,2024-07-30
O0000789,C00275,2024-06-21,2024,6,Q2,Electronics,3,138.31,0.09,377.6,Direct,Mobile,North West,0,2024-06,2024-06-21
O0000790,C00275,2024-07-24,2024,7,Q3,Beauty,4,27.27,0.05,103.63,Direct,Mobile,North West,1,2024-07,2024-07-24
O0000791,C00275,2024-09-24,2024,9,Q3,Clothing,2,50.49,0.16,84.82,Direct,Mobile,North West,1,2024-09,2024-09-24
O0000792,C00275,2024-12-06,2024,12,Q4,Electronics,1,186.31,0.0,186.31,Direct,Mobile,North West,1,2024-12,2024-12-06
O0000793,C00277,2021-10-15,2021,10,Q4,Electronics,1,174.63,0.12,153.68,Social Media,Desktop,South East,0,2021-10,2021-10-15
O0000794,C00277,2021-12-06,2021,12,Q4,Sports,4,63.26,0.0,253.03,Social Media,Desktop,South East,1,2021-12,2021-12-06
O0000795,C00277,2022-02-25,2022,2,Q1,Sports,1,49.75,0.11,44.28,Social Media,Desktop,South East,1,2022-02,2022-02-25
O0000796,C00277,2024-10-23,2024,10,Q4,Sports,3,61.49,0.0,184.46,Social Media,Desktop,South East,1,2024-10,2024-10-23
O0000797,C00277,2024-11-21,2024,11,Q4,Sports,2,95.66,0.0,191.33,Social Media,Desktop,South East,1,2024-11,2024-11-21
O0000798,C00280,2022-06-17,2022,6,Q2,Clothing,1,58.75,0.0,58.75,Organic Search,Mobile,Scotland,0,2022-06,2022-06-17
O0000799,C00280,2023-10-08,2023,10,Q4,Beauty,1,52.12,0.0,52.12,Organic Search,Mobile,Scotland,1,2023-10,2023-10-08
O0000800,C00280,2024-05-23,2024,5,Q2,Sports,3,58.7,0.24,133.84,Organic Search,Mobile,Scotland,1,2024-05,2024-05-23
O0000801,C00281,2022-03-07,2022,3,Q1,Beauty,2,42.25,0.0,84.49,Organic Search,Mobile,Yorkshire,0,2022-03,2022-03-07
O0000802,C00282,2024-11-24,2024,11,Q4,Sports,3,44.08,0.0,132.24,Organic Search,Mobile,North West,0,2024-11,2024-11-24
O0000803,C00284,2021-11-16,2021,11,Q4,Home & Garden,4,127.27,0.0,509.09,Paid Search,Desktop,South East,0,2021-11,2021-11-16
O0000804,C00284,2023-09-13,2023,9,Q3,Beauty,1,25.69,0.0,25.69,Paid Search,Desktop,South East,1,2023-09,2023-09-13
O0000805,C00284,2024-08-04,2024,8,Q3,Electronics,2,164.72,0.0,329.44,Paid Search,Desktop,South East,1,2024-08,2024-08-04
O0000806,C00285,2024-04-02,2024,4,Q2,Beauty,1,25.39,0.0,25.39,Organic Search,Desktop,Scotland,0,2024-04,2024-04-02
O0000807,C00285,2024-08-04,2024,8,Q3,Beauty,3,40.42,0.0,121.25,Organic Search,Desktop,Scotland,1,2024-08,2024-08-04
O0000808,C00286,2023-12-28,2023,12,Q4,Electronics,4,263.33,0.0,1053.33,Organic Search,Mobile,Yorkshire,0,2023-12,2023-12-28
O0000809,C00286,2024-04-09,2024,4,Q2,Clothing,2,54.67,0.23,84.19,Organic Search,Mobile,Yorkshire,1,2024-04,2024-04-09
O0000810,C00286,2024-04-27,2024,4,Q2,Home & Garden,2,67.45,0.0,134.9,Organic Search,Mobile,Yorkshire,1,2024-04,2024-04-27
O0000811,C00287,2023-12-03,2023,12,Q4,Electronics,1,230.29,0.0,230.29,Paid Search,Desktop,North West,0,2023-12,2023-12-03
O0000812,C00287,2024-10-19,2024,10,Q4,Clothing,3,66.52,0.0,199.55,Paid Search,Desktop,North West,1,2024-10,2024-10-19
O0000813,C00288,2021-11-12,2021,11,Q4,Home & Garden,2,113.75,0.0,227.5,Email,Mobile,London,0,2021-11,2021-11-12
O0000814,C00288,2022-05-02,2022,5,Q2,Clothing,1,49.85,0.0,49.85,Email,Mobile,London,1,2022-05,2022-05-02
O0000815,C00288,2022-11-16,2022,11,Q4,Home & Garden,2,95.73,0.24,145.51,Email,Mobile,London,1,2022-11,2022-11-16
O0000816,C00289,2022-07-14,2022,7,Q3,Home & Garden,2,36.75,0.0,73.5,Organic Search,Mobile,South West,0,2022-07,2022-07-14
O0000817,C00289,2022-10-12,2022,10,Q4,Books,4,30.31,0.0,121.23,Organic Search,Mobile,South West,1,2022-10,2022-10-12
O0000818,C00290,2024-07-29,2024,7,Q3,Home & Garden,4,69.13,0.0,276.52,Organic Search,Mobile,Yorkshire,0,2024-07,2024-07-29
O0000819,C00290,2024-11-30,2024,11,Q4,Electronics,4,180.99,0.0,723.98,Organic Search,Mobile,Yorkshire,1,2024-11,2024-11-30
O0000820,C00291,2023-10-24,2023,10,Q4,Electronics,3,105.84,0.0,317.51,Email,Mobile,Scotland,0,2023-10,2023-10-24
O0000821,C00291,2023-11-19,2023,11,Q4,Clothing,1,83.44,0.0,83.44,Email,Mobile,Scotland,1,2023-11,2023-11-19
O0000822,C00291,2024-01-21,2024,1,Q1,Clothing,1,36.29,0.03,35.2,Email,Mobile,Scotland,1,2024-01,2024-01-21
O0000823,C00291,2024-02-03,2024,2,Q1,Clothing,2,65.51,0.0,131.02,Email,Mobile,Scotland,1,2024-02,2024-02-03
O0000824,C00291,2024-05-12,2024,5,Q2,Clothing,1,56.49,0.0,56.49,Email,Mobile,Scotland,1,2024-05,2024-05-12
O0000825,C00291,2024-07-02,2024,7,Q3,Home & Garden,3,74.63,0.0,223.89,Email,Mobile,Scotland,1,2024-07,2024-07-02
O0000826,C00291,2024-07-23,2024,7,Q3,Clothing,2,75.97,0.0,151.95,Email,Mobile,Scotland,1,2024-07,2024-07-23
O0000827,C00291,2024-10-26,2024,10,Q4,Clothing,3,75.66,0.19,183.84,Email,Mobile,Scotland,1,2024-10,2024-10-26
O0000828,C00291,2024-11-23,2024,11,Q4,Clothing,3,81.28,0.0,243.85,Email,Mobile,Scotland,1,2024-11,2024-11-23
O0000829,C00292,2022-06-01,2022,6,Q2,Electronics,4,68.8,0.0,275.21,Email,Desktop,South East,0,2022-06,2022-06-01
O0000830,C00292,2023-07-18,2023,7,Q3,Beauty,4,29.4,0.06,110.54,Email,Desktop,South East,1,2023-07,2023-07-18
O0000831,C00292,2023-07-21,2023,7,Q3,Clothing,2,50.4,0.19,81.65,Email,Desktop,South East,1,2023-07,2023-07-21
O0000832,C00292,2024-02-09,2024,2,Q1,Toys,1,26.0,0.0,26.0,Email,Desktop,South East,1,2024-02,2024-02-09
O0000833,C00292,2024-02-13,2024,2,Q1,Toys,2,44.38,0.19,71.89,Email,Desktop,South East,1,2024-02,2024-02-13
O0000834,C00292,2024-09-03,2024,9,Q3,Toys,1,19.38,0.0,19.38,Email,Desktop,South East,1,2024-09,2024-09-03
O0000835,C00292,2024-10-18,2024,10,Q4,Clothing,1,58.43,0.0,58.43,Email,Desktop,South East,1,2024-10,2024-10-18
O0000836,C00292,2024-11-08,2024,11,Q4,Toys,2,26.57,0.0,53.15,Email,Desktop,South East,1,2024-11,2024-11-08
O0000837,C00293,2022-05-18,2022,5,Q2,Electronics,1,136.1,0.24,103.44,Social Media,Mobile,Midlands,0,2022-05,2022-05-18
O0000838,C00293,2024-02-13,2024,2,Q1,Electronics,3,148.81,0.0,446.44,Social Media,Mobile,Midlands,1,2024-02,2024-02-13
O0000839,C00294,2021-06-13,2021,6,Q2,Toys,3,24.47,0.0,73.41,Organic Search,Mobile,Wales,0,2021-06,2021-06-13
O0000840,C00294,2021-08-27,2021,8,Q3,Toys,3,29.28,0.0,87.84,Organic Search,Mobile,Wales,1,2021-08,2021-08-27
O0000841,C00294,2023-04-09,2023,4,Q2,Toys,1,35.31,0.0,35.31,Organic Search,Mobile,Wales,1,2023-04,2023-04-09
O0000842,C00294,2023-11-27,2023,11,Q4,Toys,1,32.89,0.0,32.89,Organic Search,Mobile,Wales,1,2023-11,2023-11-27
O0000843,C00297,2024-08-03,2024,8,Q3,Clothing,2,46.89,0.22,73.16,Direct,Desktop,Scotland,0,2024-08,2024-08-03
O0000844,C00297,2024-08-03,2024,8,Q3,Clothing,4,44.23,0.13,153.93,Direct,Desktop,Scotland,1,2024-08,2024-08-03
O0000845,C00297,2024-08-07,2024,8,Q3,Clothing,4,49.6,0.16,166.65,Direct,Desktop,Scotland,1,2024-08,2024-08-07
O0000846,C00297,2024-08-11,2024,8,Q3,Clothing,2,70.89,0.1,127.61,Direct,Desktop,Scotland,1,2024-08,2024-08-11
O0000847,C00297,2024-08-11,2024,8,Q3,Clothing,1,52.15,0.0,52.15,Direct,Desktop,Scotland,1,2024-08,2024-08-11
O0000848,C00297,2024-08-13,2024,8,Q3,Clothing,3,69.34,0.0,208.03,Direct,Desktop,Scotland,1,2024-08,2024-08-13
O0000849,C00297,2024-08-16,2024,8,Q3,Clothing,4,40.71,0.0,162.85,Direct,Desktop,Scotland,1,2024-08,2024-08-16
O0000850,C00297,2024-08-24,2024,8,Q3,Clothing,2,39.92,0.13,69.45,Direct,Desktop,Scotland,1,2024-08,2024-08-24
O0000851,C00297,2024-10-17,2024,10,Q4,Clothing,4,44.09,0.0,176.35,Direct,Desktop,Scotland,1,2024-10,2024-10-17
O0000852,C00298,2022-11-29,2022,11,Q4,Books,3,24.43,0.0,73.29,Social Media,Desktop,London,0,2022-11,2022-11-29
O0000853,C00299,2024-03-16,2024,3,Q1,Electronics,4,132.45,0.0,529.79,Organic Search,Mobile,London,0,2024-03,2024-03-16
O0000854,C00299,2024-06-11,2024,6,Q2,Beauty,1,34.81,0.04,33.41,Organic Search,Mobile,London,1,2024-06,2024-06-11
O0000855,C00299,2024-09-13,2024,9,Q3,Beauty,1,27.88,0.0,27.88,Organic Search,Mobile,London,1,2024-09,2024-09-13
O0000856,C00299,2024-12-01,2024,12,Q4,Beauty,3,56.64,0.1,152.92,Organic Search,Mobile,London,1,2024-12,2024-12-01
O0000857,C00300,2024-11-27,2024,11,Q4,Electronics,4,187.46,0.13,652.36,Social Media,Mobile,Yorkshire,0,2024-11,2024-11-27
O0000858,C00301,2024-07-20,2024,7,Q3,Home & Garden,3,85.11,0.0,255.33,Paid Search,Mobile,Midlands,0,2024-07,2024-07-20
O0000859,C00302,2024-12-11,2024,12,Q4,Home & Garden,2,142.78,0.0,285.55,Referral,Mobile,South West,0,2024-12,2024-12-11
O0000860,C00302,2024-12-12,2024,12,Q4,Home & Garden,1,96.57,0.06,90.77,Referral,Mobile,South West,1,2024-12,2024-12-12
O0000861,C00302,2024-12-21,2024,12,Q4,Books,1,35.87,0.0,35.87,Referral,Mobile,South West,1,2024-12,2024-12-21
O0000862,C00302,2024-12-24,2024,12,Q4,Books,4,29.52,0.0,118.06,Referral,Mobile,South West,1,2024-12,2024-12-24
O0000863,C00302,2024-12-29,2024,12,Q4,Books,3,39.9,0.11,106.52,Referral,Mobile,South West,1,2024-12,2024-12-29
O0000864,C00303,2024-04-19,2024,4,Q2,Clothing,4,33.56,0.0,134.24,Paid Search,Tablet,Midlands,0,2024-04,2024-04-19
O0000865,C00303,2024-08-27,2024,8,Q3,Clothing,2,42.25,0.0,84.5,Paid Search,Tablet,Midlands,1,2024-08,2024-08-27
O0000866,C00303,2024-10-02,2024,10,Q4,Home & Garden,2,97.86,0.0,195.72,Paid Search,Tablet,Midlands,1,2024-10,2024-10-02
O0000867,C00304,2024-03-23,2024,3,Q1,Clothing,4,61.95,0.17,205.69,Direct,Tablet,South East,0,2024-03,2024-03-23
O0000868,C00304,2024-07-11,2024,7,Q3,Electronics,4,72.62,0.0,290.47,Direct,Tablet,South East,1,2024-07,2024-07-11
O0000869,C00305,2023-10-21,2023,10,Q4,Home & Garden,3,110.01,0.0,330.02,Direct,Mobile,South East,0,2023-10,2023-10-21
O0000870,C00305,2024-03-19,2024,3,Q1,Home & Garden,1,60.77,0.0,60.77,Direct,Mobile,South East,1,2024-03,2024-03-19
O0000871,C00305,2024-07-04,2024,7,Q3,Home & Garden,1,85.72,0.0,85.72,Direct,Mobile,South East,1,2024-07,2024-07-04
O0000872,C00305,2024-07-29,2024,7,Q3,Home & Garden,1,84.3,0.1,75.87,Direct,Mobile,South East,1,2024-07,2024-07-29
O0000873,C00306,2024-10-16,2024,10,Q4,Home & Garden,2,139.34,0.0,278.69,Social Media,Mobile,Midlands,0,2024-10,2024-10-16
O0000874,C00306,2024-11-20,2024,11,Q4,Toys,4,51.53,0.0,206.1,Social Media,Mobile,Midlands,1,2024-11,2024-11-20
O0000875,C00309,2022-04-27,2022,4,Q2,Electronics,3,111.13,0.0,333.38,Organic Search,Mobile,South East,0,2022-04,2022-04-27
O0000876,C00309,2022-10-31,2022,10,Q4,Electronics,3,161.31,0.06,454.9,Organic Search,Mobile,South East,1,2022-10,2022-10-31
O0000877,C00309,2023-01-09,2023,1,Q1,Home & Garden,3,79.45,0.0,238.36,Organic Search,Mobile,South East,1,2023-01,2023-01-09
O0000878,C00309,2023-11-26,2023,11,Q4,Electronics,4,238.05,0.0,952.21,Organic Search,Mobile,South East,1,2023-11,2023-11-26
O0000879,C00309,2024-02-27,2024,2,Q1,Electronics,3,94.95,0.23,219.34,Organic Search,Mobile,South East,1,2024-02,2024-02-27
O0000880,C00309,2024-06-18,2024,6,Q2,Books,2,7.83,0.0,15.65,Organic Search,Mobile,South East,1,2024-06,2024-06-18
O0000881,C00310,2021-12-20,2021,12,Q4,Toys,2,47.31,0.0,94.62,Email,Mobile,London,0,2021-12,2021-12-20
O0000882,C00310,2022-04-24,2022,4,Q2,Clothing,4,38.81,0.22,121.08,Email,Mobile,London,1,2022-04,2022-04-24
O0000883,C00310,2023-01-09,2023,1,Q1,Clothing,1,78.88,0.0,78.88,Email,Mobile,London,1,2023-01,2023-01-09
O0000884,C00310,2024-01-13,2024,1,Q1,Clothing,4,43.24,0.0,172.95,Email,Mobile,London,1,2024-01,2024-01-13
O0000885,C00312,2024-03-21,2024,3,Q1,Electronics,2,109.23,0.0,218.46,Paid Search,Mobile,Scotland,0,2024-03,2024-03-21
O0000886,C00312,2024-11-04,2024,11,Q4,Beauty,4,45.71,0.13,159.07,Paid Search,Mobile,Scotland,1,2024-11,2024-11-04
O0000887,C00312,2024-11-30,2024,11,Q4,Electronics,2,219.7,0.0,439.4,Paid Search,Mobile,Scotland,1,2024-11,2024-11-30
O0000888,C00313,2023-06-02,2023,6,Q2,Beauty,1,28.11,0.0,28.11,Email,Mobile,South East,0,2023-06,2023-06-02
O0000889,C00313,2024-10-02,2024,10,Q4,Beauty,3,40.22,0.0,120.65,Email,Mobile,South East,1,2024-10,2024-10-02
O0000890,C00314,2024-02-27,2024,2,Q1,Clothing,1,41.63,0.01,41.21,Direct,Mobile,North West,0,2024-02,2024-02-27
O0000891,C00314,2024-04-03,2024,4,Q2,Clothing,1,67.21,0.04,64.52,Direct,Mobile,North West,1,2024-04,2024-04-03
O0000892,C00314,2024-09-09,2024,9,Q3,Sports,2,82.71,0.02,162.11,Direct,Mobile,North West,1,2024-09,2024-09-09
O0000893,C00314,2024-09-22,2024,9,Q3,Clothing,4,40.42,0.0,161.68,Direct,Mobile,North West,1,2024-09,2024-09-22
O0000894,C00314,2024-11-11,2024,11,Q4,Clothing,1,69.53,0.0,69.53,Direct,Mobile,North West,1,2024-11,2024-11-11
O0000895,C00314,2024-12-23,2024,12,Q4,Clothing,4,73.78,0.0,295.12,Direct,Mobile,North West,1,2024-12,2024-12-23
O0000896,C00315,2024-07-24,2024,7,Q3,Clothing,1,39.54,0.0,39.54,Paid Search,Desktop,Midlands,0,2024-07,2024-07-24
O0000897,C00315,2024-08-10,2024,8,Q3,Clothing,3,62.58,0.0,187.73,Paid Search,Desktop,Midlands,1,2024-08,2024-08-10
O0000898,C00315,2024-08-10,2024,8,Q3,Clothing,4,86.85,0.0,347.39,Paid Search,Desktop,Midlands,1,2024-08,2024-08-10
O0000899,C00315,2024-08-16,2024,8,Q3,Clothing,2,43.49,0.0,86.99,Paid Search,Desktop,Midlands,1,2024-08,2024-08-16
O0000900,C00315,2024-08-30,2024,8,Q3,Clothing,2,34.59,0.0,69.17,Paid Search,Desktop,Midlands,1,2024-08,2024-08-30
O0000901,C00315,2024-09-27,2024,9,Q3,Toys,4,37.5,0.0,149.99,Paid Search,Desktop,Midlands,1,2024-09,2024-09-27
O0000902,C00315,2024-11-12,2024,11,Q4,Clothing,3,83.19,0.0,249.57,Paid Search,Desktop,Midlands,1,2024-11,2024-11-12
O0000903,C00315,2024-12-02,2024,12,Q4,Clothing,1,81.39,0.07,75.7,Paid Search,Desktop,Midlands,1,2024-12,2024-12-02
O0000904,C00315,2024-12-06,2024,12,Q4,Beauty,2,59.88,0.0,119.75,Paid Search,Desktop,Midlands,1,2024-12,2024-12-06
O0000905,C00315,2024-12-26,2024,12,Q4,Home & Garden,1,145.09,0.0,145.09,Paid Search,Desktop,Midlands,1,2024-12,2024-12-26
O0000906,C00319,2021-11-16,2021,11,Q4,Sports,1,105.26,0.0,105.26,Organic Search,Mobile,South West,0,2021-11,2021-11-16
O0000907,C00319,2022-08-16,2022,8,Q3,Sports,2,57.44,0.02,112.58,Organic Search,Mobile,South West,1,2022-08,2022-08-16
O0000908,C00319,2023-10-16,2023,10,Q4,Sports,3,62.49,0.0,187.47,Organic Search,Mobile,South West,1,2023-10,2023-10-16
O0000909,C00319,2024-08-26,2024,8,Q3,Electronics,1,150.1,0.0,150.1,Organic Search,Mobile,South West,1,2024-08,2024-08-26
O0000910,C00320,2023-11-23,2023,11,Q4,Home & Garden,3,102.54,0.0,307.61,Direct,Desktop,South East,0,2023-11,2023-11-23
O0000911,C00320,2024-04-22,2024,4,Q2,Home & Garden,1,81.48,0.2,65.18,Direct,Desktop,South East,1,2024-04,2024-04-22
O0000912,C00321,2024-11-01,2024,11,Q4,Electronics,2,257.59,0.0,515.17,Paid Search,Mobile,Scotland,0,2024-11,2024-11-01
O0000913,C00321,2024-11-18,2024,11,Q4,Electronics,4,138.64,0.0,554.57,Paid Search,Mobile,Scotland,1,2024-11,2024-11-18
O0000914,C00322,2023-09-26,2023,9,Q3,Electronics,3,41.15,0.0,123.45,Organic Search,Mobile,South East,0,2023-09,2023-09-26
O0000915,C00322,2023-10-15,2023,10,Q4,Beauty,1,25.69,0.0,25.69,Organic Search,Mobile,South East,1,2023-10,2023-10-15
O0000916,C00322,2024-01-02,2024,1,Q1,Beauty,1,39.42,0.0,39.42,Organic Search,Mobile,South East,1,2024-01,2024-01-02
O0000917,C00323,2023-01-18,2023,1,Q1,Home & Garden,4,63.72,0.0,254.88,Social Media,Desktop,Yorkshire,0,2023-01,2023-01-18
O0000918,C00323,2023-04-27,2023,4,Q2,Clothing,2,67.79,0.0,135.58,Social Media,Desktop,Yorkshire,1,2023-04,2023-04-27
O0000919,C00323,2024-02-08,2024,2,Q1,Sports,3,38.48,0.0,115.45,Social Media,Desktop,Yorkshire,1,2024-02,2024-02-08
O0000920,C00324,2024-09-24,2024,9,Q3,Beauty,4,15.63,0.0,62.53,Organic Search,Mobile,Scotland,0,2024-09,2024-09-24
O0000921,C00325,2023-08-14,2023,8,Q3,Clothing,4,66.86,0.06,251.39,Organic Search,Desktop,London,0,2023-08,2023-08-14
O0000922,C00326,2023-09-03,2023,9,Q3,Electronics,1,127.18,0.0,127.18,Direct,Mobile,North West,0,2023-09,2023-09-03
O0000923,C00326,2023-09-15,2023,9,Q3,Electronics,2,97.28,0.0,194.56,Direct,Mobile,North West,1,2023-09,2023-09-15
O0000924,C00326,2024-06-28,2024,6,Q2,Electronics,4,194.47,0.0,777.9,Direct,Mobile,North West,1,2024-06,2024-06-28
O0000925,C00326,2024-09-07,2024,9,Q3,Sports,1,36.73,0.24,27.92,Direct,Mobile,North West,1,2024-09,2024-09-07
O0000926,C00326,2024-12-23,2024,12,Q4,Electronics,4,168.01,0.0,672.03,Direct,Mobile,North West,1,2024-12,2024-12-23
O0000927,C00327,2024-08-31,2024,8,Q3,Clothing,3,56.66,0.0,169.99,Direct,Desktop,South West,0,2024-08,2024-08-31
O0000928,C00327,2024-09-22,2024,9,Q3,Beauty,2,20.57,0.0,41.15,Direct,Desktop,South West,1,2024-09,2024-09-22
O0000929,C00327,2024-10-12,2024,10,Q4,Beauty,2,23.4,0.0,46.8,Direct,Desktop,South West,1,2024-10,2024-10-12
O0000930,C00327,2024-10-19,2024,10,Q4,Beauty,2,33.72,0.0,67.44,Direct,Desktop,South West,1,2024-10,2024-10-19
O0000931,C00327,2024-12-20,2024,12,Q4,Beauty,3,81.53,0.0,244.58,Direct,Desktop,South West,1,2024-12,2024-12-20
O0000932,C00328,2023-08-27,2023,8,Q3,Toys,1,20.58,0.08,18.94,Direct,Mobile,South West,0,2023-08,2023-08-27
O0000933,C00329,2023-08-21,2023,8,Q3,Clothing,3,68.23,0.05,194.46,Email,Mobile,Scotland,0,2023-08,2023-08-21
O0000934,C00329,2024-07-09,2024,7,Q3,Clothing,4,36.65,0.0,146.61,Email,Mobile,Scotland,1,2024-07,2024-07-09
O0000935,C00330,2023-01-28,2023,1,Q1,Home & Garden,4,32.7,0.0,130.81,Organic Search,Tablet,North West,0,2023-01,2023-01-28
O0000936,C00330,2023-02-13,2023,2,Q1,Clothing,3,82.73,0.0,248.18,Organic Search,Tablet,North West,1,2023-02,2023-02-13
O0000937,C00330,2023-04-04,2023,4,Q2,Clothing,3,56.89,0.0,170.68,Organic Search,Tablet,North West,1,2023-04,2023-04-04
O0000938,C00330,2023-04-26,2023,4,Q2,Books,2,25.3,0.0,50.61,Organic Search,Tablet,North West,1,2023-04,2023-04-26
O0000939,C00330,2023-06-09,2023,6,Q2,Clothing,1,54.28,0.03,52.65,Organic Search,Tablet,North West,1,2023-06,2023-06-09
O0000940,C00330,2023-09-16,2023,9,Q3,Clothing,3,51.7,0.15,131.83,Organic Search,Tablet,North West,1,2023-09,2023-09-16
O0000941,C00330,2024-05-28,2024,5,Q2,Clothing,2,86.95,0.06,163.47,Organic Search,Tablet,North West,1,2024-05,2024-05-28
O0000942,C00330,2024-11-25,2024,11,Q4,Clothing,1,79.09,0.18,64.86,Organic Search,Tablet,North West,1,2024-11,2024-11-25
O0000943,C00331,2023-11-23,2023,11,Q4,Home & Garden,3,84.73,0.02,249.11,Social Media,Tablet,South West,0,2023-11,2023-11-23
O0000944,C00331,2024-05-02,2024,5,Q2,Home & Garden,1,93.89,0.0,93.89,Social Media,Tablet,South West,1,2024-05,2024-05-02
O0000945,C00331,2024-12-07,2024,12,Q4,Home & Garden,3,111.33,0.01,330.64,Social Media,Tablet,South West,1,2024-12,2024-12-07
O0000946,C00332,2024-12-16,2024,12,Q4,Clothing,1,87.18,0.0,87.18,Paid Search,Mobile,Midlands,0,2024-12,2024-12-16
O0000947,C00333,2024-09-23,2024,9,Q3,Electronics,2,128.19,0.2,205.1,Paid Search,Mobile,London,0,2024-09,2024-09-23
O0000948,C00333,2024-10-20,2024,10,Q4,Beauty,4,17.91,0.0,71.64,Paid Search,Mobile,London,1,2024-10,2024-10-20
O0000949,C00333,2024-12-15,2024,12,Q4,Home & Garden,3,179.16,0.17,446.1,Paid Search,Mobile,London,1,2024-12,2024-12-15
O0000950,C00334,2021-12-26,2021,12,Q4,Home & Garden,3,127.98,0.25,287.96,Direct,Desktop,London,0,2021-12,2021-12-26
O0000951,C00334,2022-02-26,2022,2,Q1,Electronics,2,85.61,0.0,171.22,Direct,Desktop,London,1,2022-02,2022-02-26
O0000952,C00334,2022-07-14,2022,7,Q3,Books,4,18.41,0.0,73.64,Direct,Desktop,London,1,2022-07,2022-07-14
O0000953,C00335,2024-05-12,2024,5,Q2,Electronics,3,69.52,0.0,208.55,Social Media,Mobile,Midlands,0,2024-05,2024-05-12
O0000954,C00336,2022-11-28,2022,11,Q4,Home & Garden,2,136.4,0.0,272.8,Organic Search,Desktop,Yorkshire,0,2022-11,2022-11-28
O0000955,C00336,2024-10-18,2024,10,Q4,Home & Garden,4,72.19,0.0,288.78,Organic Search,Desktop,Yorkshire,1,2024-10,2024-10-18
O0000956,C00339,2024-11-02,2024,11,Q4,Home & Garden,1,158.53,0.0,158.53,Social Media,Mobile,Midlands,0,2024-11,2024-11-02
O0000957,C00339,2024-12-13,2024,12,Q4,Home & Garden,3,109.74,0.0,329.22,Social Media,Mobile,Midlands,1,2024-12,2024-12-13
O0000958,C00340,2024-12-26,2024,12,Q4,Home & Garden,4,136.97,0.02,536.93,Organic Search,Mobile,Wales,0,2024-12,2024-12-26
O0000959,C00340,2024-12-27,2024,12,Q4,Electronics,3,294.24,0.0,882.73,Organic Search,Mobile,Wales,1,2024-12,2024-12-27
O0000960,C00342,2024-11-22,2024,11,Q4,Electronics,3,166.84,0.0,500.52,Paid Search,Desktop,Yorkshire,0,2024-11,2024-11-22
O0000961,C00342,2024-12-29,2024,12,Q4,Electronics,4,191.6,0.0,766.38,Paid Search,Desktop,Yorkshire,1,2024-12,2024-12-29
O0000962,C00343,2022-12-29,2022,12,Q4,Sports,3,47.15,0.0,141.44,Organic Search,Desktop,Scotland,0,2022-12,2022-12-29
O0000963,C00344,2022-05-17,2022,5,Q2,Clothing,3,57.93,0.0,173.79,Paid Search,Mobile,South East,0,2022-05,2022-05-17
O0000964,C00344,2023-04-26,2023,4,Q2,Clothing,2,23.55,0.01,46.62,Paid Search,Mobile,South East,1,2023-04,2023-04-26
O0000965,C00344,2023-08-27,2023,8,Q3,Home & Garden,4,5.0,0.14,17.2,Paid Search,Mobile,South East,1,2023-08,2023-08-27
O0000966,C00346,2023-02-25,2023,2,Q1,Electronics,2,106.52,0.0,213.03,Direct,Mobile,Yorkshire,0,2023-02,2023-02-25
O0000967,C00346,2023-07-27,2023,7,Q3,Toys,1,35.26,0.02,34.55,Direct,Mobile,Yorkshire,1,2023-07,2023-07-27
O0000968,C00346,2023-11-28,2023,11,Q4,Electronics,1,200.3,0.0,200.3,Direct,Mobile,Yorkshire,1,2023-11,2023-11-28
O0000969,C00346,2023-12-01,2023,12,Q4,Electronics,1,319.14,0.0,319.14,Direct,Mobile,Yorkshire,1,2023-12,2023-12-01
O0000970,C00346,2024-09-04,2024,9,Q3,Electronics,1,149.96,0.0,149.96,Direct,Mobile,Yorkshire,1,2024-09,2024-09-04
O0000971,C00348,2024-08-18,2024,8,Q3,Electronics,1,184.09,0.0,184.09,Organic Search,Desktop,Scotland,0,2024-08,2024-08-18
O0000972,C00348,2024-08-31,2024,8,Q3,Sports,3,44.91,0.0,134.73,Organic Search,Desktop,Scotland,1,2024-08,2024-08-31
O0000973,C00348,2024-12-10,2024,12,Q4,Books,2,27.77,0.0,55.53,Organic Search,Desktop,Scotland,1,2024-12,2024-12-10
O0000974,C00349,2023-11-01,2023,11,Q4,Clothing,4,124.78,0.0,499.1,Social Media,Desktop,South West,0,2023-11,2023-11-01
O0000975,C00349,2024-02-10,2024,2,Q1,Clothing,3,32.44,0.0,97.31,Social Media,Desktop,South West,1,2024-02,2024-02-10
O0000976,C00349,2024-10-04,2024,10,Q4,Clothing,4,84.18,0.19,272.73,Social Media,Desktop,South West,1,2024-10,2024-10-04
O0000977,C00350,2023-11-01,2023,11,Q4,Clothing,1,73.01,0.0,73.01,Organic Search,Mobile,London,0,2023-11,2023-11-01
O0000978,C00350,2024-03-09,2024,3,Q1,Books,3,31.21,0.0,93.62,Organic Search,Mobile,London,1,2024-03,2024-03-09
O0000979,C00350,2024-12-07,2024,12,Q4,Books,1,43.04,0.0,43.04,Organic Search,Mobile,London,1,2024-12,2024-12-07
O0000980,C00351,2021-06-06,2021,6,Q2,Clothing,3,33.84,0.14,87.3,Email,Mobile,Scotland,0,2021-06,2021-06-06
O0000981,C00351,2022-07-10,2022,7,Q3,Electronics,3,136.58,0.0,409.75,Email,Mobile,Scotland,1,2022-07,2022-07-10
O0000982,C00351,2022-07-19,2022,7,Q3,Clothing,3,34.54,0.0,103.63,Email,Mobile,Scotland,1,2022-07,2022-07-19
O0000983,C00351,2022-12-11,2022,12,Q4,Clothing,4,105.48,0.15,358.63,Email,Mobile,Scotland,1,2022-12,2022-12-11
O0000984,C00352,2023-05-11,2023,5,Q2,Home & Garden,2,83.13,0.0,166.26,Direct,Mobile,London,0,2023-05,2023-05-11
O0000985,C00352,2023-07-28,2023,7,Q3,Home & Garden,4,78.29,0.25,234.87,Direct,Mobile,London,1,2023-07,2023-07-28
O0000986,C00352,2024-01-14,2024,1,Q1,Beauty,2,20.47,0.02,40.12,Direct,Mobile,London,1,2024-01,2024-01-14
O0000987,C00352,2024-11-08,2024,11,Q4,Electronics,4,246.96,0.0,987.86,Direct,Mobile,London,1,2024-11,2024-11-08
O0000988,C00352,2024-12-07,2024,12,Q4,Home & Garden,4,117.05,0.18,383.91,Direct,Mobile,London,1,2024-12,2024-12-07
O0000989,C00353,2024-01-27,2024,1,Q1,Clothing,2,40.91,0.0,81.82,Paid Search,Mobile,Midlands,0,2024-01,2024-01-27
O0000990,C00353,2024-04-07,2024,4,Q2,Clothing,2,74.26,0.2,118.81,Paid Search,Mobile,Midlands,1,2024-04,2024-04-07
O0000991,C00353,2024-08-03,2024,8,Q3,Sports,2,45.8,0.0,91.6,Paid Search,Mobile,Midlands,1,2024-08,2024-08-03
O0000992,C00355,2024-05-21,2024,5,Q2,Sports,4,49.16,0.0,196.62,Paid Search,Desktop,South East,0,2024-05,2024-05-21
O0000993,C00357,2024-04-06,2024,4,Q2,Electronics,4,151.73,0.16,509.82,Paid Search,Mobile,South West,0,2024-04,2024-04-06
O0000994,C00357,2024-09-03,2024,9,Q3,Electronics,3,122.39,0.0,367.18,Paid Search,Mobile,South West,1,2024-09,2024-09-03
O0000995,C00357,2024-10-28,2024,10,Q4,Electronics,1,176.09,0.0,176.09,Paid Search,Mobile,South West,1,2024-10,2024-10-28
O0000996,C00357,2024-11-16,2024,11,Q4,Books,1,30.45,0.0,30.45,Paid Search,Mobile,South West,1,2024-11,2024-11-16
O0000997,C00358,2023-06-09,2023,6,Q2,Home & Garden,3,136.86,0.0,410.58,Organic Search,Desktop,London,0,2023-06,2023-06-09
O0000998,C00358,2024-03-14,2024,3,Q1,Sports,3,62.06,0.09,169.42,Organic Search,Desktop,London,1,2024-03,2024-03-14
O0000999,C00358,2024-08-26,2024,8,Q3,Clothing,3,46.45,0.0,139.34,Organic Search,Desktop,London,1,2024-08,2024-08-26
O0001000,C00359,2023-06-29,2023,6,Q2,Home & Garden,1,84.36,0.0,84.36,Social Media,Mobile,London,0,2023-06,2023-06-29
O0001001,C00360,2023-07-04,2023,7,Q3,Toys,2,20.67,0.0,41.34,Referral,Mobile,London,0,2023-07,2023-07-04
O0001002,C00360,2024-05-08,2024,5,Q2,Toys,1,44.34,0.0,44.34,Referral,Mobile,London,1,2024-05,2024-05-08
O0001003,C00360,2024-06-04,2024,6,Q2,Clothing,4,54.38,0.13,189.25,Referral,Mobile,London,1,2024-06,2024-06-04
O0001004,C00360,2024-10-01,2024,10,Q4,Electronics,2,143.83,0.22,224.37,Referral,Mobile,London,1,2024-10,2024-10-01
O0001005,C00360,2024-10-12,2024,10,Q4,Toys,4,28.92,0.0,115.66,Referral,Mobile,London,1,2024-10,2024-10-12
O0001006,C00360,2024-11-15,2024,11,Q4,Clothing,3,97.31,0.0,291.93,Referral,Mobile,London,1,2024-11,2024-11-15
O0001007,C00361,2023-07-11,2023,7,Q3,Clothing,4,67.73,0.0,270.93,Organic Search,Mobile,London,0,2023-07,2023-07-11
O0001008,C00361,2024-07-10,2024,7,Q3,Clothing,3,43.31,0.0,129.92,Organic Search,Mobile,London,1,2024-07,2024-07-10
O0001009,C00362,2023-04-24,2023,4,Q2,Books,2,17.29,0.05,32.86,Direct,Mobile,South East,0,2023-04,2023-04-24
O0001010,C00362,2024-07-07,2024,7,Q3,Sports,3,49.8,0.0,149.4,Direct,Mobile,South East,1,2024-07,2024-07-07
O0001011,C00363,2024-04-11,2024,4,Q2,Home & Garden,2,80.15,0.0,160.31,Email,Mobile,Wales,0,2024-04,2024-04-11
O0001012,C00363,2024-08-12,2024,8,Q3,Home & Garden,2,117.32,0.03,227.6,Email,Mobile,Wales,1,2024-08,2024-08-12
O0001013,C00364,2022-05-04,2022,5,Q2,Home & Garden,2,39.56,0.0,79.11,Referral,Mobile,North East,0,2022-05,2022-05-04
O0001014,C00365,2024-02-04,2024,2,Q1,Electronics,1,132.45,0.0,132.45,Paid Search,Mobile,Yorkshire,0,2024-02,2024-02-04
O0001015,C00366,2023-08-06,2023,8,Q3,Clothing,4,45.94,0.0,183.77,Social Media,Mobile,South East,0,2023-08,2023-08-06
O0001016,C00366,2023-12-09,2023,12,Q4,Clothing,4,88.61,0.0,354.43,Social Media,Mobile,South East,1,2023-12,2023-12-09
O0001017,C00366,2024-07-11,2024,7,Q3,Beauty,1,33.78,0.0,33.78,Social Media,Mobile,South East,1,2024-07,2024-07-11
O0001018,C00367,2023-01-13,2023,1,Q1,Beauty,4,40.13,0.17,133.25,Organic Search,Desktop,Scotland,0,2023-01,2023-01-13
O0001019,C00367,2023-04-08,2023,4,Q2,Beauty,3,39.92,0.0,119.75,Organic Search,Desktop,Scotland,1,2023-04,2023-04-08
O0001020,C00367,2023-05-19,2023,5,Q2,Beauty,4,37.16,0.0,148.64,Organic Search,Desktop,Scotland,1,2023-05,2023-05-19
O0001021,C00367,2023-06-13,2023,6,Q2,Beauty,4,48.06,0.0,192.23,Organic Search,Desktop,Scotland,1,2023-06,2023-06-13
O0001022,C00367,2024-07-29,2024,7,Q3,Electronics,2,48.17,0.16,80.93,Organic Search,Desktop,Scotland,1,2024-07,2024-07-29
O0001023,C00369,2022-02-13,2022,2,Q1,Electronics,4,222.43,0.22,693.98,Email,Desktop,London,0,2022-02,2022-02-13
O0001024,C00369,2023-04-18,2023,4,Q2,Home & Garden,2,69.11,0.0,138.21,Email,Desktop,London,1,2023-04,2023-04-18
O0001025,C00370,2022-05-31,2022,5,Q2,Clothing,4,62.74,0.22,195.75,Organic Search,Desktop,Scotland,0,2022-05,2022-05-31
O0001026,C00370,2023-10-18,2023,10,Q4,Clothing,3,66.76,0.0,200.28,Organic Search,Desktop,Scotland,1,2023-10,2023-10-18
O0001027,C00370,2024-07-16,2024,7,Q3,Clothing,1,75.47,0.0,75.47,Organic Search,Desktop,Scotland,1,2024-07,2024-07-16
O0001028,C00370,2024-07-31,2024,7,Q3,Clothing,1,34.89,0.02,34.19,Organic Search,Desktop,Scotland,1,2024-07,2024-07-31
O0001029,C00373,2024-05-01,2024,5,Q2,Sports,4,84.85,0.16,285.09,Email,Desktop,Yorkshire,0,2024-05,2024-05-01
O0001030,C00373,2024-07-24,2024,7,Q3,Sports,2,49.92,0.0,99.83,Email,Desktop,Yorkshire,1,2024-07,2024-07-24
O0001031,C00374,2024-05-17,2024,5,Q2,Sports,3,39.38,0.0,118.14,Paid Search,Desktop,Scotland,0,2024-05,2024-05-17
O0001032,C00374,2024-05-19,2024,5,Q2,Beauty,4,29.21,0.0,116.83,Paid Search,Desktop,Scotland,1,2024-05,2024-05-19
O0001033,C00375,2024-09-09,2024,9,Q3,Clothing,3,51.85,0.0,155.56,Email,Tablet,Yorkshire,0,2024-09,2024-09-09
O0001034,C00375,2024-09-20,2024,9,Q3,Clothing,4,38.81,0.05,147.47,Email,Tablet,Yorkshire,1,2024-09,2024-09-20
O0001035,C00375,2024-11-03,2024,11,Q4,Home & Garden,1,68.09,0.0,68.09,Email,Tablet,Yorkshire,1,2024-11,2024-11-03
O0001036,C00375,2024-11-12,2024,11,Q4,Clothing,1,83.38,0.01,82.54,Email,Tablet,Yorkshire,1,2024-11,2024-11-12
O0001037,C00376,2024-10-06,2024,10,Q4,Home & Garden,3,75.65,0.21,179.28,Email,Desktop,Scotland,0,2024-10,2024-10-06
O0001038,C00376,2024-10-18,2024,10,Q4,Home & Garden,4,68.44,0.15,232.69,Email,Desktop,Scotland,1,2024-10,2024-10-18
O0001039,C00376,2024-10-26,2024,10,Q4,Home & Garden,4,76.79,0.02,301.03,Email,Desktop,Scotland,1,2024-10,2024-10-26
O0001040,C00376,2024-10-28,2024,10,Q4,Home & Garden,4,102.06,0.0,408.22,Email,Desktop,Scotland,1,2024-10,2024-10-28
O0001041,C00376,2024-12-02,2024,12,Q4,Home & Garden,2,125.16,0.0,250.31,Email,Desktop,Scotland,1,2024-12,2024-12-02
O0001042,C00376,2024-12-13,2024,12,Q4,Home & Garden,2,124.91,0.0,249.82,Email,Desktop,Scotland,1,2024-12,2024-12-13
O0001043,C00376,2024-12-18,2024,12,Q4,Electronics,3,210.89,0.0,632.68,Email,Desktop,Scotland,1,2024-12,2024-12-18
O0001044,C00376,2024-12-25,2024,12,Q4,Home & Garden,1,112.8,0.13,98.14,Email,Desktop,Scotland,1,2024-12,2024-12-25
O0001045,C00376,2024-12-25,2024,12,Q4,Home & Garden,4,97.1,0.11,345.69,Email,Desktop,Scotland,1,2024-12,2024-12-25
O0001046,C00377,2024-10-17,2024,10,Q4,Toys,1,28.43,0.0,28.43,Referral,Mobile,Scotland,0,2024-10,2024-10-17
O0001047,C00378,2023-04-06,2023,4,Q2,Clothing,4,70.79,0.0,283.16,Social Media,Desktop,North East,0,2023-04,2023-04-06
O0001048,C00378,2023-06-26,2023,6,Q2,Beauty,4,28.32,0.0,113.28,Social Media,Desktop,North East,1,2023-06,2023-06-26
O0001049,C00378,2023-10-28,2023,10,Q4,Clothing,4,86.09,0.23,265.15,Social Media,Desktop,North East,1,2023-10,2023-10-28
O0001050,C00378,2024-05-16,2024,5,Q2,Clothing,3,89.15,0.0,267.46,Social Media,Desktop,North East,1,2024-05,2024-05-16
O0001051,C00378,2024-11-30,2024,11,Q4,Beauty,1,52.96,0.0,52.96,Social Media,Desktop,North East,1,2024-11,2024-11-30
O0001052,C00379,2022-08-18,2022,8,Q3,Clothing,2,58.7,0.21,92.75,Social Media,Desktop,North East,0,2022-08,2022-08-18
O0001053,C00379,2022-11-25,2022,11,Q4,Clothing,2,77.6,0.0,155.2,Social Media,Desktop,North East,1,2022-11,2022-11-25
O0001054,C00379,2023-12-18,2023,12,Q4,Clothing,3,98.15,0.13,256.18,Social Media,Desktop,North East,1,2023-12,2023-12-18
O0001055,C00380,2023-11-02,2023,11,Q4,Home & Garden,2,49.03,0.0,98.06,Organic Search,Mobile,South West,0,2023-11,2023-11-02
O0001056,C00380,2024-04-12,2024,4,Q2,Home & Garden,3,72.13,0.19,175.28,Organic Search,Mobile,South West,1,2024-04,2024-04-12
O0001057,C00380,2024-04-27,2024,4,Q2,Home & Garden,3,40.76,0.0,122.29,Organic Search,Mobile,South West,1,2024-04,2024-04-27
O0001058,C00380,2024-09-17,2024,9,Q3,Electronics,2,158.62,0.19,256.97,Organic Search,Mobile,South West,1,2024-09,2024-09-17
O0001059,C00380,2024-10-19,2024,10,Q4,Home & Garden,2,93.01,0.0,186.01,Organic Search,Mobile,South West,1,2024-10,2024-10-19
O0001060,C00381,2024-08-24,2024,8,Q3,Clothing,4,56.76,0.15,192.99,Direct,Desktop,London,0,2024-08,2024-08-24
O0001061,C00381,2024-10-26,2024,10,Q4,Clothing,3,76.11,0.0,228.33,Direct,Desktop,London,1,2024-10,2024-10-26
O0001062,C00381,2024-11-23,2024,11,Q4,Clothing,1,76.76,0.11,68.31,Direct,Desktop,London,1,2024-11,2024-11-23
O0001063,C00381,2024-11-28,2024,11,Q4,Beauty,2,49.91,0.09,90.83,Direct,Desktop,London,1,2024-11,2024-11-28
O0001064,C00381,2024-12-09,2024,12,Q4,Clothing,1,100.56,0.0,100.56,Direct,Desktop,London,1,2024-12,2024-12-09
O0001065,C00382,2024-11-09,2024,11,Q4,Electronics,3,162.14,0.0,486.41,Organic Search,Mobile,London,0,2024-11,2024-11-09
O0001066,C00382,2024-11-21,2024,11,Q4,Clothing,4,73.2,0.0,292.8,Organic Search,Mobile,London,1,2024-11,2024-11-21
O0001067,C00382,2024-12-04,2024,12,Q4,Electronics,3,221.1,0.0,663.3,Organic Search,Mobile,London,1,2024-12,2024-12-04
O0001068,C00382,2024-12-07,2024,12,Q4,Electronics,1,219.28,0.0,219.28,Organic Search,Mobile,London,1,2024-12,2024-12-07
O0001069,C00383,2023-04-02,2023,4,Q2,Clothing,1,70.71,0.0,70.71,Organic Search,Mobile,South East,0,2023-04,2023-04-02
O0001070,C00383,2023-04-28,2023,4,Q2,Clothing,3,40.14,0.2,96.35,Organic Search,Mobile,South East,1,2023-04,2023-04-28
O0001071,C00384,2022-12-19,2022,12,Q4,Clothing,4,101.57,0.0,406.27,Organic Search,Mobile,South East,0,2022-12,2022-12-19
O0001072,C00384,2024-08-19,2024,8,Q3,Electronics,4,196.83,0.0,787.33,Organic Search,Mobile,South East,1,2024-08,2024-08-19
O0001073,C00385,2023-07-09,2023,7,Q3,Home & Garden,4,101.09,0.21,319.44,Paid Search,Desktop,Yorkshire,0,2023-07,2023-07-09
O0001074,C00387,2024-01-04,2024,1,Q1,Electronics,3,34.24,0.0,102.73,Organic Search,Mobile,North East,0,2024-01,2024-01-04
O0001075,C00388,2022-05-14,2022,5,Q2,Sports,4,53.51,0.0,214.02,Paid Search,Mobile,South East,0,2022-05,2022-05-14
O0001076,C00388,2023-02-12,2023,2,Q1,Beauty,3,32.34,0.0,97.03,Paid Search,Mobile,South East,1,2023-02,2023-02-12
O0001077,C00389,2024-03-30,2024,3,Q1,Electronics,1,181.94,0.0,181.94,Email,Mobile,Scotland,0,2024-03,2024-03-30
O0001078,C00392,2024-06-19,2024,6,Q2,Clothing,4,76.06,0.0,304.22,Email,Desktop,North West,0,2024-06,2024-06-19
O0001079,C00393,2022-01-20,2022,1,Q1,Beauty,4,27.35,0.0,109.39,Social Media,Tablet,Wales,0,2022-01,2022-01-20
O0001080,C00393,2022-07-13,2022,7,Q3,Clothing,4,53.51,0.0,214.04,Social Media,Tablet,Wales,1,2022-07,2022-07-13
O0001081,C00393,2024-01-18,2024,1,Q1,Clothing,3,62.74,0.0,188.21,Social Media,Tablet,Wales,1,2024-01,2024-01-18
O0001082,C00393,2024-07-13,2024,7,Q3,Beauty,1,42.81,0.0,42.81,Social Media,Tablet,Wales,1,2024-07,2024-07-13
O0001083,C00394,2023-05-21,2023,5,Q2,Clothing,1,88.19,0.06,82.9,Referral,Mobile,Midlands,0,2023-05,2023-05-21
O0001084,C00394,2023-08-08,2023,8,Q3,Electronics,2,78.52,0.0,157.05,Referral,Mobile,Midlands,1,2023-08,2023-08-08
O0001085,C00395,2024-02-12,2024,2,Q1,Electronics,3,91.86,0.0,275.57,Organic Search,Mobile,Yorkshire,0,2024-02,2024-02-12
O0001086,C00395,2024-07-02,2024,7,Q3,Electronics,3,150.46,0.0,451.39,Organic Search,Mobile,Yorkshire,1,2024-07,2024-07-02
O0001087,C00395,2024-08-14,2024,8,Q3,Books,1,8.94,0.0,8.94,Organic Search,Mobile,Yorkshire,1,2024-08,2024-08-14
O0001088,C00395,2024-11-26,2024,11,Q4,Clothing,1,83.22,0.0,83.22,Organic Search,Mobile,Yorkshire,1,2024-11,2024-11-26
O0001089,C00397,2023-09-15,2023,9,Q3,Electronics,2,139.04,0.0,278.07,Social Media,Mobile,Scotland,0,2023-09,2023-09-15
O0001090,C00399,2024-09-30,2024,9,Q3,Home & Garden,2,65.51,0.0,131.02,Social Media,Desktop,South West,0,2024-09,2024-09-30
O0001091,C00400,2022-09-06,2022,9,Q3,Books,2,21.04,0.23,32.4,Social Media,Desktop,Scotland,0,2022-09,2022-09-06
O0001092,C00400,2023-12-17,2023,12,Q4,Books,4,30.13,0.09,109.66,Social Media,Desktop,Scotland,1,2023-12,2023-12-17
O0001093,C00400,2024-11-09,2024,11,Q4,Books,2,24.4,0.0,48.79,Social Media,Desktop,Scotland,1,2024-11,2024-11-09
O0001094,C00401,2023-07-28,2023,7,Q3,Electronics,4,156.76,0.0,627.03,Email,Mobile,Midlands,0,2023-07,2023-07-28
O0001095,C00401,2024-03-21,2024,3,Q1,Electronics,4,77.82,0.0,311.3,Email,Mobile,Midlands,1,2024-03,2024-03-21
O0001096,C00402,2024-05-06,2024,5,Q2,Clothing,3,46.28,0.0,138.83,Paid Search,Mobile,North East,0,2024-05,2024-05-06
O0001097,C00402,2024-08-04,2024,8,Q3,Clothing,1,49.09,0.0,49.09,Paid Search,Mobile,North East,1,2024-08,2024-08-04
O0001098,C00403,2022-12-08,2022,12,Q4,Electronics,3,172.04,0.06,485.15,Organic Search,Mobile,London,0,2022-12,2022-12-08
O0001099,C00403,2024-03-05,2024,3,Q1,Electronics,2,145.66,0.0,291.32,Organic Search,Mobile,London,1,2024-03,2024-03-05
O0001100,C00404,2022-12-05,2022,12,Q4,Home & Garden,3,109.78,0.0,329.34,Organic Search,Mobile,North West,0,2022-12,2022-12-05
O0001101,C00404,2023-05-25,2023,5,Q2,Home & Garden,2,53.7,0.0,107.4,Organic Search,Mobile,North West,1,2023-05,2023-05-25
O0001102,C00404,2023-07-04,2023,7,Q3,Home & Garden,4,57.03,0.0,228.1,Organic Search,Mobile,North West,1,2023-07,2023-07-04
O0001103,C00405,2023-08-11,2023,8,Q3,Electronics,4,117.59,0.14,404.53,Social Media,Desktop,Midlands,0,2023-08,2023-08-11
O0001104,C00405,2023-10-22,2023,10,Q4,Sports,2,41.3,0.0,82.59,Social Media,Desktop,Midlands,1,2023-10,2023-10-22
O0001105,C00405,2023-12-15,2023,12,Q4,Electronics,2,216.65,0.01,428.98,Social Media,Desktop,Midlands,1,2023-12,2023-12-15
O0001106,C00406,2024-06-24,2024,6,Q2,Electronics,1,130.6,0.0,130.6,Organic Search,Mobile,London,0,2024-06,2024-06-24
O0001107,C00406,2024-07-26,2024,7,Q3,Electronics,1,158.23,0.18,129.75,Organic Search,Mobile,London,1,2024-07,2024-07-26
O0001108,C00406,2024-08-23,2024,8,Q3,Electronics,2,98.73,0.05,187.59,Organic Search,Mobile,London,1,2024-08,2024-08-23
O0001109,C00407,2022-08-05,2022,8,Q3,Home & Garden,2,66.19,0.1,119.15,Referral,Mobile,Midlands,0,2022-08,2022-08-05
O0001110,C00407,2023-07-21,2023,7,Q3,Home & Garden,4,76.53,0.1,275.52,Referral,Mobile,Midlands,1,2023-07,2023-07-21
O0001111,C00407,2024-01-10,2024,1,Q1,Home & Garden,4,23.39,0.0,93.55,Referral,Mobile,Midlands,1,2024-01,2024-01-10
O0001112,C00407,2024-08-27,2024,8,Q3,Home & Garden,2,78.08,0.0,156.16,Referral,Mobile,Midlands,1,2024-08,2024-08-27
O0001113,C00407,2024-12-04,2024,12,Q4,Home & Garden,2,86.91,0.0,173.82,Referral,Mobile,Midlands,1,2024-12,2024-12-04
O0001114,C00409,2023-05-29,2023,5,Q2,Toys,4,24.07,0.0,96.27,Organic Search,Tablet,South East,0,2023-05,2023-05-29
O0001115,C00409,2023-09-17,2023,9,Q3,Home & Garden,1,71.57,0.11,63.7,Organic Search,Tablet,South East,1,2023-09,2023-09-17
O0001116,C00410,2024-04-15,2024,4,Q2,Electronics,2,112.63,0.0,225.25,Paid Search,Desktop,South East,0,2024-04,2024-04-15
O0001117,C00410,2024-05-05,2024,5,Q2,Electronics,2,90.31,0.25,135.46,Paid Search,Desktop,South East,1,2024-05,2024-05-05
O0001118,C00411,2022-12-24,2022,12,Q4,Books,1,48.29,0.0,48.29,Email,Tablet,South West,0,2022-12,2022-12-24
O0001119,C00411,2023-05-14,2023,5,Q2,Electronics,1,152.57,0.0,152.57,Email,Tablet,South West,1,2023-05,2023-05-14
O0001120,C00411,2024-01-14,2024,1,Q1,Electronics,1,135.12,0.09,122.96,Email,Tablet,South West,1,2024-01,2024-01-14
O0001121,C00411,2024-03-24,2024,3,Q1,Electronics,4,110.93,0.0,443.72,Email,Tablet,South West,1,2024-03,2024-03-24
O0001122,C00411,2024-04-10,2024,4,Q2,Electronics,4,128.16,0.0,512.63,Email,Tablet,South West,1,2024-04,2024-04-10
O0001123,C00411,2024-07-07,2024,7,Q3,Electronics,1,95.13,0.0,95.13,Email,Tablet,South West,1,2024-07,2024-07-07
O0001124,C00411,2024-08-08,2024,8,Q3,Home & Garden,2,63.48,0.0,126.96,Email,Tablet,South West,1,2024-08,2024-08-08
O0001125,C00411,2024-11-04,2024,11,Q4,Electronics,2,190.51,0.0,381.01,Email,Tablet,South West,1,2024-11,2024-11-04
O0001126,C00412,2021-10-20,2021,10,Q4,Home & Garden,4,68.64,0.0,274.58,Email,Mobile,Wales,0,2021-10,2021-10-20
O0001127,C00412,2022-01-03,2022,1,Q1,Home & Garden,1,57.75,0.0,57.75,Email,Mobile,Wales,1,2022-01,2022-01-03
O0001128,C00412,2022-01-28,2022,1,Q1,Home & Garden,4,74.59,0.0,298.34,Email,Mobile,Wales,1,2022-01,2022-01-28
O0001129,C00412,2023-04-01,2023,4,Q2,Home & Garden,3,83.93,0.0,251.78,Email,Mobile,Wales,1,2023-04,2023-04-01
O0001130,C00412,2024-10-07,2024,10,Q4,Home & Garden,2,127.72,0.0,255.44,Email,Mobile,Wales,1,2024-10,2024-10-07
O0001131,C00412,2024-10-11,2024,10,Q4,Home & Garden,2,5.0,0.0,10.0,Email,Mobile,Wales,1,2024-10,2024-10-11
O0001132,C00413,2023-10-29,2023,10,Q4,Clothing,2,41.83,0.0,83.66,Social Media,Mobile,Wales,0,2023-10,2023-10-29
O0001133,C00414,2021-04-12,2021,4,Q2,Home & Garden,2,36.48,0.0,72.97,Organic Search,Mobile,Yorkshire,0,2021-04,2021-04-12
O0001134,C00414,2022-08-11,2022,8,Q3,Sports,4,64.49,0.0,257.96,Organic Search,Mobile,Yorkshire,1,2022-08,2022-08-11
O0001135,C00414,2024-05-30,2024,5,Q2,Home & Garden,3,64.0,0.08,176.63,Organic Search,Mobile,Yorkshire,1,2024-05,2024-05-30
O0001136,C00414,2024-07-05,2024,7,Q3,Sports,2,29.17,0.22,45.5,Organic Search,Mobile,Yorkshire,1,2024-07,2024-07-05
O0001137,C00416,2023-03-05,2023,3,Q1,Electronics,4,122.55,0.0,490.22,Email,Mobile,Wales,0,2023-03,2023-03-05
O0001138,C00416,2023-09-25,2023,9,Q3,Electronics,4,167.77,0.0,671.09,Email,Mobile,Wales,1,2023-09,2023-09-25
O0001139,C00416,2023-09-28,2023,9,Q3,Electronics,1,106.66,0.0,106.66,Email,Mobile,Wales,1,2023-09,2023-09-28
O0001140,C00416,2024-02-18,2024,2,Q1,Sports,3,47.93,0.0,143.78,Email,Mobile,Wales,1,2024-02,2024-02-18
O0001141,C00416,2024-06-05,2024,6,Q2,Electronics,4,116.33,0.08,428.08,Email,Mobile,Wales,1,2024-06,2024-06-05
O0001142,C00416,2024-06-12,2024,6,Q2,Electronics,4,67.71,0.0,270.85,Email,Mobile,Wales,1,2024-06,2024-06-12
O0001143,C00417,2022-02-10,2022,2,Q1,Electronics,2,116.81,0.13,203.25,Organic Search,Desktop,London,0,2022-02,2022-02-10
O0001144,C00417,2023-03-24,2023,3,Q1,Clothing,1,50.81,0.07,47.25,Organic Search,Desktop,London,1,2023-03,2023-03-24
O0001145,C00417,2023-05-30,2023,5,Q2,Sports,4,27.9,0.18,91.5,Organic Search,Desktop,London,1,2023-05,2023-05-30
O0001146,C00417,2023-06-14,2023,6,Q2,Beauty,4,53.88,0.19,174.58,Organic Search,Desktop,London,1,2023-06,2023-06-14
O0001147,C00419,2024-10-10,2024,10,Q4,Toys,1,25.19,0.01,24.94,Paid Search,Desktop,South East,0,2024-10,2024-10-10
O0001148,C00419,2024-11-04,2024,11,Q4,Toys,1,29.35,0.0,29.35,Paid Search,Desktop,South East,1,2024-11,2024-11-04
O0001149,C00419,2024-12-29,2024,12,Q4,Home & Garden,4,129.54,0.0,518.17,Paid Search,Desktop,South East,1,2024-12,2024-12-29
O0001150,C00421,2021-08-02,2021,8,Q3,Sports,2,55.41,0.0,110.82,Organic Search,Mobile,Scotland,0,2021-08,2021-08-02
O0001151,C00421,2022-01-24,2022,1,Q1,Electronics,4,157.81,0.0,631.26,Organic Search,Mobile,Scotland,1,2022-01,2022-01-24
O0001152,C00421,2022-11-18,2022,11,Q4,Sports,1,67.33,0.0,67.33,Organic Search,Mobile,Scotland,1,2022-11,2022-11-18
O0001153,C00421,2023-01-08,2023,1,Q1,Sports,3,42.71,0.02,125.58,Organic Search,Mobile,Scotland,1,2023-01,2023-01-08
O0001154,C00421,2023-05-25,2023,5,Q2,Clothing,1,92.81,0.0,92.81,Organic Search,Mobile,Scotland,1,2023-05,2023-05-25
O0001155,C00421,2023-08-29,2023,8,Q3,Sports,3,36.22,0.0,108.65,Organic Search,Mobile,Scotland,1,2023-08,2023-08-29
O0001156,C00421,2023-09-06,2023,9,Q3,Electronics,1,125.0,0.0,125.0,Organic Search,Mobile,Scotland,1,2023-09,2023-09-06
O0001157,C00421,2023-10-25,2023,10,Q4,Sports,2,61.01,0.18,100.06,Organic Search,Mobile,Scotland,1,2023-10,2023-10-25
O0001158,C00421,2024-08-25,2024,8,Q3,Sports,1,51.63,0.0,51.63,Organic Search,Mobile,Scotland,1,2024-08,2024-08-25
O0001159,C00422,2024-06-18,2024,6,Q2,Electronics,2,43.22,0.0,86.44,Email,Mobile,Yorkshire,0,2024-06,2024-06-18
O0001160,C00422,2024-07-25,2024,7,Q3,Clothing,1,30.82,0.14,26.5,Email,Mobile,Yorkshire,1,2024-07,2024-07-25
O0001161,C00422,2024-11-12,2024,11,Q4,Clothing,2,61.43,0.0,122.87,Email,Mobile,Yorkshire,1,2024-11,2024-11-12
O0001162,C00424,2024-11-27,2024,11,Q4,Clothing,1,114.82,0.0,114.82,Social Media,Mobile,North West,0,2024-11,2024-11-27
O0001163,C00425,2024-03-12,2024,3,Q1,Clothing,1,73.81,0.0,73.81,Direct,Tablet,Scotland,0,2024-03,2024-03-12
O0001164,C00425,2024-10-01,2024,10,Q4,Clothing,2,56.92,0.0,113.83,Direct,Tablet,Scotland,1,2024-10,2024-10-01
O0001165,C00426,2024-02-09,2024,2,Q1,Clothing,3,53.84,0.0,161.53,Organic Search,Desktop,London,0,2024-02,2024-02-09
O0001166,C00426,2024-05-13,2024,5,Q2,Electronics,4,97.75,0.0,391.01,Organic Search,Desktop,London,1,2024-05,2024-05-13
O0001167,C00426,2024-05-16,2024,5,Q2,Clothing,1,52.09,0.09,47.4,Organic Search,Desktop,London,1,2024-05,2024-05-16
O0001168,C00426,2024-07-23,2024,7,Q3,Electronics,1,125.75,0.0,125.75,Organic Search,Desktop,London,1,2024-07,2024-07-23
O0001169,C00426,2024-08-04,2024,8,Q3,Clothing,2,72.04,0.01,142.64,Organic Search,Desktop,London,1,2024-08,2024-08-04
O0001170,C00426,2024-09-19,2024,9,Q3,Electronics,4,198.98,0.0,795.93,Organic Search,Desktop,London,1,2024-09,2024-09-19
O0001171,C00426,2024-09-23,2024,9,Q3,Electronics,2,164.13,0.0,328.26,Organic Search,Desktop,London,1,2024-09,2024-09-23
O0001172,C00426,2024-10-07,2024,10,Q4,Electronics,1,94.97,0.21,75.03,Organic Search,Desktop,London,1,2024-10,2024-10-07
O0001173,C00426,2024-11-03,2024,11,Q4,Electronics,2,164.28,0.05,312.13,Organic Search,Desktop,London,1,2024-11,2024-11-03
O0001174,C00427,2024-04-25,2024,4,Q2,Sports,4,52.69,0.0,210.76,Paid Search,Mobile,Midlands,0,2024-04,2024-04-25
O0001175,C00427,2024-05-31,2024,5,Q2,Sports,3,50.61,0.03,147.26,Paid Search,Mobile,Midlands,1,2024-05,2024-05-31
O0001176,C00429,2024-11-27,2024,11,Q4,Clothing,4,101.19,0.25,303.56,Organic Search,Mobile,South East,0,2024-11,2024-11-27
O0001177,C00430,2022-10-18,2022,10,Q4,Electronics,3,151.3,0.2,363.12,Paid Search,Mobile,Wales,0,2022-10,2022-10-18
O0001178,C00430,2023-03-12,2023,3,Q1,Sports,3,36.79,0.0,110.37,Paid Search,Mobile,Wales,1,2023-03,2023-03-12
O0001179,C00430,2024-06-26,2024,6,Q2,Clothing,3,36.95,0.24,84.24,Paid Search,Mobile,Wales,1,2024-06,2024-06-26
O0001180,C00430,2024-11-17,2024,11,Q4,Sports,4,54.48,0.22,169.99,Paid Search,Mobile,Wales,1,2024-11,2024-11-17
O0001181,C00431,2023-10-20,2023,10,Q4,Home & Garden,1,119.65,0.0,119.65,Paid Search,Desktop,North East,0,2023-10,2023-10-20
O0001182,C00432,2024-06-10,2024,6,Q2,Beauty,4,47.05,0.0,188.19,Organic Search,Mobile,North West,0,2024-06,2024-06-10
O0001183,C00432,2024-06-28,2024,6,Q2,Beauty,4,64.56,0.06,242.74,Organic Search,Mobile,North West,1,2024-06,2024-06-28
O0001184,C00433,2023-12-18,2023,12,Q4,Electronics,1,284.14,0.0,284.14,Referral,Mobile,London,0,2023-12,2023-12-18
O0001185,C00434,2022-03-11,2022,3,Q1,Clothing,4,35.71,0.0,142.83,Referral,Mobile,North East,0,2022-03,2022-03-11
O0001186,C00434,2023-06-16,2023,6,Q2,Home & Garden,1,49.91,0.23,38.43,Referral,Mobile,North East,1,2023-06,2023-06-16
O0001187,C00434,2023-07-28,2023,7,Q3,Home & Garden,2,62.63,0.0,125.25,Referral,Mobile,North East,1,2023-07,2023-07-28
O0001188,C00434,2023-12-11,2023,12,Q4,Clothing,1,55.13,0.0,55.13,Referral,Mobile,North East,1,2023-12,2023-12-11
O0001189,C00434,2024-02-01,2024,2,Q1,Clothing,2,49.5,0.0,99.0,Referral,Mobile,North East,1,2024-02,2024-02-01
O0001190,C00434,2024-09-02,2024,9,Q3,Home & Garden,3,66.02,0.17,164.38,Referral,Mobile,North East,1,2024-09,2024-09-02
O0001191,C00434,2024-11-23,2024,11,Q4,Clothing,2,82.29,0.09,149.77,Referral,Mobile,North East,1,2024-11,2024-11-23
O0001192,C00435,2024-10-24,2024,10,Q4,Toys,3,31.72,0.0,95.16,Social Media,Mobile,Scotland,0,2024-10,2024-10-24
O0001193,C00437,2023-07-10,2023,7,Q3,Clothing,1,53.69,0.0,53.69,Social Media,Mobile,North West,0,2023-07,2023-07-10
O0001194,C00437,2024-11-24,2024,11,Q4,Clothing,3,79.48,0.19,193.13,Social Media,Mobile,North West,1,2024-11,2024-11-24
O0001195,C00438,2023-10-02,2023,10,Q4,Electronics,2,169.96,0.0,339.92,Organic Search,Desktop,London,0,2023-10,2023-10-02
O0001196,C00438,2024-03-24,2024,3,Q1,Electronics,3,109.66,0.0,328.98,Organic Search,Desktop,London,1,2024-03,2024-03-24
O0001197,C00439,2023-07-27,2023,7,Q3,Toys,2,27.37,0.14,47.08,Social Media,Mobile,North East,0,2023-07,2023-07-27
O0001198,C00440,2024-06-04,2024,6,Q2,Beauty,4,32.42,0.23,99.84,Paid Search,Tablet,South West,0,2024-06,2024-06-04
O0001199,C00440,2024-07-13,2024,7,Q3,Beauty,1,51.87,0.0,51.87,Paid Search,Tablet,South West,1,2024-07,2024-07-13
O0001200,C00440,2024-11-02,2024,11,Q4,Beauty,3,66.28,0.0,198.85,Paid Search,Tablet,South West,1,2024-11,2024-11-02
O0001201,C00441,2022-08-12,2022,8,Q3,Electronics,2,103.65,0.0,207.3,Organic Search,Mobile,Scotland,0,2022-08,2022-08-12
O0001202,C00441,2024-03-11,2024,3,Q1,Electronics,3,100.67,0.23,232.56,Organic Search,Mobile,Scotland,1,2024-03,2024-03-11
O0001203,C00441,2024-05-21,2024,5,Q2,Electronics,3,127.02,0.04,365.81,Organic Search,Mobile,Scotland,1,2024-05,2024-05-21
O0001204,C00441,2024-12-07,2024,12,Q4,Electronics,1,206.87,0.0,206.87,Organic Search,Mobile,Scotland,1,2024-12,2024-12-07
O0001205,C00442,2024-10-23,2024,10,Q4,Electronics,4,211.48,0.0,845.91,Email,Tablet,North East,0,2024-10,2024-10-23
O0001206,C00442,2024-12-29,2024,12,Q4,Electronics,1,225.45,0.0,225.45,Email,Tablet,North East,1,2024-12,2024-12-29
O0001207,C00443,2024-05-17,2024,5,Q2,Clothing,1,85.04,0.0,85.04,Paid Search,Mobile,North East,0,2024-05,2024-05-17
O0001208,C00446,2022-12-12,2022,12,Q4,Beauty,3,58.21,0.0,174.62,Direct,Mobile,London,0,2022-12,2022-12-12
O0001209,C00446,2024-02-28,2024,2,Q1,Electronics,4,118.52,0.17,393.48,Direct,Mobile,London,1,2024-02,2024-02-28
O0001210,C00447,2024-11-30,2024,11,Q4,Books,3,32.7,0.0,98.1,Organic Search,Mobile,Yorkshire,0,2024-11,2024-11-30
O0001211,C00447,2024-12-07,2024,12,Q4,Books,4,22.99,0.0,91.95,Organic Search,Mobile,Yorkshire,1,2024-12,2024-12-07
O0001212,C00447,2024-12-16,2024,12,Q4,Books,4,38.92,0.0,155.7,Organic Search,Mobile,Yorkshire,1,2024-12,2024-12-16
O0001213,C00449,2023-06-09,2023,6,Q2,Sports,2,58.69,0.0,117.37,Direct,Mobile,North West,0,2023-06,2023-06-09
O0001214,C00449,2023-06-22,2023,6,Q2,Sports,2,91.58,0.0,183.16,Direct,Mobile,North West,1,2023-06,2023-06-22
O0001215,C00449,2023-07-21,2023,7,Q3,Sports,2,41.7,0.14,71.72,Direct,Mobile,North West,1,2023-07,2023-07-21
O0001216,C00449,2023-08-27,2023,8,Q3,Sports,1,23.3,0.0,23.3,Direct,Mobile,North West,1,2023-08,2023-08-27
O0001217,C00450,2024-03-27,2024,3,Q1,Electronics,3,146.04,0.0,438.13,Paid Search,Desktop,South East,0,2024-03,2024-03-27
O0001218,C00451,2023-01-29,2023,1,Q1,Clothing,2,77.53,0.0,155.05,Social Media,Desktop,Wales,0,2023-01,2023-01-29
O0001219,C00451,2024-01-20,2024,1,Q1,Clothing,1,51.41,0.16,43.18,Social Media,Desktop,Wales,1,2024-01,2024-01-20
O0001220,C00453,2021-12-12,2021,12,Q4,Beauty,4,65.81,0.08,242.17,Organic Search,Mobile,Wales,0,2021-12,2021-12-12
O0001221,C00453,2022-01-09,2022,1,Q1,Toys,1,41.54,0.09,37.8,Organic Search,Mobile,Wales,1,2022-01,2022-01-09
O0001222,C00453,2022-03-14,2022,3,Q1,Toys,4,33.17,0.19,107.48,Organic Search,Mobile,Wales,1,2022-03,2022-03-14
O0001223,C00453,2024-11-22,2024,11,Q4,Toys,1,41.91,0.0,41.91,Organic Search,Mobile,Wales,1,2024-11,2024-11-22
O0001224,C00454,2024-05-30,2024,5,Q2,Clothing,2,32.17,0.0,64.34,Paid Search,Mobile,North West,0,2024-05,2024-05-30
O0001225,C00454,2024-08-30,2024,8,Q3,Electronics,4,69.85,0.0,279.39,Paid Search,Mobile,North West,1,2024-08,2024-08-30
O0001226,C00455,2024-10-29,2024,10,Q4,Clothing,2,44.18,0.09,80.41,Email,Desktop,Midlands,0,2024-10,2024-10-29
O0001227,C00455,2024-12-03,2024,12,Q4,Clothing,2,85.91,0.0,171.81,Email,Desktop,Midlands,1,2024-12,2024-12-03
O0001228,C00455,2024-12-07,2024,12,Q4,Clothing,1,70.38,0.18,57.71,Email,Desktop,Midlands,1,2024-12,2024-12-07
O0001229,C00455,2024-12-15,2024,12,Q4,Clothing,1,96.84,0.0,96.84,Email,Desktop,Midlands,1,2024-12,2024-12-15
O0001230,C00456,2021-12-24,2021,12,Q4,Electronics,3,158.49,0.0,475.47,Organic Search,Mobile,Wales,0,2021-12,2021-12-24
O0001231,C00456,2022-06-08,2022,6,Q2,Home & Garden,1,66.71,0.14,57.37,Organic Search,Mobile,Wales,1,2022-06,2022-06-08
O0001232,C00456,2022-06-09,2022,6,Q2,Books,4,10.07,0.0,40.3,Organic Search,Mobile,Wales,1,2022-06,2022-06-09
O0001233,C00456,2022-08-01,2022,8,Q3,Home & Garden,4,58.45,0.0,233.8,Organic Search,Mobile,Wales,1,2022-08,2022-08-01
O0001234,C00456,2024-07-26,2024,7,Q3,Electronics,2,148.34,0.0,296.69,Organic Search,Mobile,Wales,1,2024-07,2024-07-26
O0001235,C00456,2024-12-08,2024,12,Q4,Clothing,4,90.83,0.0,363.3,Organic Search,Mobile,Wales,1,2024-12,2024-12-08
O0001236,C00457,2024-01-08,2024,1,Q1,Beauty,3,38.15,0.0,114.44,Social Media,Mobile,South West,0,2024-01,2024-01-08
O0001237,C00458,2024-10-09,2024,10,Q4,Sports,1,79.37,0.02,77.78,Organic Search,Desktop,South East,0,2024-10,2024-10-09
O0001238,C00459,2024-09-03,2024,9,Q3,Clothing,2,27.26,0.15,46.35,Organic Search,Tablet,Midlands,0,2024-09,2024-09-03
O0001239,C00459,2024-09-20,2024,9,Q3,Clothing,4,49.97,0.0,199.88,Organic Search,Tablet,Midlands,1,2024-09,2024-09-20
O0001240,C00460,2023-10-07,2023,10,Q4,Home & Garden,4,111.61,0.0,446.44,Paid Search,Mobile,South West,0,2023-10,2023-10-07
O0001241,C00460,2023-10-20,2023,10,Q4,Sports,4,52.42,0.0,209.7,Paid Search,Mobile,South West,1,2023-10,2023-10-20
O0001242,C00460,2024-02-25,2024,2,Q1,Home & Garden,4,78.59,0.0,314.34,Paid Search,Mobile,South West,1,2024-02,2024-02-25
O0001243,C00460,2024-11-29,2024,11,Q4,Toys,2,36.14,0.11,64.34,Paid Search,Mobile,South West,1,2024-11,2024-11-29
O0001244,C00462,2024-04-10,2024,4,Q2,Beauty,3,43.13,0.11,115.17,Paid Search,Mobile,London,0,2024-04,2024-04-10
O0001245,C00462,2024-08-08,2024,8,Q3,Electronics,1,200.9,0.0,200.9,Paid Search,Mobile,London,1,2024-08,2024-08-08
O0001246,C00462,2024-11-11,2024,11,Q4,Beauty,1,46.2,0.25,34.65,Paid Search,Mobile,London,1,2024-11,2024-11-11
O0001247,C00463,2022-01-13,2022,1,Q1,Home & Garden,2,33.9,0.0,67.8,Social Media,Mobile,North West,0,2022-01,2022-01-13
O0001248,C00463,2022-03-15,2022,3,Q1,Beauty,2,44.01,0.0,88.02,Social Media,Mobile,North West,1,2022-03,2022-03-15
O0001249,C00463,2022-04-26,2022,4,Q2,Electronics,2,181.47,0.0,362.94,Social Media,Mobile,North West,1,2022-04,2022-04-26
O0001250,C00463,2022-09-26,2022,9,Q3,Electronics,3,47.68,0.0,143.03,Social Media,Mobile,North West,1,2022-09,2022-09-26
O0001251,C00463,2024-05-24,2024,5,Q2,Clothing,3,39.97,0.09,109.13,Social Media,Mobile,North West,1,2024-05,2024-05-24
O0001252,C00463,2024-10-13,2024,10,Q4,Home & Garden,4,106.29,0.13,369.89,Social Media,Mobile,North West,1,2024-10,2024-10-13
O0001253,C00464,2022-06-13,2022,6,Q2,Sports,4,72.61,0.0,290.46,Organic Search,Desktop,South West,0,2022-06,2022-06-13
O0001254,C00464,2024-09-30,2024,9,Q3,Clothing,2,67.23,0.0,134.46,Organic Search,Desktop,South West,1,2024-09,2024-09-30
O0001255,C00464,2024-12-05,2024,12,Q4,Clothing,4,74.23,0.0,296.94,Organic Search,Desktop,South West,1,2024-12,2024-12-05
O0001256,C00465,2023-12-08,2023,12,Q4,Home & Garden,1,131.75,0.0,131.75,Organic Search,Mobile,North West,0,2023-12,2023-12-08
O0001257,C00465,2023-12-28,2023,12,Q4,Home & Garden,3,106.05,0.0,318.14,Organic Search,Mobile,North West,1,2023-12,2023-12-28
O0001258,C00465,2024-08-29,2024,8,Q3,Books,2,12.95,0.0,25.89,Organic Search,Mobile,North West,1,2024-08,2024-08-29
O0001259,C00465,2024-09-14,2024,9,Q3,Books,1,23.3,0.0,23.3,Organic Search,Mobile,North West,1,2024-09,2024-09-14
O0001260,C00465,2024-09-23,2024,9,Q3,Books,3,18.26,0.0,54.79,Organic Search,Mobile,North West,1,2024-09,2024-09-23
O0001261,C00465,2024-11-27,2024,11,Q4,Clothing,2,77.01,0.0,154.03,Organic Search,Mobile,North West,1,2024-11,2024-11-27
O0001262,C00466,2024-09-20,2024,9,Q3,Clothing,1,53.77,0.0,53.77,Email,Mobile,Midlands,0,2024-09,2024-09-20
O0001263,C00467,2024-02-01,2024,2,Q1,Home & Garden,3,40.22,0.0,120.67,Email,Mobile,Wales,0,2024-02,2024-02-01
O0001264,C00467,2024-04-25,2024,4,Q2,Home & Garden,3,28.14,0.0,84.41,Email,Mobile,Wales,1,2024-04,2024-04-25
O0001265,C00470,2022-10-05,2022,10,Q4,Beauty,4,38.92,0.0,155.69,Paid Search,Mobile,Scotland,0,2022-10,2022-10-05
O0001266,C00471,2022-11-30,2022,11,Q4,Home & Garden,4,70.18,0.0,280.73,Organic Search,Mobile,Yorkshire,0,2022-11,2022-11-30
O0001267,C00471,2023-07-30,2023,7,Q3,Clothing,4,51.64,0.0,206.55,Organic Search,Mobile,Yorkshire,1,2023-07,2023-07-30
O0001268,C00471,2024-11-14,2024,11,Q4,Home & Garden,1,146.47,0.2,117.17,Organic Search,Mobile,Yorkshire,1,2024-11,2024-11-14
O0001269,C00472,2023-05-15,2023,5,Q2,Clothing,2,78.97,0.0,157.93,Organic Search,Desktop,South East,0,2023-05,2023-05-15
O0001270,C00472,2023-08-06,2023,8,Q3,Clothing,2,15.64,0.0,31.28,Organic Search,Desktop,South East,1,2023-08,2023-08-06
O0001271,C00472,2023-10-14,2023,10,Q4,Clothing,1,94.54,0.0,94.54,Organic Search,Desktop,South East,1,2023-10,2023-10-14
O0001272,C00472,2023-12-01,2023,12,Q4,Clothing,1,103.08,0.0,103.08,Organic Search,Desktop,South East,1,2023-12,2023-12-01
O0001273,C00472,2023-12-29,2023,12,Q4,Clothing,2,104.19,0.0,208.38,Organic Search,Desktop,South East,1,2023-12,2023-12-29
O0001274,C00472,2024-03-15,2024,3,Q1,Clothing,4,52.16,0.0,208.63,Organic Search,Desktop,South East,1,2024-03,2024-03-15
O0001275,C00473,2024-03-07,2024,3,Q1,Books,1,22.16,0.0,22.16,Social Media,Tablet,Yorkshire,0,2024-03,2024-03-07
O0001276,C00473,2024-03-11,2024,3,Q1,Electronics,3,200.53,0.0,601.6,Social Media,Tablet,Yorkshire,1,2024-03,2024-03-11
O0001277,C00473,2024-04-16,2024,4,Q2,Beauty,3,43.31,0.0,129.93,Social Media,Tablet,Yorkshire,1,2024-04,2024-04-16
O0001278,C00473,2024-06-03,2024,6,Q2,Home & Garden,1,63.71,0.0,63.71,Social Media,Tablet,Yorkshire,1,2024-06,2024-06-03
O0001279,C00473,2024-08-05,2024,8,Q3,Beauty,2,20.46,0.16,34.37,Social Media,Tablet,Yorkshire,1,2024-08,2024-08-05
O0001280,C00473,2024-09-03,2024,9,Q3,Sports,3,11.41,0.05,32.51,Social Media,Tablet,Yorkshire,1,2024-09,2024-09-03
O0001281,C00473,2024-09-04,2024,9,Q3,Beauty,1,27.76,0.0,27.76,Social Media,Tablet,Yorkshire,1,2024-09,2024-09-04
O0001282,C00473,2024-11-05,2024,11,Q4,Beauty,4,38.32,0.15,130.27,Social Media,Tablet,Yorkshire,1,2024-11,2024-11-05
O0001283,C00473,2024-12-21,2024,12,Q4,Books,3,30.5,0.0,91.49,Social Media,Tablet,Yorkshire,1,2024-12,2024-12-21
O0001284,C00474,2022-12-25,2022,12,Q4,Clothing,3,92.69,0.0,278.08,Organic Search,Mobile,London,0,2022-12,2022-12-25
O0001285,C00474,2023-08-03,2023,8,Q3,Clothing,3,59.62,0.0,178.86,Organic Search,Mobile,London,1,2023-08,2023-08-03
O0001286,C00474,2023-09-23,2023,9,Q3,Clothing,2,48.27,0.2,77.24,Organic Search,Mobile,London,1,2023-09,2023-09-23
O0001287,C00475,2022-01-05,2022,1,Q1,Electronics,4,104.39,0.19,338.23,Direct,Desktop,London,0,2022-01,2022-01-05
O0001288,C00475,2022-02-20,2022,2,Q1,Clothing,4,36.89,0.05,140.2,Direct,Desktop,London,1,2022-02,2022-02-20
O0001289,C00475,2022-03-19,2022,3,Q1,Clothing,1,64.08,0.0,64.08,Direct,Desktop,London,1,2022-03,2022-03-19
O0001290,C00476,2024-11-13,2024,11,Q4,Sports,4,51.87,0.0,207.47,Paid Search,Tablet,North West,0,2024-11,2024-11-13
O0001291,C00476,2024-11-24,2024,11,Q4,Sports,2,73.06,0.0,146.13,Paid Search,Tablet,North West,1,2024-11,2024-11-24
O0001292,C00476,2024-11-25,2024,11,Q4,Electronics,3,155.59,0.13,406.09,Paid Search,Tablet,North West,1,2024-11,2024-11-25
O0001293,C00477,2021-09-10,2021,9,Q3,Beauty,1,36.84,0.0,36.84,Paid Search,Mobile,Scotland,0,2021-09,2021-09-10
O0001294,C00477,2022-06-19,2022,6,Q2,Beauty,3,27.1,0.0,81.31,Paid Search,Mobile,Scotland,1,2022-06,2022-06-19
O0001295,C00477,2023-01-03,2023,1,Q1,Electronics,1,86.53,0.0,86.53,Paid Search,Mobile,Scotland,1,2023-01,2023-01-03
O0001296,C00477,2023-04-04,2023,4,Q2,Beauty,3,21.13,0.0,63.39,Paid Search,Mobile,Scotland,1,2023-04,2023-04-04
O0001297,C00477,2023-07-13,2023,7,Q3,Beauty,4,29.1,0.21,91.96,Paid Search,Mobile,Scotland,1,2023-07,2023-07-13
O0001298,C00477,2023-11-22,2023,11,Q4,Beauty,2,71.7,0.2,114.73,Paid Search,Mobile,Scotland,1,2023-11,2023-11-22
O0001299,C00477,2024-04-09,2024,4,Q2,Beauty,3,37.18,0.0,111.55,Paid Search,Mobile,Scotland,1,2024-04,2024-04-09
O0001300,C00477,2024-06-30,2024,6,Q2,Beauty,3,32.55,0.0,97.64,Paid Search,Mobile,Scotland,1,2024-06,2024-06-30
O0001301,C00479,2023-03-06,2023,3,Q1,Clothing,1,38.08,0.0,38.08,Paid Search,Mobile,North West,0,2023-03,2023-03-06
O0001302,C00479,2023-04-03,2023,4,Q2,Beauty,2,34.7,0.0,69.41,Paid Search,Mobile,North West,1,2023-04,2023-04-03
O0001303,C00480,2024-01-15,2024,1,Q1,Clothing,1,47.24,0.0,47.24,Organic Search,Mobile,Yorkshire,0,2024-01,2024-01-15
O0001304,C00480,2024-02-18,2024,2,Q1,Clothing,4,60.99,0.0,243.96,Organic Search,Mobile,Yorkshire,1,2024-02,2024-02-18
O0001305,C00480,2024-04-16,2024,4,Q2,Clothing,2,75.79,0.0,151.58,Organic Search,Mobile,Yorkshire,1,2024-04,2024-04-16
O0001306,C00481,2024-10-04,2024,10,Q4,Clothing,3,92.1,0.0,276.3,Email,Desktop,London,0,2024-10,2024-10-04
O0001307,C00482,2024-02-05,2024,2,Q1,Toys,2,34.93,0.0,69.85,Paid Search,Mobile,London,0,2024-02,2024-02-05
O0001308,C00482,2024-02-27,2024,2,Q1,Clothing,4,54.0,0.05,205.19,Paid Search,Mobile,London,1,2024-02,2024-02-27
O0001309,C00482,2024-06-03,2024,6,Q2,Clothing,3,92.17,0.0,276.52,Paid Search,Mobile,London,1,2024-06,2024-06-03
O0001310,C00482,2024-10-30,2024,10,Q4,Electronics,1,216.9,0.0,216.9,Paid Search,Mobile,London,1,2024-10,2024-10-30
O0001311,C00483,2022-01-25,2022,1,Q1,Beauty,2,52.98,0.0,105.96,Paid Search,Mobile,North West,0,2022-01,2022-01-25
O0001312,C00483,2022-12-14,2022,12,Q4,Beauty,3,54.0,0.0,162.0,Paid Search,Mobile,North West,1,2022-12,2022-12-14
O0001313,C00485,2022-09-17,2022,9,Q3,Electronics,1,161.0,0.0,161.0,Paid Search,Mobile,London,0,2022-09,2022-09-17
O0001314,C00486,2024-09-30,2024,9,Q3,Electronics,3,136.3,0.19,331.22,Social Media,Tablet,South West,0,2024-09,2024-09-30
O0001315,C00486,2024-10-04,2024,10,Q4,Beauty,3,56.03,0.0,168.08,Social Media,Tablet,South West,1,2024-10,2024-10-04
O0001316,C00486,2024-11-28,2024,11,Q4,Beauty,3,50.55,0.0,151.66,Social Media,Tablet,South West,1,2024-11,2024-11-28
O0001317,C00487,2021-10-16,2021,10,Q4,Clothing,4,77.7,0.22,242.44,Email,Desktop,Yorkshire,0,2021-10,2021-10-16
O0001318,C00487,2022-12-02,2022,12,Q4,Beauty,4,65.82,0.0,263.28,Email,Desktop,Yorkshire,1,2022-12,2022-12-02
O0001319,C00487,2023-03-18,2023,3,Q1,Beauty,2,21.27,0.07,39.56,Email,Desktop,Yorkshire,1,2023-03,2023-03-18
O0001320,C00487,2023-12-02,2023,12,Q4,Electronics,1,200.84,0.0,200.84,Email,Desktop,Yorkshire,1,2023-12,2023-12-02
O0001321,C00487,2023-12-15,2023,12,Q4,Beauty,1,48.56,0.0,48.56,Email,Desktop,Yorkshire,1,2023-12,2023-12-15
O0001322,C00487,2024-01-01,2024,1,Q1,Beauty,3,27.46,0.0,82.39,Email,Desktop,Yorkshire,1,2024-01,2024-01-01
O0001323,C00487,2024-01-05,2024,1,Q1,Beauty,4,38.51,0.0,154.04,Email,Desktop,Yorkshire,1,2024-01,2024-01-05
O0001324,C00487,2024-01-19,2024,1,Q1,Beauty,1,33.66,0.0,33.66,Email,Desktop,Yorkshire,1,2024-01,2024-01-19
O0001325,C00487,2024-12-21,2024,12,Q4,Beauty,3,50.51,0.0,151.52,Email,Desktop,Yorkshire,1,2024-12,2024-12-21
O0001326,C00488,2022-08-20,2022,8,Q3,Sports,1,45.94,0.12,40.43,Social Media,Mobile,South West,0,2022-08,2022-08-20
O0001327,C00488,2023-06-02,2023,6,Q2,Toys,2,27.26,0.0,54.51,Social Media,Mobile,South West,1,2023-06,2023-06-02
O0001328,C00488,2023-10-06,2023,10,Q4,Sports,1,32.2,0.0,32.2,Social Media,Mobile,South West,1,2023-10,2023-10-06
O0001329,C00488,2023-10-14,2023,10,Q4,Sports,3,23.56,0.0,70.68,Social Media,Mobile,South West,1,2023-10,2023-10-14
O0001330,C00490,2023-06-25,2023,6,Q2,Electronics,4,186.84,0.0,747.34,Email,Mobile,North West,0,2023-06,2023-06-25
O0001331,C00490,2024-01-07,2024,1,Q1,Sports,2,47.36,0.0,94.71,Email,Mobile,North West,1,2024-01,2024-01-07
O0001332,C00490,2024-01-27,2024,1,Q1,Electronics,1,116.55,0.0,116.55,Email,Mobile,North West,1,2024-01,2024-01-27
O0001333,C00490,2024-10-01,2024,10,Q4,Clothing,3,18.22,0.24,41.54,Email,Mobile,North West,1,2024-10,2024-10-01
O0001334,C00491,2022-08-06,2022,8,Q3,Home & Garden,2,70.59,0.0,141.18,Social Media,Desktop,South East,0,2022-08,2022-08-06
O0001335,C00492,2021-07-11,2021,7,Q3,Home & Garden,3,53.12,0.0,159.36,Paid Search,Tablet,Scotland,0,2021-07,2021-07-11
O0001336,C00493,2021-12-06,2021,12,Q4,Electronics,4,203.35,0.0,813.41,Organic Search,Mobile,North West,0,2021-12,2021-12-06
O0001337,C00493,2022-10-09,2022,10,Q4,Electronics,2,77.59,0.0,155.18,Organic Search,Mobile,North West,1,2022-10,2022-10-09
O0001338,C00494,2024-06-01,2024,6,Q2,Sports,1,57.94,0.07,53.89,Paid Search,Desktop,Wales,0,2024-06,2024-06-01
O0001339,C00494,2024-06-15,2024,6,Q2,Sports,3,55.61,0.12,146.82,Paid Search,Desktop,Wales,1,2024-06,2024-06-15
O0001340,C00494,2024-09-07,2024,9,Q3,Sports,1,65.44,0.0,65.44,Paid Search,Desktop,Wales,1,2024-09,2024-09-07
O0001341,C00495,2022-11-23,2022,11,Q4,Beauty,4,57.68,0.23,177.65,Email,Mobile,North East,0,2022-11,2022-11-23
O0001342,C00495,2023-04-30,2023,4,Q2,Beauty,4,39.05,0.0,156.21,Email,Mobile,North East,1,2023-04,2023-04-30
O0001343,C00495,2024-04-11,2024,4,Q2,Beauty,3,28.55,0.0,85.64,Email,Mobile,North East,1,2024-04,2024-04-11
O0001344,C00495,2024-04-22,2024,4,Q2,Beauty,1,27.47,0.1,24.72,Email,Mobile,North East,1,2024-04,2024-04-22
O0001345,C00496,2024-11-28,2024,11,Q4,Home & Garden,2,116.17,0.0,232.34,Paid Search,Mobile,Scotland,0,2024-11,2024-11-28
O0001346,C00496,2024-12-21,2024,12,Q4,Home & Garden,1,144.03,0.0,144.03,Paid Search,Mobile,Scotland,1,2024-12,2024-12-21
O0001347,C00497,2023-03-24,2023,3,Q1,Books,1,23.49,0.19,19.03,Direct,Desktop,South East,0,2023-03,2023-03-24
O0001348,C00497,2024-05-17,2024,5,Q2,Books,1,14.81,0.0,14.81,Direct,Desktop,South East,1,2024-05,2024-05-17
O0001349,C00497,2024-09-05,2024,9,Q3,Clothing,2,54.69,0.1,98.44,Direct,Desktop,South East,1,2024-09,2024-09-05
O0001350,C00498,2024-03-13,2024,3,Q1,Clothing,4,71.01,0.0,284.02,Direct,Mobile,North East,0,2024-03,2024-03-13
O0001351,C00499,2024-09-11,2024,9,Q3,Beauty,1,61.39,0.23,47.27,Email,Mobile,North West,0,2024-09,2024-09-11
O0001352,C00499,2024-09-26,2024,9,Q3,Home & Garden,1,67.21,0.0,67.21,Email,Mobile,North West,1,2024-09,2024-09-26
O0001353,C00499,2024-11-02,2024,11,Q4,Home & Garden,2,106.29,0.0,212.57,Email,Mobile,North West,1,2024-11,2024-11-02
O0001354,C00499,2024-11-18,2024,11,Q4,Home & Garden,2,84.27,0.0,168.54,Email,Mobile,North West,1,2024-11,2024-11-18
O0001355,C00500,2023-02-02,2023,2,Q1,Clothing,3,58.0,0.23,133.97,Organic Search,Mobile,Yorkshire,0,2023-02,2023-02-02
O0001356,C00500,2024-10-30,2024,10,Q4,Beauty,4,43.81,0.0,175.23,Organic Search,Mobile,Yorkshire,1,2024-10,2024-10-30
O0001357,C00501,2023-09-13,2023,9,Q3,Home & Garden,3,25.42,0.21,60.24,Paid Search,Mobile,Wales,0,2023-09,2023-09-13
O0001358,C00501,2024-01-30,2024,1,Q1,Home & Garden,2,98.02,0.0,196.03,Paid Search,Mobile,Wales,1,2024-01,2024-01-30
O0001359,C00502,2024-06-09,2024,6,Q2,Clothing,1,78.41,0.0,78.41,Social Media,Mobile,Yorkshire,0,2024-06,2024-06-09
O0001360,C00502,2024-06-17,2024,6,Q2,Clothing,3,85.28,0.09,232.81,Social Media,Mobile,Yorkshire,1,2024-06,2024-06-17
O0001361,C00502,2024-06-24,2024,6,Q2,Clothing,3,35.35,0.24,80.59,Social Media,Mobile,Yorkshire,1,2024-06,2024-06-24
O0001362,C00502,2024-07-25,2024,7,Q3,Clothing,1,69.51,0.0,69.51,Social Media,Mobile,Yorkshire,1,2024-07,2024-07-25
O0001363,C00502,2024-11-21,2024,11,Q4,Clothing,3,85.5,0.18,210.34,Social Media,Mobile,Yorkshire,1,2024-11,2024-11-21
O0001364,C00503,2023-07-28,2023,7,Q3,Beauty,3,39.55,0.23,91.37,Social Media,Desktop,South West,0,2023-07,2023-07-28
O0001365,C00503,2023-09-22,2023,9,Q3,Clothing,2,84.91,0.1,152.84,Social Media,Desktop,South West,1,2023-09,2023-09-22
O0001366,C00503,2023-11-02,2023,11,Q4,Beauty,3,46.07,0.0,138.2,Social Media,Desktop,South West,1,2023-11,2023-11-02
O0001367,C00503,2024-11-10,2024,11,Q4,Electronics,3,158.04,0.0,474.11,Social Media,Desktop,South West,1,2024-11,2024-11-10
O0001368,C00503,2024-12-20,2024,12,Q4,Clothing,3,53.67,0.0,161.02,Social Media,Desktop,South West,1,2024-12,2024-12-20
O0001369,C00504,2024-12-07,2024,12,Q4,Books,2,30.86,0.0,61.72,Organic Search,Mobile,North East,0,2024-12,2024-12-07
O0001370,C00504,2024-12-10,2024,12,Q4,Electronics,2,237.78,0.15,404.22,Organic Search,Mobile,North East,1,2024-12,2024-12-10
O0001371,C00505,2024-03-09,2024,3,Q1,Home & Garden,1,12.8,0.0,12.8,Email,Mobile,South East,0,2024-03,2024-03-09
O0001372,C00505,2024-08-22,2024,8,Q3,Home & Garden,4,10.29,0.06,38.69,Email,Mobile,South East,1,2024-08,2024-08-22
O0001373,C00506,2021-04-12,2021,4,Q2,Sports,2,47.14,0.23,72.6,Social Media,Mobile,Yorkshire,0,2021-04,2021-04-12
O0001374,C00506,2022-01-29,2022,1,Q1,Home & Garden,3,81.86,0.0,245.58,Social Media,Mobile,Yorkshire,1,2022-01,2022-01-29
O0001375,C00506,2023-05-25,2023,5,Q2,Home & Garden,3,101.3,0.0,303.91,Social Media,Mobile,Yorkshire,1,2023-05,2023-05-25
O0001376,C00506,2023-10-27,2023,10,Q4,Clothing,3,64.6,0.05,184.1,Social Media,Mobile,Yorkshire,1,2023-10,2023-10-27
O0001377,C00506,2024-02-10,2024,2,Q1,Home & Garden,1,37.46,0.0,37.46,Social Media,Mobile,Yorkshire,1,2024-02,2024-02-10
O0001378,C00507,2024-07-16,2024,7,Q3,Toys,3,29.05,0.0,87.15,Organic Search,Mobile,Midlands,0,2024-07,2024-07-16
O0001379,C00507,2024-07-28,2024,7,Q3,Toys,3,37.95,0.11,101.34,Organic Search,Mobile,Midlands,1,2024-07,2024-07-28
O0001380,C00507,2024-11-22,2024,11,Q4,Home & Garden,1,169.49,0.15,144.07,Organic Search,Mobile,Midlands,1,2024-11,2024-11-22
O0001381,C00507,2024-12-29,2024,12,Q4,Toys,2,32.81,0.09,59.71,Organic Search,Mobile,Midlands,1,2024-12,2024-12-29
O0001382,C00508,2023-08-04,2023,8,Q3,Home & Garden,2,70.12,0.0,140.24,Organic Search,Mobile,South West,0,2023-08,2023-08-04
O0001383,C00508,2024-01-09,2024,1,Q1,Home & Garden,4,81.01,0.14,278.68,Organic Search,Mobile,South West,1,2024-01,2024-01-09
O0001384,C00508,2024-11-23,2024,11,Q4,Home & Garden,1,85.46,0.0,85.46,Organic Search,Mobile,South West,1,2024-11,2024-11-23
O0001385,C00509,2023-03-31,2023,3,Q1,Home & Garden,2,39.18,0.0,78.35,Paid Search,Desktop,London,0,2023-03,2023-03-31
O0001386,C00509,2023-05-03,2023,5,Q2,Home & Garden,4,98.89,0.0,395.55,Paid Search,Desktop,London,1,2023-05,2023-05-03
O0001387,C00509,2023-05-26,2023,5,Q2,Toys,2,31.71,0.0,63.41,Paid Search,Desktop,London,1,2023-05,2023-05-26
O0001388,C00509,2023-06-18,2023,6,Q2,Clothing,1,82.39,0.0,82.39,Paid Search,Desktop,London,1,2023-06,2023-06-18
O0001389,C00509,2023-09-11,2023,9,Q3,Home & Garden,3,96.2,0.0,288.61,Paid Search,Desktop,London,1,2023-09,2023-09-11
O0001390,C00509,2024-08-24,2024,8,Q3,Beauty,2,47.46,0.23,73.09,Paid Search,Desktop,London,1,2024-08,2024-08-24
O0001391,C00509,2024-11-19,2024,11,Q4,Home & Garden,3,125.21,0.0,375.62,Paid Search,Desktop,London,1,2024-11,2024-11-19
O0001392,C00510,2024-08-28,2024,8,Q3,Beauty,1,22.19,0.08,20.41,Organic Search,Desktop,London,0,2024-08,2024-08-28
O0001393,C00510,2024-09-04,2024,9,Q3,Beauty,4,34.85,0.19,112.91,Organic Search,Desktop,London,1,2024-09,2024-09-04
O0001394,C00510,2024-09-25,2024,9,Q3,Beauty,4,50.09,0.0,200.37,Organic Search,Desktop,London,1,2024-09,2024-09-25
O0001395,C00510,2024-10-03,2024,10,Q4,Beauty,3,36.33,0.05,103.54,Organic Search,Desktop,London,1,2024-10,2024-10-03
O0001396,C00510,2024-10-22,2024,10,Q4,Beauty,2,33.72,0.0,67.43,Organic Search,Desktop,London,1,2024-10,2024-10-22
O0001397,C00511,2021-08-24,2021,8,Q3,Electronics,3,131.2,0.18,322.75,Direct,Mobile,London,0,2021-08,2021-08-24
O0001398,C00511,2024-02-08,2024,2,Q1,Clothing,3,52.97,0.0,158.92,Direct,Mobile,London,1,2024-02,2024-02-08
O0001399,C00512,2021-11-07,2021,11,Q4,Electronics,3,146.77,0.0,440.32,Paid Search,Desktop,North East,0,2021-11,2021-11-07
O0001400,C00512,2023-12-04,2023,12,Q4,Electronics,1,294.67,0.0,294.67,Paid Search,Desktop,North East,1,2023-12,2023-12-04
O0001401,C00513,2024-01-13,2024,1,Q1,Home & Garden,4,22.89,0.0,91.55,Paid Search,Desktop,North West,0,2024-01,2024-01-13
O0001402,C00514,2023-03-27,2023,3,Q1,Clothing,4,61.37,0.0,245.47,Paid Search,Tablet,Scotland,0,2023-03,2023-03-27
O0001403,C00514,2023-12-25,2023,12,Q4,Home & Garden,4,131.65,0.0,526.59,Paid Search,Tablet,Scotland,1,2023-12,2023-12-25
O0001404,C00515,2021-10-26,2021,10,Q4,Clothing,1,89.31,0.0,89.31,Paid Search,Tablet,South West,0,2021-10,2021-10-26
O0001405,C00515,2023-02-06,2023,2,Q1,Clothing,4,16.96,0.1,61.06,Paid Search,Tablet,South West,1,2023-02,2023-02-06
O0001406,C00515,2023-04-08,2023,4,Q2,Clothing,2,48.76,0.0,97.52,Paid Search,Tablet,South West,1,2023-04,2023-04-08
O0001407,C00516,2022-09-27,2022,9,Q3,Sports,4,63.68,0.0,254.71,Organic Search,Mobile,South West,0,2022-09,2022-09-27
O0001408,C00516,2024-05-18,2024,5,Q2,Home & Garden,4,109.03,0.0,436.11,Organic Search,Mobile,South West,1,2024-05,2024-05-18
O0001409,C00516,2024-12-28,2024,12,Q4,Home & Garden,3,121.32,0.0,363.97,Organic Search,Mobile,South West,1,2024-12,2024-12-28
O0001410,C00517,2023-02-01,2023,2,Q1,Clothing,4,21.38,0.0,85.53,Email,Desktop,Yorkshire,0,2023-02,2023-02-01
O0001411,C00517,2023-08-17,2023,8,Q3,Clothing,4,32.73,0.0,130.9,Email,Desktop,Yorkshire,1,2023-08,2023-08-17
O0001412,C00517,2024-08-15,2024,8,Q3,Clothing,3,62.51,0.16,157.53,Email,Desktop,Yorkshire,1,2024-08,2024-08-15
O0001413,C00517,2024-09-08,2024,9,Q3,Clothing,3,72.57,0.01,215.52,Email,Desktop,Yorkshire,1,2024-09,2024-09-08
O0001414,C00517,2024-12-01,2024,12,Q4,Clothing,4,76.5,0.0,306.01,Email,Desktop,Yorkshire,1,2024-12,2024-12-01
O0001415,C00518,2024-04-13,2024,4,Q2,Beauty,3,40.57,0.0,121.72,Paid Search,Mobile,London,0,2024-04,2024-04-13
O0001416,C00518,2024-06-05,2024,6,Q2,Beauty,4,40.6,0.0,162.39,Paid Search,Mobile,London,1,2024-06,2024-06-05
O0001417,C00518,2024-07-21,2024,7,Q3,Beauty,3,12.36,0.0,37.09,Paid Search,Mobile,London,1,2024-07,2024-07-21
O0001418,C00518,2024-09-04,2024,9,Q3,Beauty,2,51.08,0.0,102.15,Paid Search,Mobile,London,1,2024-09,2024-09-04
O0001419,C00518,2024-09-08,2024,9,Q3,Sports,3,57.09,0.0,171.27,Paid Search,Mobile,London,1,2024-09,2024-09-08
O0001420,C00518,2024-09-22,2024,9,Q3,Beauty,2,31.74,0.0,63.49,Paid Search,Mobile,London,1,2024-09,2024-09-22
O0001421,C00518,2024-10-06,2024,10,Q4,Beauty,1,38.78,0.0,38.78,Paid Search,Mobile,London,1,2024-10,2024-10-06
O0001422,C00518,2024-10-11,2024,10,Q4,Clothing,3,42.18,0.0,126.53,Paid Search,Mobile,London,1,2024-10,2024-10-11
O0001423,C00518,2024-10-25,2024,10,Q4,Clothing,1,62.05,0.09,56.46,Paid Search,Mobile,London,1,2024-10,2024-10-25
O0001424,C00519,2024-11-11,2024,11,Q4,Clothing,4,96.37,0.0,385.49,Organic Search,Mobile,North West,0,2024-11,2024-11-11
O0001425,C00520,2024-04-02,2024,4,Q2,Home & Garden,2,85.47,0.02,167.53,Organic Search,Mobile,London,0,2024-04,2024-04-02
O0001426,C00521,2023-09-10,2023,9,Q3,Toys,2,49.58,0.0,99.16,Email,Mobile,South West,0,2023-09,2023-09-10
O0001427,C00521,2024-05-09,2024,5,Q2,Toys,1,25.43,0.03,24.67,Email,Mobile,South West,1,2024-05,2024-05-09
O0001428,C00522,2021-10-06,2021,10,Q4,Clothing,1,84.16,0.0,84.16,Social Media,Tablet,South East,0,2021-10,2021-10-06
O0001429,C00522,2023-09-26,2023,9,Q3,Clothing,2,24.89,0.0,49.78,Social Media,Tablet,South East,1,2023-09,2023-09-26
O0001430,C00523,2024-06-21,2024,6,Q2,Electronics,3,101.34,0.0,304.03,Social Media,Mobile,Yorkshire,0,2024-06,2024-06-21
O0001431,C00524,2024-09-26,2024,9,Q3,Electronics,3,130.47,0.0,391.42,Direct,Mobile,Scotland,0,2024-09,2024-09-26
O0001432,C00524,2024-12-29,2024,12,Q4,Sports,4,91.24,0.0,364.95,Direct,Mobile,Scotland,1,2024-12,2024-12-29
O0001433,C00525,2022-03-09,2022,3,Q1,Electronics,4,115.11,0.0,460.45,Organic Search,Tablet,Yorkshire,0,2022-03,2022-03-09
O0001434,C00525,2022-06-01,2022,6,Q2,Clothing,4,51.11,0.0,204.46,Organic Search,Tablet,Yorkshire,1,2022-06,2022-06-01
O0001435,C00525,2022-09-26,2022,9,Q3,Beauty,4,28.9,0.05,109.81,Organic Search,Tablet,Yorkshire,1,2022-09,2022-09-26
O0001436,C00525,2023-06-23,2023,6,Q2,Home & Garden,4,112.8,0.0,451.2,Organic Search,Tablet,Yorkshire,1,2023-06,2023-06-23
O0001437,C00525,2023-07-23,2023,7,Q3,Clothing,3,94.49,0.0,283.46,Organic Search,Tablet,Yorkshire,1,2023-07,2023-07-23
O0001438,C00525,2024-02-02,2024,2,Q1,Clothing,3,51.82,0.2,124.37,Organic Search,Tablet,Yorkshire,1,2024-02,2024-02-02
O0001439,C00525,2024-11-14,2024,11,Q4,Clothing,1,37.87,0.0,37.87,Organic Search,Tablet,Yorkshire,1,2024-11,2024-11-14
O0001440,C00528,2023-11-19,2023,11,Q4,Clothing,3,48.29,0.18,118.79,Social Media,Mobile,South East,0,2023-11,2023-11-19
O0001441,C00528,2024-06-14,2024,6,Q2,Electronics,2,208.5,0.0,417.0,Social Media,Mobile,South East,1,2024-06,2024-06-14
O0001442,C00528,2024-10-12,2024,10,Q4,Electronics,1,102.35,0.17,84.95,Social Media,Mobile,South East,1,2024-10,2024-10-12
O0001443,C00528,2024-11-13,2024,11,Q4,Electronics,2,245.38,0.0,490.76,Social Media,Mobile,South East,1,2024-11,2024-11-13
O0001444,C00529,2024-11-19,2024,11,Q4,Sports,4,81.7,0.0,326.81,Paid Search,Mobile,Yorkshire,0,2024-11,2024-11-19
O0001445,C00529,2024-12-03,2024,12,Q4,Sports,1,96.12,0.0,96.12,Paid Search,Mobile,Yorkshire,1,2024-12,2024-12-03
O0001446,C00529,2024-12-06,2024,12,Q4,Sports,3,104.96,0.0,314.87,Paid Search,Mobile,Yorkshire,1,2024-12,2024-12-06
O0001447,C00530,2023-05-13,2023,5,Q2,Clothing,2,66.83,0.0,133.67,Paid Search,Mobile,South East,0,2023-05,2023-05-13
O0001448,C00530,2024-10-07,2024,10,Q4,Clothing,2,92.82,0.0,185.63,Paid Search,Mobile,South East,1,2024-10,2024-10-07
O0001449,C00531,2024-04-27,2024,4,Q2,Electronics,4,132.57,0.18,434.82,Social Media,Mobile,South East,0,2024-04,2024-04-27
O0001450,C00531,2024-10-11,2024,10,Q4,Beauty,2,47.9,0.22,74.73,Social Media,Mobile,South East,1,2024-10,2024-10-11
O0001451,C00531,2024-10-30,2024,10,Q4,Electronics,1,177.8,0.0,177.8,Social Media,Mobile,South East,1,2024-10,2024-10-30
O0001452,C00531,2024-12-24,2024,12,Q4,Toys,4,53.32,0.0,213.27,Social Media,Mobile,South East,1,2024-12,2024-12-24
O0001453,C00532,2024-07-10,2024,7,Q3,Clothing,4,25.65,0.0,102.59,Social Media,Desktop,South West,0,2024-07,2024-07-10
O0001454,C00533,2024-08-19,2024,8,Q3,Books,2,13.32,0.15,22.64,Direct,Mobile,North East,0,2024-08,2024-08-19
O0001455,C00535,2022-03-01,2022,3,Q1,Clothing,1,69.04,0.0,69.04,Organic Search,Tablet,London,0,2022-03,2022-03-01
O0001456,C00535,2022-08-05,2022,8,Q3,Clothing,1,45.68,0.0,45.68,Organic Search,Tablet,London,1,2022-08,2022-08-05
O0001457,C00536,2024-10-02,2024,10,Q4,Books,4,21.18,0.25,63.54,Paid Search,Tablet,Scotland,0,2024-10,2024-10-02
O0001458,C00537,2024-04-25,2024,4,Q2,Clothing,2,61.27,0.0,122.54,Organic Search,Mobile,Midlands,0,2024-04,2024-04-25
O0001459,C00537,2024-09-29,2024,9,Q3,Clothing,4,33.72,0.0,134.87,Organic Search,Mobile,Midlands,1,2024-09,2024-09-29
O0001460,C00537,2024-11-28,2024,11,Q4,Clothing,3,107.74,0.02,316.75,Organic Search,Mobile,Midlands,1,2024-11,2024-11-28
O0001461,C00537,2024-12-25,2024,12,Q4,Clothing,3,99.43,0.05,283.37,Organic Search,Mobile,Midlands,1,2024-12,2024-12-25
O0001462,C00538,2023-07-07,2023,7,Q3,Electronics,4,131.83,0.0,527.31,Email,Mobile,Midlands,0,2023-07,2023-07-07
O0001463,C00538,2024-10-29,2024,10,Q4,Electronics,4,143.51,0.0,574.05,Email,Mobile,Midlands,1,2024-10,2024-10-29
O0001464,C00539,2024-02-06,2024,2,Q1,Beauty,1,34.28,0.0,34.28,Email,Desktop,London,0,2024-02,2024-02-06
O0001465,C00539,2024-03-12,2024,3,Q1,Beauty,1,29.99,0.23,23.09,Email,Desktop,London,1,2024-03,2024-03-12
O0001466,C00539,2024-09-29,2024,9,Q3,Clothing,4,43.55,0.0,174.21,Email,Desktop,London,1,2024-09,2024-09-29
O0001467,C00539,2024-11-28,2024,11,Q4,Beauty,4,52.81,0.0,211.24,Email,Desktop,London,1,2024-11,2024-11-28
O0001468,C00540,2024-10-01,2024,10,Q4,Home & Garden,1,39.53,0.16,33.2,Email,Mobile,South East,0,2024-10,2024-10-01
O0001469,C00540,2024-10-26,2024,10,Q4,Clothing,2,48.24,0.08,88.76,Email,Mobile,South East,1,2024-10,2024-10-26
O0001470,C00540,2024-11-01,2024,11,Q4,Toys,1,38.5,0.06,36.19,Email,Mobile,South East,1,2024-11,2024-11-01
O0001471,C00540,2024-11-13,2024,11,Q4,Home & Garden,1,98.84,0.09,89.94,Email,Mobile,South East,1,2024-11,2024-11-13
O0001472,C00540,2024-12-17,2024,12,Q4,Home & Garden,3,95.43,0.22,223.3,Email,Mobile,South East,1,2024-12,2024-12-17
O0001473,C00540,2024-12-21,2024,12,Q4,Clothing,3,111.31,0.21,263.79,Email,Mobile,South East,1,2024-12,2024-12-21
O0001474,C00541,2023-05-10,2023,5,Q2,Clothing,4,68.0,0.03,263.84,Paid Search,Mobile,London,0,2023-05,2023-05-10
O0001475,C00541,2024-04-18,2024,4,Q2,Clothing,2,55.04,0.0,110.08,Paid Search,Mobile,London,1,2024-04,2024-04-18
O0001476,C00542,2024-08-18,2024,8,Q3,Clothing,3,74.05,0.0,222.15,Direct,Tablet,South East,0,2024-08,2024-08-18
O0001477,C00542,2024-09-05,2024,9,Q3,Home & Garden,3,106.32,0.0,318.96,Direct,Tablet,South East,1,2024-09,2024-09-05
O0001478,C00542,2024-12-09,2024,12,Q4,Home & Garden,2,108.42,0.0,216.83,Direct,Tablet,South East,1,2024-12,2024-12-09
O0001479,C00543,2024-09-15,2024,9,Q3,Electronics,2,100.8,0.0,201.59,Paid Search,Desktop,Yorkshire,0,2024-09,2024-09-15
O0001480,C00544,2023-09-06,2023,9,Q3,Clothing,2,61.11,0.0,122.22,Direct,Mobile,South West,0,2023-09,2023-09-06
O0001481,C00545,2024-05-27,2024,5,Q2,Home & Garden,3,112.62,0.0,337.87,Paid Search,Mobile,South East,0,2024-05,2024-05-27
O0001482,C00545,2024-07-18,2024,7,Q3,Home & Garden,1,46.8,0.05,44.46,Paid Search,Mobile,South East,1,2024-07,2024-07-18
O0001483,C00545,2024-12-03,2024,12,Q4,Sports,1,120.09,0.0,120.09,Paid Search,Mobile,South East,1,2024-12,2024-12-03
O0001484,C00546,2023-12-03,2023,12,Q4,Sports,4,93.88,0.0,375.5,Email,Mobile,London,0,2023-12,2023-12-03
O0001485,C00546,2024-08-27,2024,8,Q3,Sports,3,46.72,0.0,140.17,Email,Mobile,London,1,2024-08,2024-08-27
O0001486,C00547,2024-10-28,2024,10,Q4,Beauty,1,43.35,0.0,43.35,Paid Search,Mobile,London,0,2024-10,2024-10-28
O0001487,C00547,2024-12-15,2024,12,Q4,Clothing,4,98.24,0.16,330.08,Paid Search,Mobile,London,1,2024-12,2024-12-15
O0001488,C00549,2023-11-07,2023,11,Q4,Home & Garden,3,47.23,0.08,130.36,Social Media,Mobile,London,0,2023-11,2023-11-07
O0001489,C00550,2024-09-30,2024,9,Q3,Clothing,2,56.42,0.0,112.85,Social Media,Mobile,South East,0,2024-09,2024-09-30
O0001490,C00550,2024-10-08,2024,10,Q4,Clothing,4,94.43,0.23,290.86,Social Media,Mobile,South East,1,2024-10,2024-10-08
O0001491,C00551,2024-11-29,2024,11,Q4,Clothing,1,77.73,0.0,77.73,Referral,Desktop,London,0,2024-11,2024-11-29
O0001492,C00551,2024-12-10,2024,12,Q4,Electronics,3,176.67,0.0,530.02,Referral,Desktop,London,1,2024-12,2024-12-10
O0001493,C00552,2021-10-28,2021,10,Q4,Home & Garden,1,80.21,0.19,64.97,Organic Search,Desktop,South East,0,2021-10,2021-10-28
O0001494,C00552,2022-12-10,2022,12,Q4,Clothing,1,82.38,0.09,74.97,Organic Search,Desktop,South East,1,2022-12,2022-12-10
O0001495,C00552,2023-11-01,2023,11,Q4,Home & Garden,3,110.49,0.03,321.52,Organic Search,Desktop,South East,1,2023-11,2023-11-01
O0001496,C00556,2023-07-19,2023,7,Q3,Toys,2,24.75,0.16,41.57,Email,Mobile,London,0,2023-07,2023-07-19
O0001497,C00556,2023-08-28,2023,8,Q3,Toys,3,23.54,0.14,60.75,Email,Mobile,London,1,2023-08,2023-08-28
O0001498,C00556,2024-07-15,2024,7,Q3,Toys,3,28.87,0.03,84.01,Email,Mobile,London,1,2024-07,2024-07-15
O0001499,C00556,2024-07-22,2024,7,Q3,Toys,1,18.77,0.0,18.77,Email,Mobile,London,1,2024-07,2024-07-22
O0001500,C00556,2024-12-18,2024,12,Q4,Toys,4,56.34,0.11,200.58,Email,Mobile,London,1,2024-12,2024-12-18
O0001501,C00557,2023-05-04,2023,5,Q2,Home & Garden,2,83.08,0.0,166.16,Organic Search,Desktop,London,0,2023-05,2023-05-04
O0001502,C00557,2023-09-12,2023,9,Q3,Home & Garden,2,52.77,0.19,85.49,Organic Search,Desktop,London,1,2023-09,2023-09-12
O0001503,C00557,2023-10-06,2023,10,Q4,Home & Garden,1,65.1,0.0,65.1,Organic Search,Desktop,London,1,2023-10,2023-10-06
O0001504,C00557,2023-12-19,2023,12,Q4,Home & Garden,4,106.5,0.0,426.0,Organic Search,Desktop,London,1,2023-12,2023-12-19
O0001505,C00557,2024-01-01,2024,1,Q1,Clothing,3,61.26,0.16,154.38,Organic Search,Desktop,London,1,2024-01,2024-01-01
O0001506,C00557,2024-01-31,2024,1,Q1,Books,2,27.97,0.0,55.93,Organic Search,Desktop,London,1,2024-01,2024-01-31
O0001507,C00557,2024-03-23,2024,3,Q1,Home & Garden,3,66.5,0.0,199.5,Organic Search,Desktop,London,1,2024-03,2024-03-23
O0001508,C00557,2024-08-26,2024,8,Q3,Home & Garden,4,45.55,0.14,156.71,Organic Search,Desktop,London,1,2024-08,2024-08-26
O0001509,C00557,2024-09-15,2024,9,Q3,Books,2,35.48,0.0,70.96,Organic Search,Desktop,London,1,2024-09,2024-09-15
O0001510,C00559,2024-07-31,2024,7,Q3,Electronics,3,124.95,0.0,374.85,Paid Search,Desktop,Scotland,0,2024-07,2024-07-31
O0001511,C00559,2024-10-04,2024,10,Q4,Home & Garden,2,77.57,0.04,148.94,Paid Search,Desktop,Scotland,1,2024-10,2024-10-04
O0001512,C00560,2022-04-18,2022,4,Q2,Electronics,2,49.62,0.0,99.24,Organic Search,Mobile,South East,0,2022-04,2022-04-18
O0001513,C00560,2022-06-15,2022,6,Q2,Sports,4,55.65,0.0,222.58,Organic Search,Mobile,South East,1,2022-06,2022-06-15
O0001514,C00560,2023-01-01,2023,1,Q1,Home & Garden,4,41.79,0.0,167.16,Organic Search,Mobile,South East,1,2023-01,2023-01-01
O0001515,C00560,2023-09-09,2023,9,Q3,Electronics,2,138.08,0.0,276.17,Organic Search,Mobile,South East,1,2023-09,2023-09-09
O0001516,C00560,2023-12-02,2023,12,Q4,Electronics,3,181.56,0.0,544.68,Organic Search,Mobile,South East,1,2023-12,2023-12-02
O0001517,C00561,2023-05-12,2023,5,Q2,Clothing,4,57.3,0.0,229.2,Email,Tablet,London,0,2023-05,2023-05-12
O0001518,C00561,2024-11-21,2024,11,Q4,Clothing,2,69.51,0.02,136.24,Email,Tablet,London,1,2024-11,2024-11-21
O0001519,C00562,2024-02-27,2024,2,Q1,Clothing,1,53.7,0.1,48.33,Email,Desktop,London,0,2024-02,2024-02-27
O0001520,C00562,2024-06-05,2024,6,Q2,Electronics,2,198.3,0.25,297.45,Email,Desktop,London,1,2024-06,2024-06-05
O0001521,C00562,2024-08-29,2024,8,Q3,Electronics,1,96.26,0.0,96.26,Email,Desktop,London,1,2024-08,2024-08-29
O0001522,C00563,2024-11-29,2024,11,Q4,Electronics,1,216.67,0.0,216.67,Email,Desktop,Scotland,0,2024-11,2024-11-29
O0001523,C00564,2023-03-01,2023,3,Q1,Clothing,4,68.82,0.0,275.28,Organic Search,Desktop,London,0,2023-03,2023-03-01
O0001524,C00564,2024-07-24,2024,7,Q3,Clothing,2,43.82,0.0,87.63,Organic Search,Desktop,London,1,2024-07,2024-07-24
O0001525,C00565,2022-11-21,2022,11,Q4,Home & Garden,4,121.82,0.16,409.31,Organic Search,Mobile,Wales,0,2022-11,2022-11-21
O0001526,C00565,2022-12-19,2022,12,Q4,Home & Garden,1,154.14,0.0,154.14,Organic Search,Mobile,Wales,1,2022-12,2022-12-19
O0001527,C00565,2024-09-01,2024,9,Q3,Home & Garden,3,82.41,0.0,247.23,Organic Search,Mobile,Wales,1,2024-09,2024-09-01
O0001528,C00565,2024-09-18,2024,9,Q3,Electronics,3,118.83,0.0,356.48,Organic Search,Mobile,Wales,1,2024-09,2024-09-18
O0001529,C00566,2024-04-06,2024,4,Q2,Sports,1,34.49,0.0,34.49,Organic Search,Mobile,Midlands,0,2024-04,2024-04-06
O0001530,C00567,2023-07-30,2023,7,Q3,Toys,2,32.31,0.0,64.62,Organic Search,Tablet,Wales,0,2023-07,2023-07-30
O0001531,C00567,2023-08-06,2023,8,Q3,Electronics,1,94.15,0.0,94.15,Organic Search,Tablet,Wales,1,2023-08,2023-08-06
O0001532,C00567,2023-09-29,2023,9,Q3,Electronics,4,125.68,0.07,467.54,Organic Search,Tablet,Wales,1,2023-09,2023-09-29
O0001533,C00567,2024-02-07,2024,2,Q1,Electronics,2,93.04,0.0,186.09,Organic Search,Tablet,Wales,1,2024-02,2024-02-07
O0001534,C00567,2024-06-05,2024,6,Q2,Electronics,2,69.56,0.0,139.12,Organic Search,Tablet,Wales,1,2024-06,2024-06-05
O0001535,C00568,2024-08-09,2024,8,Q3,Clothing,4,20.43,0.0,81.72,Email,Mobile,London,0,2024-08,2024-08-09
O0001536,C00568,2024-08-10,2024,8,Q3,Toys,2,7.69,0.0,15.37,Email,Mobile,London,1,2024-08,2024-08-10
O0001537,C00568,2024-08-10,2024,8,Q3,Toys,2,61.05,0.15,103.79,Email,Mobile,London,1,2024-08,2024-08-10
O0001538,C00568,2024-12-24,2024,12,Q4,Toys,4,65.14,0.0,260.58,Email,Mobile,London,1,2024-12,2024-12-24
O0001539,C00568,2024-12-29,2024,12,Q4,Beauty,1,70.35,0.0,70.35,Email,Mobile,London,1,2024-12,2024-12-29
O0001540,C00569,2024-03-31,2024,3,Q1,Clothing,3,71.67,0.0,215.01,Social Media,Desktop,North West,0,2024-03,2024-03-31
O0001541,C00569,2024-04-07,2024,4,Q2,Beauty,3,12.03,0.0,36.09,Social Media,Desktop,North West,1,2024-04,2024-04-07
O0001542,C00569,2024-11-18,2024,11,Q4,Electronics,4,236.17,0.13,821.87,Social Media,Desktop,North West,1,2024-11,2024-11-18
O0001543,C00570,2021-01-23,2021,1,Q1,Sports,3,32.37,0.0,97.12,Email,Mobile,London,0,2021-01,2021-01-23
O0001544,C00570,2021-08-23,2021,8,Q3,Clothing,3,41.63,0.0,124.88,Email,Mobile,London,1,2021-08,2021-08-23
O0001545,C00570,2022-03-08,2022,3,Q1,Sports,2,79.64,0.1,143.34,Email,Mobile,London,1,2022-03,2022-03-08
O0001546,C00570,2022-04-16,2022,4,Q2,Sports,2,22.47,0.09,40.89,Email,Mobile,London,1,2022-04,2022-04-16
O0001547,C00570,2023-01-01,2023,1,Q1,Sports,3,55.18,0.05,157.27,Email,Mobile,London,1,2023-01,2023-01-01
O0001548,C00570,2023-06-27,2023,6,Q2,Sports,2,34.66,0.0,69.31,Email,Mobile,London,1,2023-06,2023-06-27
O0001549,C00570,2024-06-30,2024,6,Q2,Electronics,2,129.88,0.0,259.75,Email,Mobile,London,1,2024-06,2024-06-30
O0001550,C00571,2023-09-04,2023,9,Q3,Electronics,4,164.64,0.0,658.56,Paid Search,Desktop,South East,0,2023-09,2023-09-04
O0001551,C00571,2024-06-10,2024,6,Q2,Books,4,17.45,0.15,59.32,Paid Search,Desktop,South East,1,2024-06,2024-06-10
O0001552,C00572,2024-03-13,2024,3,Q1,Beauty,3,16.57,0.0,49.71,Organic Search,Tablet,Wales,0,2024-03,2024-03-13
O0001553,C00572,2024-07-01,2024,7,Q3,Home & Garden,2,21.64,0.02,42.41,Organic Search,Tablet,Wales,1,2024-07,2024-07-01
O0001554,C00574,2024-12-07,2024,12,Q4,Home & Garden,2,151.48,0.14,260.54,Paid Search,Mobile,London,0,2024-12,2024-12-07
O0001555,C00575,2023-10-30,2023,10,Q4,Clothing,4,59.8,0.0,239.19,Organic Search,Desktop,South West,0,2023-10,2023-10-30
O0001556,C00575,2024-08-10,2024,8,Q3,Books,1,6.61,0.22,5.16,Organic Search,Desktop,South West,1,2024-08,2024-08-10
O0001557,C00575,2024-12-09,2024,12,Q4,Books,2,33.16,0.09,60.35,Organic Search,Desktop,South West,1,2024-12,2024-12-09
O0001558,C00576,2024-09-08,2024,9,Q3,Electronics,3,180.81,0.0,542.42,Referral,Mobile,Scotland,0,2024-09,2024-09-08
O0001559,C00576,2024-09-12,2024,9,Q3,Books,1,27.83,0.11,24.77,Referral,Mobile,Scotland,1,2024-09,2024-09-12
O0001560,C00576,2024-10-16,2024,10,Q4,Home & Garden,4,86.35,0.0,345.39,Referral,Mobile,Scotland,1,2024-10,2024-10-16
O0001561,C00576,2024-12-07,2024,12,Q4,Beauty,4,49.34,0.11,175.66,Referral,Mobile,Scotland,1,2024-12,2024-12-07
O0001562,C00576,2024-12-09,2024,12,Q4,Beauty,3,71.92,0.0,215.75,Referral,Mobile,Scotland,1,2024-12,2024-12-09
O0001563,C00578,2024-06-10,2024,6,Q2,Home & Garden,2,73.38,0.0,146.76,Paid Search,Desktop,South East,0,2024-06,2024-06-10
O0001564,C00578,2024-06-14,2024,6,Q2,Clothing,4,100.52,0.0,402.07,Paid Search,Desktop,South East,1,2024-06,2024-06-14
O0001565,C00578,2024-10-02,2024,10,Q4,Clothing,3,85.14,0.0,255.43,Paid Search,Desktop,South East,1,2024-10,2024-10-02
O0001566,C00578,2024-10-21,2024,10,Q4,Clothing,1,63.86,0.0,63.86,Paid Search,Desktop,South East,1,2024-10,2024-10-21
O0001567,C00578,2024-11-30,2024,11,Q4,Clothing,3,70.08,0.0,210.23,Paid Search,Desktop,South East,1,2024-11,2024-11-30
O0001568,C00579,2022-07-07,2022,7,Q3,Clothing,4,40.78,0.0,163.12,Social Media,Mobile,South East,0,2022-07,2022-07-07
O0001569,C00579,2022-12-05,2022,12,Q4,Electronics,1,243.92,0.0,243.92,Social Media,Mobile,South East,1,2022-12,2022-12-05
O0001570,C00579,2023-08-28,2023,8,Q3,Electronics,3,98.18,0.01,291.58,Social Media,Mobile,South East,1,2023-08,2023-08-28
O0001571,C00579,2024-02-22,2024,2,Q1,Home & Garden,3,34.22,0.02,100.62,Social Media,Mobile,South East,1,2024-02,2024-02-22
O0001572,C00579,2024-11-27,2024,11,Q4,Electronics,4,185.62,0.08,683.1,Social Media,Mobile,South East,1,2024-11,2024-11-27
O0001573,C00581,2023-02-02,2023,2,Q1,Books,3,9.42,0.0,28.27,Email,Mobile,Scotland,0,2023-02,2023-02-02
O0001574,C00582,2023-01-16,2023,1,Q1,Electronics,1,42.83,0.0,42.83,Organic Search,Desktop,Scotland,0,2023-01,2023-01-16
O0001575,C00582,2023-11-30,2023,11,Q4,Electronics,2,288.14,0.05,547.46,Organic Search,Desktop,Scotland,1,2023-11,2023-11-30
O0001576,C00582,2024-10-27,2024,10,Q4,Electronics,1,139.51,0.0,139.51,Organic Search,Desktop,Scotland,1,2024-10,2024-10-27
O0001577,C00583,2024-06-01,2024,6,Q2,Clothing,4,52.18,0.0,208.71,Organic Search,Mobile,North West,0,2024-06,2024-06-01
O0001578,C00583,2024-07-23,2024,7,Q3,Clothing,4,42.71,0.07,158.88,Organic Search,Mobile,North West,1,2024-07,2024-07-23
O0001579,C00583,2024-09-03,2024,9,Q3,Clothing,2,72.71,0.02,142.51,Organic Search,Mobile,North West,1,2024-09,2024-09-03
O0001580,C00584,2024-11-25,2024,11,Q4,Sports,4,56.38,0.0,225.51,Organic Search,Desktop,South East,0,2024-11,2024-11-25
O0001581,C00585,2024-06-30,2024,6,Q2,Clothing,2,51.55,0.0,103.1,Organic Search,Tablet,North East,0,2024-06,2024-06-30
O0001582,C00585,2024-09-24,2024,9,Q3,Clothing,1,78.54,0.0,78.54,Organic Search,Tablet,North East,1,2024-09,2024-09-24
O0001583,C00585,2024-10-18,2024,10,Q4,Beauty,4,35.93,0.0,143.72,Organic Search,Tablet,North East,1,2024-10,2024-10-18
O0001584,C00586,2023-06-19,2023,6,Q2,Clothing,1,91.47,0.0,91.47,Paid Search,Mobile,North West,0,2023-06,2023-06-19
O0001585,C00586,2023-06-25,2023,6,Q2,Toys,4,44.49,0.0,177.97,Paid Search,Mobile,North West,1,2023-06,2023-06-25
O0001586,C00587,2024-05-18,2024,5,Q2,Clothing,4,13.4,0.0,53.59,Paid Search,Mobile,Midlands,0,2024-05,2024-05-18
O0001587,C00588,2023-12-04,2023,12,Q4,Sports,1,93.65,0.0,93.65,Email,Mobile,North East,0,2023-12,2023-12-04
O0001588,C00588,2024-03-12,2024,3,Q1,Sports,2,53.8,0.0,107.6,Email,Mobile,North East,1,2024-03,2024-03-12
O0001589,C00588,2024-07-29,2024,7,Q3,Beauty,3,34.76,0.0,104.29,Email,Mobile,North East,1,2024-07,2024-07-29
O0001590,C00588,2024-10-30,2024,10,Q4,Sports,1,63.58,0.15,54.04,Email,Mobile,North East,1,2024-10,2024-10-30
O0001591,C00588,2024-11-17,2024,11,Q4,Sports,1,89.83,0.0,89.83,Email,Mobile,North East,1,2024-11,2024-11-17
O0001592,C00589,2024-11-30,2024,11,Q4,Sports,3,83.22,0.15,212.22,Organic Search,Mobile,London,0,2024-11,2024-11-30
O0001593,C00589,2024-12-19,2024,12,Q4,Sports,3,78.9,0.0,236.69,Organic Search,Mobile,London,1,2024-12,2024-12-19
O0001594,C00590,2022-08-12,2022,8,Q3,Electronics,1,122.52,0.0,122.52,Organic Search,Mobile,South East,0,2022-08,2022-08-12
O0001595,C00590,2023-09-07,2023,9,Q3,Electronics,4,216.75,0.0,866.99,Organic Search,Mobile,South East,1,2023-09,2023-09-07
O0001596,C00590,2023-10-12,2023,10,Q4,Books,3,20.36,0.05,58.03,Organic Search,Mobile,South East,1,2023-10,2023-10-12
O0001597,C00590,2023-10-14,2023,10,Q4,Books,1,25.93,0.0,25.93,Organic Search,Mobile,South East,1,2023-10,2023-10-14
O0001598,C00590,2023-12-25,2023,12,Q4,Electronics,1,169.59,0.0,169.59,Organic Search,Mobile,South East,1,2023-12,2023-12-25
O0001599,C00590,2024-05-09,2024,5,Q2,Books,4,13.47,0.0,53.89,Organic Search,Mobile,South East,1,2024-05,2024-05-09
O0001600,C00592,2022-04-22,2022,4,Q2,Clothing,4,77.49,0.08,285.17,Paid Search,Mobile,South West,0,2022-04,2022-04-22
O0001601,C00592,2023-02-12,2023,2,Q1,Clothing,3,84.83,0.0,254.49,Paid Search,Mobile,South West,1,2023-02,2023-02-12
O0001602,C00592,2023-02-15,2023,2,Q1,Clothing,3,98.06,0.08,270.65,Paid Search,Mobile,South West,1,2023-02,2023-02-15
O0001603,C00592,2023-08-04,2023,8,Q3,Clothing,4,59.13,0.12,208.14,Paid Search,Mobile,South West,1,2023-08,2023-08-04
O0001604,C00592,2023-08-29,2023,8,Q3,Clothing,2,31.72,0.1,57.1,Paid Search,Mobile,South West,1,2023-08,2023-08-29
O0001605,C00593,2022-04-21,2022,4,Q2,Clothing,1,52.38,0.0,52.38,Organic Search,Mobile,North East,0,2022-04,2022-04-21
O0001606,C00593,2024-04-18,2024,4,Q2,Clothing,2,47.77,0.14,82.17,Organic Search,Mobile,North East,1,2024-04,2024-04-18
O0001607,C00594,2022-04-21,2022,4,Q2,Electronics,3,147.15,0.0,441.45,Organic Search,Mobile,Scotland,0,2022-04,2022-04-21
O0001608,C00594,2024-05-29,2024,5,Q2,Sports,3,78.07,0.0,234.2,Organic Search,Mobile,Scotland,1,2024-05,2024-05-29
O0001609,C00595,2023-02-12,2023,2,Q1,Clothing,2,49.56,0.0,99.12,Email,Mobile,London,0,2023-02,2023-02-12
O0001610,C00595,2023-03-16,2023,3,Q1,Clothing,1,57.12,0.0,57.12,Email,Mobile,London,1,2023-03,2023-03-16
O0001611,C00595,2023-03-19,2023,3,Q1,Clothing,2,69.7,0.0,139.41,Email,Mobile,London,1,2023-03,2023-03-19
O0001612,C00595,2024-07-19,2024,7,Q3,Clothing,2,48.35,0.0,96.69,Email,Mobile,London,1,2024-07,2024-07-19
O0001613,C00595,2024-09-10,2024,9,Q3,Clothing,2,21.59,0.0,43.18,Email,Mobile,London,1,2024-09,2024-09-10
O0001614,C00596,2024-03-03,2024,3,Q1,Electronics,4,96.66,0.0,386.63,Paid Search,Mobile,Yorkshire,0,2024-03,2024-03-03
O0001615,C00596,2024-09-07,2024,9,Q3,Electronics,2,161.94,0.16,272.06,Paid Search,Mobile,Yorkshire,1,2024-09,2024-09-07
O0001616,C00596,2024-09-22,2024,9,Q3,Electronics,2,169.28,0.0,338.56,Paid Search,Mobile,Yorkshire,1,2024-09,2024-09-22
O0001617,C00596,2024-12-16,2024,12,Q4,Electronics,3,243.75,0.11,650.81,Paid Search,Mobile,Yorkshire,1,2024-12,2024-12-16
O0001618,C00597,2023-11-25,2023,11,Q4,Electronics,4,107.58,0.19,348.57,Social Media,Mobile,Scotland,0,2023-11,2023-11-25
O0001619,C00598,2024-05-20,2024,5,Q2,Home & Garden,4,81.05,0.11,288.55,Organic Search,Desktop,London,0,2024-05,2024-05-20
O0001620,C00599,2021-07-31,2021,7,Q3,Clothing,4,75.12,0.0,300.47,Organic Search,Desktop,South West,0,2021-07,2021-07-31
O0001621,C00599,2022-06-18,2022,6,Q2,Sports,1,52.96,0.21,41.84,Organic Search,Desktop,South West,1,2022-06,2022-06-18
O0001622,C00599,2023-09-19,2023,9,Q3,Sports,3,40.14,0.0,120.43,Organic Search,Desktop,South West,1,2023-09,2023-09-19
O0001623,C00600,2024-01-15,2024,1,Q1,Home & Garden,1,46.64,0.0,46.64,Email,Desktop,South East,0,2024-01,2024-01-15
O0001624,C00600,2024-04-26,2024,4,Q2,Home & Garden,4,60.06,0.24,182.6,Email,Desktop,South East,1,2024-04,2024-04-26
O0001625,C00601,2023-07-15,2023,7,Q3,Clothing,3,76.08,0.18,187.16,Organic Search,Mobile,Midlands,0,2023-07,2023-07-15
O0001626,C00602,2023-02-24,2023,2,Q1,Home & Garden,2,66.67,0.06,125.33,Referral,Desktop,Wales,0,2023-02,2023-02-24
O0001627,C00602,2023-08-14,2023,8,Q3,Clothing,1,54.0,0.0,54.0,Referral,Desktop,Wales,1,2023-08,2023-08-14
O0001628,C00602,2023-12-03,2023,12,Q4,Home & Garden,2,110.87,0.0,221.75,Referral,Desktop,Wales,1,2023-12,2023-12-03
O0001629,C00602,2023-12-05,2023,12,Q4,Home & Garden,4,100.14,0.0,400.56,Referral,Desktop,Wales,1,2023-12,2023-12-05
O0001630,C00602,2024-04-26,2024,4,Q2,Clothing,3,68.99,0.0,206.98,Referral,Desktop,Wales,1,2024-04,2024-04-26
O0001631,C00603,2024-07-29,2024,7,Q3,Electronics,1,198.62,0.0,198.62,Social Media,Mobile,Wales,0,2024-07,2024-07-29
O0001632,C00603,2024-09-15,2024,9,Q3,Home & Garden,2,49.56,0.0,99.12,Social Media,Mobile,Wales,1,2024-09,2024-09-15
O0001633,C00603,2024-09-25,2024,9,Q3,Electronics,1,123.08,0.0,123.08,Social Media,Mobile,Wales,1,2024-09,2024-09-25
O0001634,C00604,2022-10-22,2022,10,Q4,Home & Garden,1,96.33,0.2,77.07,Paid Search,Mobile,London,0,2022-10,2022-10-22
O0001635,C00604,2022-12-24,2022,12,Q4,Clothing,1,63.12,0.0,63.12,Paid Search,Mobile,London,1,2022-12,2022-12-24
O0001636,C00605,2024-09-14,2024,9,Q3,Toys,3,32.26,0.0,96.77,Organic Search,Desktop,Scotland,0,2024-09,2024-09-14
O0001637,C00605,2024-09-22,2024,9,Q3,Clothing,2,57.26,0.04,109.94,Organic Search,Desktop,Scotland,1,2024-09,2024-09-22
O0001638,C00605,2024-09-23,2024,9,Q3,Toys,1,39.84,0.0,39.84,Organic Search,Desktop,Scotland,1,2024-09,2024-09-23
O0001639,C00605,2024-10-04,2024,10,Q4,Electronics,3,203.01,0.15,517.67,Organic Search,Desktop,Scotland,1,2024-10,2024-10-04
O0001640,C00605,2024-11-17,2024,11,Q4,Electronics,3,199.38,0.0,598.14,Organic Search,Desktop,Scotland,1,2024-11,2024-11-17
O0001641,C00606,2024-06-02,2024,6,Q2,Clothing,4,48.23,0.0,192.93,Direct,Mobile,South East,0,2024-06,2024-06-02
O0001642,C00606,2024-10-09,2024,10,Q4,Clothing,1,75.71,0.0,75.71,Direct,Mobile,South East,1,2024-10,2024-10-09
O0001643,C00606,2024-11-09,2024,11,Q4,Clothing,4,63.99,0.16,215.02,Direct,Mobile,South East,1,2024-11,2024-11-09
O0001644,C00606,2024-12-19,2024,12,Q4,Clothing,1,52.97,0.02,51.91,Direct,Mobile,South East,1,2024-12,2024-12-19
O0001645,C00607,2024-05-20,2024,5,Q2,Books,3,17.04,0.0,51.11,Organic Search,Desktop,London,0,2024-05,2024-05-20
O0001646,C00607,2024-08-22,2024,8,Q3,Books,3,31.15,0.0,93.44,Organic Search,Desktop,London,1,2024-08,2024-08-22
O0001647,C00608,2024-09-16,2024,9,Q3,Electronics,3,139.87,0.0,419.61,Organic Search,Mobile,North West,0,2024-09,2024-09-16
O0001648,C00608,2024-11-07,2024,11,Q4,Electronics,1,161.81,0.22,126.21,Organic Search,Mobile,North West,1,2024-11,2024-11-07
O0001649,C00608,2024-11-15,2024,11,Q4,Electronics,2,145.83,0.15,247.91,Organic Search,Mobile,North West,1,2024-11,2024-11-15
O0001650,C00608,2024-11-25,2024,11,Q4,Electronics,4,211.79,0.22,660.8,Organic Search,Mobile,North West,1,2024-11,2024-11-25
O0001651,C00608,2024-12-15,2024,12,Q4,Electronics,4,245.59,0.0,982.35,Organic Search,Mobile,North West,1,2024-12,2024-12-15
O0001652,C00608,2024-12-16,2024,12,Q4,Electronics,2,183.26,0.1,329.87,Organic Search,Mobile,North West,1,2024-12,2024-12-16
O0001653,C00609,2024-07-01,2024,7,Q3,Clothing,3,60.15,0.0,180.45,Organic Search,Desktop,South West,0,2024-07,2024-07-01
O0001654,C00610,2023-06-18,2023,6,Q2,Electronics,4,137.72,0.05,523.35,Paid Search,Mobile,North East,0,2023-06,2023-06-18
O0001655,C00610,2023-09-21,2023,9,Q3,Books,3,25.3,0.14,65.27,Paid Search,Mobile,North East,1,2023-09,2023-09-21
O0001656,C00610,2023-11-06,2023,11,Q4,Books,3,31.66,0.0,94.99,Paid Search,Mobile,North East,1,2023-11,2023-11-06
O0001657,C00610,2023-11-15,2023,11,Q4,Books,1,31.08,0.18,25.49,Paid Search,Mobile,North East,1,2023-11,2023-11-15
O0001658,C00610,2024-08-15,2024,8,Q3,Books,3,29.3,0.04,84.37,Paid Search,Mobile,North East,1,2024-08,2024-08-15
O0001659,C00610,2024-11-28,2024,11,Q4,Home & Garden,3,103.85,0.0,311.56,Paid Search,Mobile,North East,1,2024-11,2024-11-28
O0001660,C00611,2022-09-21,2022,9,Q3,Electronics,1,197.23,0.0,197.23,Social Media,Desktop,Midlands,0,2022-09,2022-09-21
O0001661,C00611,2023-06-01,2023,6,Q2,Electronics,2,202.44,0.0,404.89,Social Media,Desktop,Midlands,1,2023-06,2023-06-01
O0001662,C00611,2024-09-09,2024,9,Q3,Electronics,4,49.2,0.16,165.3,Social Media,Desktop,Midlands,1,2024-09,2024-09-09
O0001663,C00612,2023-08-18,2023,8,Q3,Home & Garden,1,35.52,0.0,35.52,Paid Search,Desktop,Scotland,0,2023-08,2023-08-18
O0001664,C00612,2023-12-15,2023,12,Q4,Home & Garden,2,124.57,0.0,249.15,Paid Search,Desktop,Scotland,1,2023-12,2023-12-15
O0001665,C00612,2024-06-08,2024,6,Q2,Electronics,4,64.93,0.21,205.18,Paid Search,Desktop,Scotland,1,2024-06,2024-06-08
O0001666,C00613,2023-05-29,2023,5,Q2,Electronics,3,115.04,0.0,345.11,Organic Search,Desktop,London,0,2023-05,2023-05-29
O0001667,C00613,2023-08-26,2023,8,Q3,Electronics,4,80.26,0.0,321.02,Organic Search,Desktop,London,1,2023-08,2023-08-26
O0001668,C00613,2024-04-05,2024,4,Q2,Beauty,3,43.62,0.0,130.87,Organic Search,Desktop,London,1,2024-04,2024-04-05
O0001669,C00614,2021-12-01,2021,12,Q4,Beauty,2,67.86,0.0,135.72,Referral,Desktop,Scotland,0,2021-12,2021-12-01
O0001670,C00614,2022-11-04,2022,11,Q4,Beauty,1,71.79,0.05,68.2,Referral,Desktop,Scotland,1,2022-11,2022-11-04
O0001671,C00614,2022-12-20,2022,12,Q4,Beauty,2,65.11,0.0,130.22,Referral,Desktop,Scotland,1,2022-12,2022-12-20
O0001672,C00614,2022-12-31,2022,12,Q4,Beauty,3,41.86,0.0,125.58,Referral,Desktop,Scotland,1,2022-12,2022-12-31
O0001673,C00614,2023-01-12,2023,1,Q1,Beauty,1,26.83,0.05,25.49,Referral,Desktop,Scotland,1,2023-01,2023-01-12
O0001674,C00614,2023-10-05,2023,10,Q4,Clothing,2,67.26,0.0,134.51,Referral,Desktop,Scotland,1,2023-10,2023-10-05
O0001675,C00616,2021-05-20,2021,5,Q2,Electronics,1,208.47,0.18,170.94,Paid Search,Mobile,Wales,0,2021-05,2021-05-20
O0001676,C00616,2021-05-29,2021,5,Q2,Electronics,2,146.28,0.0,292.56,Paid Search,Mobile,Wales,1,2021-05,2021-05-29
O0001677,C00616,2022-12-02,2022,12,Q4,Beauty,3,50.62,0.11,135.17,Paid Search,Mobile,Wales,1,2022-12,2022-12-02
O0001678,C00616,2023-01-22,2023,1,Q1,Electronics,2,131.92,0.23,203.15,Paid Search,Mobile,Wales,1,2023-01,2023-01-22
O0001679,C00616,2024-07-06,2024,7,Q3,Clothing,3,71.0,0.0,213.0,Paid Search,Mobile,Wales,1,2024-07,2024-07-06
O0001680,C00617,2024-07-17,2024,7,Q3,Clothing,1,47.16,0.0,47.16,Email,Mobile,South West,0,2024-07,2024-07-17
O0001681,C00618,2023-11-21,2023,11,Q4,Home & Garden,3,171.75,0.01,510.09,Paid Search,Desktop,Yorkshire,0,2023-11,2023-11-21
O0001682,C00618,2024-02-18,2024,2,Q1,Home & Garden,1,69.17,0.0,69.17,Paid Search,Desktop,Yorkshire,1,2024-02,2024-02-18
O0001683,C00619,2021-07-31,2021,7,Q3,Home & Garden,2,60.05,0.03,116.5,Social Media,Mobile,London,0,2021-07,2021-07-31
O0001684,C00619,2021-11-21,2021,11,Q4,Clothing,1,98.02,0.09,89.19,Social Media,Mobile,London,1,2021-11,2021-11-21
O0001685,C00619,2022-08-15,2022,8,Q3,Beauty,2,33.67,0.0,67.34,Social Media,Mobile,London,1,2022-08,2022-08-15
O0001686,C00619,2022-09-25,2022,9,Q3,Clothing,3,50.13,0.0,150.38,Social Media,Mobile,London,1,2022-09,2022-09-25
O0001687,C00619,2023-03-19,2023,3,Q1,Clothing,4,57.73,0.17,191.67,Social Media,Mobile,London,1,2023-03,2023-03-19
O0001688,C00619,2023-04-26,2023,4,Q2,Home & Garden,3,90.65,0.0,271.96,Social Media,Mobile,London,1,2023-04,2023-04-26
O0001689,C00621,2023-10-07,2023,10,Q4,Clothing,2,62.68,0.16,105.3,Organic Search,Mobile,South East,0,2023-10,2023-10-07
O0001690,C00621,2024-06-26,2024,6,Q2,Clothing,3,76.68,0.0,230.04,Organic Search,Mobile,South East,1,2024-06,2024-06-26
O0001691,C00621,2024-08-27,2024,8,Q3,Clothing,2,41.77,0.22,65.16,Organic Search,Mobile,South East,1,2024-08,2024-08-27
O0001692,C00622,2023-10-18,2023,10,Q4,Electronics,2,94.62,0.0,189.24,Direct,Tablet,Midlands,0,2023-10,2023-10-18
O0001693,C00622,2024-01-10,2024,1,Q1,Home & Garden,2,71.26,0.0,142.53,Direct,Tablet,Midlands,1,2024-01,2024-01-10
O0001694,C00622,2024-07-24,2024,7,Q3,Electronics,1,166.62,0.0,166.62,Direct,Tablet,Midlands,1,2024-07,2024-07-24
O0001695,C00622,2024-10-13,2024,10,Q4,Home & Garden,4,115.28,0.0,461.12,Direct,Tablet,Midlands,1,2024-10,2024-10-13
O0001696,C00622,2024-12-24,2024,12,Q4,Books,3,25.83,0.0,77.5,Direct,Tablet,Midlands,1,2024-12,2024-12-24
O0001697,C00623,2021-07-28,2021,7,Q3,Home & Garden,4,95.77,0.11,340.94,Paid Search,Desktop,South East,0,2021-07,2021-07-28
O0001698,C00623,2021-10-09,2021,10,Q4,Home & Garden,3,109.9,0.12,290.14,Paid Search,Desktop,South East,1,2021-10,2021-10-09
O0001699,C00623,2022-08-20,2022,8,Q3,Home & Garden,3,90.49,0.0,271.48,Paid Search,Desktop,South East,1,2022-08,2022-08-20
O0001700,C00623,2022-09-12,2022,9,Q3,Home & Garden,3,89.11,0.0,267.34,Paid Search,Desktop,South East,1,2022-09,2022-09-12
O0001701,C00623,2023-09-18,2023,9,Q3,Home & Garden,2,46.92,0.0,93.84,Paid Search,Desktop,South East,1,2023-09,2023-09-18
O0001702,C00623,2024-02-14,2024,2,Q1,Home & Garden,3,81.88,0.19,198.96,Paid Search,Desktop,South East,1,2024-02,2024-02-14
O0001703,C00623,2024-09-21,2024,9,Q3,Books,2,17.2,0.0,34.4,Paid Search,Desktop,South East,1,2024-09,2024-09-21
O0001704,C00623,2024-10-30,2024,10,Q4,Home & Garden,2,140.27,0.0,280.54,Paid Search,Desktop,South East,1,2024-10,2024-10-30
O0001705,C00624,2024-06-08,2024,6,Q2,Toys,4,26.07,0.0,104.29,Organic Search,Mobile,South West,0,2024-06,2024-06-08
O0001706,C00625,2024-04-29,2024,4,Q2,Clothing,1,28.83,0.0,28.83,Email,Mobile,North East,0,2024-04,2024-04-29
O0001707,C00625,2024-07-10,2024,7,Q3,Clothing,3,73.55,0.0,220.64,Email,Mobile,North East,1,2024-07,2024-07-10
O0001708,C00626,2021-08-06,2021,8,Q3,Home & Garden,4,64.78,0.0,259.14,Organic Search,Mobile,Scotland,0,2021-08,2021-08-06
O0001709,C00626,2022-07-28,2022,7,Q3,Home & Garden,4,83.28,0.0,333.13,Organic Search,Mobile,Scotland,1,2022-07,2022-07-28
O0001710,C00626,2024-05-10,2024,5,Q2,Home & Garden,1,87.23,0.03,84.61,Organic Search,Mobile,Scotland,1,2024-05,2024-05-10
O0001711,C00627,2024-03-12,2024,3,Q1,Clothing,4,28.36,0.13,98.7,Email,Mobile,Midlands,0,2024-03,2024-03-12
O0001712,C00627,2024-08-21,2024,8,Q3,Clothing,2,49.54,0.0,99.07,Email,Mobile,Midlands,1,2024-08,2024-08-21
O0001713,C00628,2023-03-22,2023,3,Q1,Clothing,3,54.05,0.0,162.14,Organic Search,Mobile,London,0,2023-03,2023-03-22
O0001714,C00628,2023-04-08,2023,4,Q2,Beauty,1,27.06,0.0,27.06,Organic Search,Mobile,London,1,2023-04,2023-04-08
O0001715,C00628,2024-03-01,2024,3,Q1,Books,3,17.53,0.0,52.6,Organic Search,Mobile,London,1,2024-03,2024-03-01
O0001716,C00628,2024-10-04,2024,10,Q4,Clothing,4,54.48,0.0,217.91,Organic Search,Mobile,London,1,2024-10,2024-10-04
O0001717,C00629,2024-08-05,2024,8,Q3,Sports,1,48.55,0.0,48.55,Paid Search,Desktop,South East,0,2024-08,2024-08-05
O0001718,C00630,2022-01-09,2022,1,Q1,Clothing,1,54.1,0.0,54.1,Email,Mobile,North West,0,2022-01,2022-01-09
O0001719,C00630,2024-05-13,2024,5,Q2,Clothing,3,41.75,0.03,121.48,Email,Mobile,North West,1,2024-05,2024-05-13
O0001720,C00631,2022-11-08,2022,11,Q4,Clothing,4,100.99,0.03,391.85,Organic Search,Mobile,Scotland,0,2022-11,2022-11-08
O0001721,C00631,2023-02-18,2023,2,Q1,Sports,1,51.79,0.0,51.79,Organic Search,Mobile,Scotland,1,2023-02,2023-02-18
O0001722,C00631,2023-04-03,2023,4,Q2,Electronics,4,131.95,0.0,527.78,Organic Search,Mobile,Scotland,1,2023-04,2023-04-03
O0001723,C00631,2023-10-22,2023,10,Q4,Electronics,1,223.37,0.0,223.37,Organic Search,Mobile,Scotland,1,2023-10,2023-10-22
O0001724,C00631,2023-11-07,2023,11,Q4,Clothing,1,41.66,0.0,41.66,Organic Search,Mobile,Scotland,1,2023-11,2023-11-07
O0001725,C00632,2022-02-22,2022,2,Q1,Electronics,3,104.84,0.0,314.53,Email,Tablet,Wales,0,2022-02,2022-02-22
O0001726,C00632,2022-06-27,2022,6,Q2,Home & Garden,2,112.17,0.0,224.34,Email,Tablet,Wales,1,2022-06,2022-06-27
O0001727,C00632,2023-10-12,2023,10,Q4,Home & Garden,4,49.16,0.0,196.63,Email,Tablet,Wales,1,2023-10,2023-10-12
O0001728,C00632,2023-10-15,2023,10,Q4,Home & Garden,2,85.83,0.22,133.89,Email,Tablet,Wales,1,2023-10,2023-10-15
O0001729,C00634,2024-09-15,2024,9,Q3,Electronics,2,166.03,0.0,332.06,Organic Search,Mobile,London,0,2024-09,2024-09-15
O0001730,C00635,2022-06-06,2022,6,Q2,Electronics,4,134.09,0.0,536.36,Direct,Mobile,London,0,2022-06,2022-06-06
O0001731,C00635,2024-10-03,2024,10,Q4,Electronics,1,279.72,0.16,234.96,Direct,Mobile,London,1,2024-10,2024-10-03
O0001732,C00636,2022-12-11,2022,12,Q4,Beauty,2,79.94,0.0,159.88,Paid Search,Mobile,North West,0,2022-12,2022-12-11
O0001733,C00637,2023-12-24,2023,12,Q4,Clothing,4,93.36,0.0,373.43,Email,Desktop,Yorkshire,0,2023-12,2023-12-24
O0001734,C00637,2024-03-12,2024,3,Q1,Electronics,2,137.5,0.0,275.0,Email,Desktop,Yorkshire,1,2024-03,2024-03-12
O0001735,C00637,2024-03-22,2024,3,Q1,Electronics,3,81.06,0.0,243.17,Email,Desktop,Yorkshire,1,2024-03,2024-03-22
O0001736,C00637,2024-09-23,2024,9,Q3,Electronics,2,195.15,0.0,390.29,Email,Desktop,Yorkshire,1,2024-09,2024-09-23
O0001737,C00637,2024-09-25,2024,9,Q3,Electronics,2,139.09,0.21,219.76,Email,Desktop,Yorkshire,1,2024-09,2024-09-25
O0001738,C00638,2022-10-03,2022,10,Q4,Beauty,1,38.22,0.06,35.93,Organic Search,Desktop,South West,0,2022-10,2022-10-03
O0001739,C00638,2023-01-05,2023,1,Q1,Beauty,2,28.63,0.23,44.1,Organic Search,Desktop,South West,1,2023-01,2023-01-05
O0001740,C00638,2023-09-23,2023,9,Q3,Beauty,4,55.45,0.0,221.81,Organic Search,Desktop,South West,1,2023-09,2023-09-23
O0001741,C00638,2024-01-24,2024,1,Q1,Home & Garden,1,69.33,0.0,69.33,Organic Search,Desktop,South West,1,2024-01,2024-01-24
O0001742,C00638,2024-04-28,2024,4,Q2,Beauty,4,51.99,0.15,176.76,Organic Search,Desktop,South West,1,2024-04,2024-04-28
O0001743,C00640,2024-11-19,2024,11,Q4,Home & Garden,3,110.17,0.0,330.5,Organic Search,Desktop,London,0,2024-11,2024-11-19
O0001744,C00643,2022-03-29,2022,3,Q1,Home & Garden,1,52.52,0.0,52.52,Paid Search,Mobile,Wales,0,2022-03,2022-03-29
O0001745,C00643,2023-11-16,2023,11,Q4,Home & Garden,2,78.01,0.16,131.05,Paid Search,Mobile,Wales,1,2023-11,2023-11-16
O0001746,C00643,2024-01-07,2024,1,Q1,Home & Garden,4,48.46,0.05,184.13,Paid Search,Mobile,Wales,1,2024-01,2024-01-07
O0001747,C00644,2022-07-17,2022,7,Q3,Electronics,1,175.62,0.0,175.62,Direct,Desktop,Midlands,0,2022-07,2022-07-17
O0001748,C00645,2023-06-04,2023,6,Q2,Electronics,4,123.92,0.14,426.27,Organic Search,Desktop,Wales,0,2023-06,2023-06-04
O0001749,C00645,2023-06-16,2023,6,Q2,Clothing,2,54.26,0.0,108.53,Organic Search,Desktop,Wales,1,2023-06,2023-06-16
O0001750,C00645,2023-06-19,2023,6,Q2,Clothing,1,57.49,0.18,47.14,Organic Search,Desktop,Wales,1,2023-06,2023-06-19
O0001751,C00645,2023-08-20,2023,8,Q3,Electronics,4,114.39,0.0,457.55,Organic Search,Desktop,Wales,1,2023-08,2023-08-20
O0001752,C00645,2023-12-08,2023,12,Q4,Electronics,1,188.13,0.24,142.98,Organic Search,Desktop,Wales,1,2023-12,2023-12-08
O0001753,C00645,2024-06-29,2024,6,Q2,Electronics,4,179.73,0.23,553.56,Organic Search,Desktop,Wales,1,2024-06,2024-06-29
O0001754,C00645,2024-11-07,2024,11,Q4,Electronics,3,252.51,0.0,757.54,Organic Search,Desktop,Wales,1,2024-11,2024-11-07
O0001755,C00646,2024-04-18,2024,4,Q2,Clothing,1,6.52,0.0,6.52,Organic Search,Mobile,London,0,2024-04,2024-04-18
O0001756,C00647,2022-08-28,2022,8,Q3,Electronics,2,83.09,0.0,166.18,Organic Search,Desktop,Yorkshire,0,2022-08,2022-08-28
O0001757,C00647,2023-07-19,2023,7,Q3,Sports,4,50.66,0.0,202.62,Organic Search,Desktop,Yorkshire,1,2023-07,2023-07-19
O0001758,C00647,2023-08-24,2023,8,Q3,Home & Garden,3,77.96,0.13,203.48,Organic Search,Desktop,Yorkshire,1,2023-08,2023-08-24
O0001759,C00647,2023-09-29,2023,9,Q3,Sports,1,57.3,0.0,57.3,Organic Search,Desktop,Yorkshire,1,2023-09,2023-09-29
O0001760,C00647,2024-08-28,2024,8,Q3,Electronics,2,62.99,0.0,125.98,Organic Search,Desktop,Yorkshire,1,2024-08,2024-08-28
O0001761,C00648,2023-11-08,2023,11,Q4,Electronics,3,200.99,0.24,458.25,Organic Search,Tablet,London,0,2023-11,2023-11-08
O0001762,C00648,2024-05-23,2024,5,Q2,Electronics,1,84.1,0.0,84.1,Organic Search,Tablet,London,1,2024-05,2024-05-23
O0001763,C00649,2024-05-01,2024,5,Q2,Clothing,2,57.26,0.0,114.51,Email,Desktop,Wales,0,2024-05,2024-05-01
O0001764,C00649,2024-12-26,2024,12,Q4,Clothing,2,60.28,0.0,120.57,Email,Desktop,Wales,1,2024-12,2024-12-26
O0001765,C00650,2022-03-08,2022,3,Q1,Electronics,1,85.72,0.0,85.72,Social Media,Desktop,Scotland,0,2022-03,2022-03-08
O0001766,C00650,2023-01-25,2023,1,Q1,Electronics,4,15.8,0.0,63.21,Social Media,Desktop,Scotland,1,2023-01,2023-01-25
O0001767,C00650,2023-04-09,2023,4,Q2,Electronics,2,59.48,0.21,93.98,Social Media,Desktop,Scotland,1,2023-04,2023-04-09
O0001768,C00650,2023-05-18,2023,5,Q2,Electronics,4,131.83,0.13,458.78,Social Media,Desktop,Scotland,1,2023-05,2023-05-18
O0001769,C00650,2024-04-16,2024,4,Q2,Electronics,2,252.49,0.08,464.58,Social Media,Desktop,Scotland,1,2024-04,2024-04-16
O0001770,C00650,2024-08-22,2024,8,Q3,Books,4,16.81,0.0,67.24,Social Media,Desktop,Scotland,1,2024-08,2024-08-22
O0001771,C00650,2024-10-24,2024,10,Q4,Electronics,3,161.64,0.0,484.92,Social Media,Desktop,Scotland,1,2024-10,2024-10-24
O0001772,C00651,2024-08-03,2024,8,Q3,Clothing,1,31.56,0.01,31.25,Paid Search,Mobile,London,0,2024-08,2024-08-03
O0001773,C00652,2024-03-23,2024,3,Q1,Sports,2,63.88,0.0,127.77,Direct,Tablet,North West,0,2024-03,2024-03-23
O0001774,C00652,2024-06-20,2024,6,Q2,Clothing,2,64.04,0.16,107.58,Direct,Tablet,North West,1,2024-06,2024-06-20
O0001775,C00653,2022-01-24,2022,1,Q1,Beauty,3,14.71,0.0,44.13,Organic Search,Mobile,Yorkshire,0,2022-01,2022-01-24
O0001776,C00653,2022-10-23,2022,10,Q4,Home & Garden,3,88.65,0.0,265.96,Organic Search,Mobile,Yorkshire,1,2022-10,2022-10-23
O0001777,C00653,2023-04-07,2023,4,Q2,Home & Garden,4,63.08,0.03,244.77,Organic Search,Mobile,Yorkshire,1,2023-04,2023-04-07
O0001778,C00653,2023-04-08,2023,4,Q2,Home & Garden,4,72.24,0.16,242.74,Organic Search,Mobile,Yorkshire,1,2023-04,2023-04-08
O0001779,C00653,2024-02-01,2024,2,Q1,Home & Garden,3,44.2,0.24,100.77,Organic Search,Mobile,Yorkshire,1,2024-02,2024-02-01
O0001780,C00655,2021-07-23,2021,7,Q3,Electronics,2,240.8,0.0,481.61,Direct,Desktop,London,0,2021-07,2021-07-23
O0001781,C00655,2021-12-26,2021,12,Q4,Home & Garden,4,104.41,0.0,417.63,Direct,Desktop,London,1,2021-12,2021-12-26
O0001782,C00655,2022-01-27,2022,1,Q1,Electronics,3,92.73,0.0,278.18,Direct,Desktop,London,1,2022-01,2022-01-27
O0001783,C00655,2024-07-29,2024,7,Q3,Electronics,3,191.06,0.09,521.61,Direct,Desktop,London,1,2024-07,2024-07-29
O0001784,C00657,2024-10-13,2024,10,Q4,Clothing,1,39.14,0.0,39.14,Organic Search,Mobile,Wales,0,2024-10,2024-10-13
O0001785,C00658,2024-10-08,2024,10,Q4,Electronics,2,130.72,0.0,261.45,Paid Search,Mobile,South West,0,2024-10,2024-10-08
O0001786,C00658,2024-10-18,2024,10,Q4,Electronics,4,167.79,0.0,671.15,Paid Search,Mobile,South West,1,2024-10,2024-10-18
O0001787,C00658,2024-12-22,2024,12,Q4,Beauty,2,64.69,0.0,129.37,Paid Search,Mobile,South West,1,2024-12,2024-12-22
O0001788,C00659,2022-10-18,2022,10,Q4,Electronics,2,165.21,0.08,303.98,Organic Search,Tablet,Wales,0,2022-10,2022-10-18
O0001789,C00659,2024-02-27,2024,2,Q1,Home & Garden,1,25.93,0.0,25.93,Organic Search,Tablet,Wales,1,2024-02,2024-02-27
O0001790,C00659,2024-07-08,2024,7,Q3,Home & Garden,3,50.24,0.0,150.73,Organic Search,Tablet,Wales,1,2024-07,2024-07-08
O0001791,C00660,2022-12-20,2022,12,Q4,Clothing,4,108.57,0.15,369.12,Organic Search,Desktop,London,0,2022-12,2022-12-20
O0001792,C00660,2023-06-30,2023,6,Q2,Clothing,3,59.56,0.0,178.67,Organic Search,Desktop,London,1,2023-06,2023-06-30
O0001793,C00661,2023-07-03,2023,7,Q3,Electronics,3,187.08,0.0,561.24,Organic Search,Mobile,Wales,0,2023-07,2023-07-03
O0001794,C00661,2023-09-03,2023,9,Q3,Electronics,1,140.77,0.0,140.77,Organic Search,Mobile,Wales,1,2023-09,2023-09-03
O0001795,C00661,2024-05-20,2024,5,Q2,Electronics,1,220.27,0.0,220.27,Organic Search,Mobile,Wales,1,2024-05,2024-05-20
O0001796,C00662,2021-05-12,2021,5,Q2,Beauty,1,28.12,0.01,27.84,Referral,Desktop,South West,0,2021-05,2021-05-12
O0001797,C00662,2021-12-29,2021,12,Q4,Beauty,3,66.12,0.0,198.35,Referral,Desktop,South West,1,2021-12,2021-12-29
O0001798,C00662,2023-11-29,2023,11,Q4,Toys,3,47.91,0.09,130.8,Referral,Desktop,South West,1,2023-11,2023-11-29
O0001799,C00663,2024-08-22,2024,8,Q3,Beauty,1,45.05,0.0,45.05,Social Media,Mobile,South East,0,2024-08,2024-08-22
O0001800,C00664,2023-04-18,2023,4,Q2,Books,2,7.63,0.0,15.26,Organic Search,Mobile,Yorkshire,0,2023-04,2023-04-18
O0001801,C00664,2024-01-23,2024,1,Q1,Books,2,34.7,0.04,66.63,Organic Search,Mobile,Yorkshire,1,2024-01,2024-01-23
O0001802,C00664,2024-05-10,2024,5,Q2,Books,2,15.15,0.17,25.16,Organic Search,Mobile,Yorkshire,1,2024-05,2024-05-10
O0001803,C00665,2022-03-06,2022,3,Q1,Toys,3,42.77,0.08,118.03,Paid Search,Mobile,Midlands,0,2022-03,2022-03-06
O0001804,C00665,2022-04-14,2022,4,Q2,Home & Garden,3,88.7,0.0,266.1,Paid Search,Mobile,Midlands,1,2022-04,2022-04-14
O0001805,C00666,2023-02-20,2023,2,Q1,Sports,2,42.92,0.18,70.39,Organic Search,Tablet,London,0,2023-02,2023-02-20
O0001806,C00666,2023-03-18,2023,3,Q1,Sports,2,59.81,0.0,119.63,Organic Search,Tablet,London,1,2023-03,2023-03-18
O0001807,C00666,2023-08-17,2023,8,Q3,Clothing,4,40.09,0.0,160.36,Organic Search,Tablet,London,1,2023-08,2023-08-17
O0001808,C00666,2023-10-14,2023,10,Q4,Sports,4,54.67,0.06,205.55,Organic Search,Tablet,London,1,2023-10,2023-10-14
O0001809,C00666,2023-10-15,2023,10,Q4,Toys,3,47.81,0.09,130.52,Organic Search,Tablet,London,1,2023-10,2023-10-15
O0001810,C00667,2021-06-13,2021,6,Q2,Home & Garden,4,49.6,0.0,198.38,Social Media,Desktop,South East,0,2021-06,2021-06-13
O0001811,C00667,2024-05-09,2024,5,Q2,Home & Garden,1,45.23,0.0,45.23,Social Media,Desktop,South East,1,2024-05,2024-05-09
O0001812,C00667,2024-05-12,2024,5,Q2,Sports,1,56.41,0.0,56.41,Social Media,Desktop,South East,1,2024-05,2024-05-12
O0001813,C00668,2024-06-22,2024,6,Q2,Beauty,1,26.89,0.0,26.89,Paid Search,Mobile,South East,0,2024-06,2024-06-22
O0001814,C00668,2024-09-27,2024,9,Q3,Electronics,4,93.9,0.0,375.59,Paid Search,Mobile,South East,1,2024-09,2024-09-27
O0001815,C00668,2024-10-02,2024,10,Q4,Sports,2,67.2,0.0,134.41,Paid Search,Mobile,South East,1,2024-10,2024-10-02
O0001816,C00668,2024-10-13,2024,10,Q4,Clothing,4,62.57,0.0,250.29,Paid Search,Mobile,South East,1,2024-10,2024-10-13
O0001817,C00668,2024-10-29,2024,10,Q4,Clothing,4,86.54,0.19,280.39,Paid Search,Mobile,South East,1,2024-10,2024-10-29
O0001818,C00669,2024-06-15,2024,6,Q2,Clothing,4,63.97,0.09,232.85,Email,Mobile,North East,0,2024-06,2024-06-15
O0001819,C00670,2022-10-31,2022,10,Q4,Clothing,3,73.3,0.11,195.72,Paid Search,Mobile,Midlands,0,2022-10,2022-10-31
O0001820,C00670,2022-11-12,2022,11,Q4,Clothing,3,69.92,0.0,209.77,Paid Search,Mobile,Midlands,1,2022-11,2022-11-12
O0001821,C00670,2023-08-29,2023,8,Q3,Clothing,2,68.25,0.0,136.5,Paid Search,Mobile,Midlands,1,2023-08,2023-08-29
O0001822,C00670,2023-12-24,2023,12,Q4,Electronics,3,220.84,0.0,662.53,Paid Search,Mobile,Midlands,1,2023-12,2023-12-24
O0001823,C00670,2024-07-14,2024,7,Q3,Clothing,3,40.18,0.0,120.54,Paid Search,Mobile,Midlands,1,2024-07,2024-07-14
O0001824,C00670,2024-08-10,2024,8,Q3,Clothing,3,65.58,0.17,163.29,Paid Search,Mobile,Midlands,1,2024-08,2024-08-10
O0001825,C00671,2024-12-06,2024,12,Q4,Books,4,42.32,0.12,148.95,Paid Search,Mobile,South East,0,2024-12,2024-12-06
O0001826,C00671,2024-12-21,2024,12,Q4,Electronics,4,256.13,0.0,1024.53,Paid Search,Mobile,South East,1,2024-12,2024-12-21
O0001827,C00672,2023-07-08,2023,7,Q3,Electronics,1,128.09,0.0,128.09,Direct,Mobile,Midlands,0,2023-07,2023-07-08
O0001828,C00672,2023-09-09,2023,9,Q3,Electronics,4,139.24,0.0,556.95,Direct,Mobile,Midlands,1,2023-09,2023-09-09
O0001829,C00672,2023-12-11,2023,12,Q4,Electronics,4,261.98,0.0,1047.91,Direct,Mobile,Midlands,1,2023-12,2023-12-11
O0001830,C00672,2024-01-14,2024,1,Q1,Electronics,2,32.95,0.0,65.9,Direct,Mobile,Midlands,1,2024-01,2024-01-14
O0001831,C00672,2024-03-25,2024,3,Q1,Electronics,3,134.5,0.0,403.5,Direct,Mobile,Midlands,1,2024-03,2024-03-25
O0001832,C00672,2024-04-06,2024,4,Q2,Electronics,4,95.02,0.0,380.06,Direct,Mobile,Midlands,1,2024-04,2024-04-06
O0001833,C00672,2024-06-14,2024,6,Q2,Beauty,2,31.39,0.23,48.34,Direct,Mobile,Midlands,1,2024-06,2024-06-14
O0001834,C00673,2023-02-05,2023,2,Q1,Home & Garden,3,93.71,0.0,281.13,Organic Search,Mobile,North West,0,2023-02,2023-02-05
O0001835,C00673,2023-02-26,2023,2,Q1,Clothing,2,25.64,0.0,51.29,Organic Search,Mobile,North West,1,2023-02,2023-02-26
O0001836,C00674,2023-06-02,2023,6,Q2,Sports,3,69.29,0.0,207.86,Paid Search,Desktop,Midlands,0,2023-06,2023-06-02
O0001837,C00677,2024-07-19,2024,7,Q3,Electronics,2,99.51,0.0,199.01,Email,Mobile,South West,0,2024-07,2024-07-19
O0001838,C00677,2024-08-18,2024,8,Q3,Clothing,3,49.99,0.0,149.96,Email,Mobile,South West,1,2024-08,2024-08-18
O0001839,C00677,2024-10-11,2024,10,Q4,Electronics,4,181.06,0.0,724.25,Email,Mobile,South West,1,2024-10,2024-10-11
O0001840,C00678,2022-08-24,2022,8,Q3,Clothing,3,5.0,0.0,15.0,Social Media,Tablet,South West,0,2022-08,2022-08-24
O0001841,C00678,2023-08-23,2023,8,Q3,Electronics,1,231.2,0.0,231.2,Social Media,Tablet,South West,1,2023-08,2023-08-23
O0001842,C00678,2023-10-16,2023,10,Q4,Clothing,3,60.59,0.0,181.76,Social Media,Tablet,South West,1,2023-10,2023-10-16
O0001843,C00679,2024-08-10,2024,8,Q3,Books,1,17.0,0.11,15.13,Email,Desktop,Midlands,0,2024-08,2024-08-10
O0001844,C00679,2024-08-28,2024,8,Q3,Electronics,4,165.63,0.23,510.15,Email,Desktop,Midlands,1,2024-08,2024-08-28
O0001845,C00679,2024-12-23,2024,12,Q4,Books,1,18.66,0.0,18.66,Email,Desktop,Midlands,1,2024-12,2024-12-23
O0001846,C00680,2024-09-26,2024,9,Q3,Home & Garden,2,40.08,0.07,74.56,Email,Mobile,London,0,2024-09,2024-09-26
O0001847,C00680,2024-10-01,2024,10,Q4,Clothing,1,52.74,0.0,52.74,Email,Mobile,London,1,2024-10,2024-10-01
O0001848,C00680,2024-10-09,2024,10,Q4,Clothing,3,91.19,0.0,273.57,Email,Mobile,London,1,2024-10,2024-10-09
O0001849,C00680,2024-11-05,2024,11,Q4,Clothing,1,95.19,0.0,95.19,Email,Mobile,London,1,2024-11,2024-11-05
O0001850,C00681,2022-07-06,2022,7,Q3,Home & Garden,2,44.32,0.16,74.45,Direct,Mobile,London,0,2022-07,2022-07-06
O0001851,C00681,2022-08-09,2022,8,Q3,Home & Garden,3,32.94,0.05,93.87,Direct,Mobile,London,1,2022-08,2022-08-09
O0001852,C00681,2022-11-23,2022,11,Q4,Home & Garden,1,139.05,0.0,139.05,Direct,Mobile,London,1,2022-11,2022-11-23
O0001853,C00681,2023-02-17,2023,2,Q1,Home & Garden,4,113.54,0.0,454.18,Direct,Mobile,London,1,2023-02,2023-02-17
O0001854,C00681,2023-07-03,2023,7,Q3,Home & Garden,3,80.11,0.07,223.5,Direct,Mobile,London,1,2023-07,2023-07-03
O0001855,C00682,2022-12-23,2022,12,Q4,Toys,3,71.23,0.0,213.7,Paid Search,Mobile,South East,0,2022-12,2022-12-23
O0001856,C00682,2023-12-09,2023,12,Q4,Clothing,3,81.37,0.0,244.1,Paid Search,Mobile,South East,1,2023-12,2023-12-09
O0001857,C00682,2024-02-27,2024,2,Q1,Toys,2,27.55,0.0,55.09,Paid Search,Mobile,South East,1,2024-02,2024-02-27
O0001858,C00682,2024-08-25,2024,8,Q3,Toys,1,53.45,0.0,53.45,Paid Search,Mobile,South East,1,2024-08,2024-08-25
O0001859,C00683,2024-03-23,2024,3,Q1,Books,3,8.74,0.0,26.22,Direct,Mobile,North West,0,2024-03,2024-03-23
O0001860,C00684,2024-06-18,2024,6,Q2,Clothing,4,90.87,0.0,363.46,Social Media,Mobile,South West,0,2024-06,2024-06-18
O0001861,C00684,2024-10-13,2024,10,Q4,Clothing,1,56.84,0.21,44.91,Social Media,Mobile,South West,1,2024-10,2024-10-13
O0001862,C00684,2024-12-15,2024,12,Q4,Clothing,1,99.16,0.03,96.18,Social Media,Mobile,South West,1,2024-12,2024-12-15
O0001863,C00684,2024-12-22,2024,12,Q4,Books,3,32.42,0.0,97.25,Social Media,Mobile,South West,1,2024-12,2024-12-22
O0001864,C00685,2023-09-30,2023,9,Q3,Electronics,2,112.9,0.0,225.81,Paid Search,Desktop,South East,0,2023-09,2023-09-30
O0001865,C00685,2024-01-09,2024,1,Q1,Electronics,4,16.89,0.0,67.57,Paid Search,Desktop,South East,1,2024-01,2024-01-09
O0001866,C00685,2024-03-11,2024,3,Q1,Electronics,4,105.34,0.0,421.37,Paid Search,Desktop,South East,1,2024-03,2024-03-11
O0001867,C00685,2024-04-18,2024,4,Q2,Beauty,1,35.5,0.24,26.98,Paid Search,Desktop,South East,1,2024-04,2024-04-18
O0001868,C00685,2024-11-01,2024,11,Q4,Electronics,4,134.88,0.0,539.51,Paid Search,Desktop,South East,1,2024-11,2024-11-01
O0001869,C00685,2024-11-13,2024,11,Q4,Clothing,3,76.19,0.17,189.7,Paid Search,Desktop,South East,1,2024-11,2024-11-13
O0001870,C00686,2023-11-07,2023,11,Q4,Electronics,2,124.14,0.0,248.28,Direct,Mobile,North East,0,2023-11,2023-11-07
O0001871,C00687,2021-07-09,2021,7,Q3,Electronics,3,130.71,0.0,392.13,Email,Mobile,South West,0,2021-07,2021-07-09
O0001872,C00687,2021-07-29,2021,7,Q3,Sports,1,29.74,0.0,29.74,Email,Mobile,South West,1,2021-07,2021-07-29
O0001873,C00687,2022-12-24,2022,12,Q4,Beauty,4,65.45,0.21,206.83,Email,Mobile,South West,1,2022-12,2022-12-24
O0001874,C00687,2023-03-20,2023,3,Q1,Beauty,1,39.49,0.0,39.49,Email,Mobile,South West,1,2023-03,2023-03-20
O0001875,C00687,2023-08-23,2023,8,Q3,Beauty,3,28.65,0.01,85.1,Email,Mobile,South West,1,2023-08,2023-08-23
O0001876,C00688,2024-08-22,2024,8,Q3,Sports,4,36.53,0.0,146.12,Paid Search,Desktop,South East,0,2024-08,2024-08-22
O0001877,C00688,2024-10-11,2024,10,Q4,Home & Garden,3,101.06,0.0,303.17,Paid Search,Desktop,South East,1,2024-10,2024-10-11
O0001878,C00688,2024-10-21,2024,10,Q4,Sports,4,81.22,0.23,250.17,Paid Search,Desktop,South East,1,2024-10,2024-10-21
O0001879,C00688,2024-11-20,2024,11,Q4,Sports,2,87.56,0.09,159.36,Paid Search,Desktop,South East,1,2024-11,2024-11-20
O0001880,C00689,2024-10-11,2024,10,Q4,Beauty,4,38.68,0.05,146.99,Organic Search,Desktop,North East,0,2024-10,2024-10-11
O0001881,C00690,2024-11-10,2024,11,Q4,Electronics,3,262.91,0.08,725.62,Email,Mobile,Yorkshire,0,2024-11,2024-11-10
O0001882,C00690,2024-11-22,2024,11,Q4,Clothing,3,79.25,0.0,237.75,Email,Mobile,Yorkshire,1,2024-11,2024-11-22
O0001883,C00690,2024-12-20,2024,12,Q4,Sports,2,85.54,0.0,171.07,Email,Mobile,Yorkshire,1,2024-12,2024-12-20
O0001884,C00691,2023-07-25,2023,7,Q3,Clothing,4,56.96,0.0,227.84,Paid Search,Mobile,London,0,2023-07,2023-07-25
O0001885,C00691,2023-09-19,2023,9,Q3,Beauty,3,41.41,0.0,124.22,Paid Search,Mobile,London,1,2023-09,2023-09-19
O0001886,C00691,2024-09-05,2024,9,Q3,Clothing,1,49.21,0.02,48.22,Paid Search,Mobile,London,1,2024-09,2024-09-05
O0001887,C00691,2024-10-11,2024,10,Q4,Electronics,1,102.75,0.0,102.75,Paid Search,Mobile,London,1,2024-10,2024-10-11
O0001888,C00692,2023-12-16,2023,12,Q4,Clothing,4,85.24,0.0,340.98,Paid Search,Desktop,Wales,0,2023-12,2023-12-16
O0001889,C00692,2024-05-15,2024,5,Q2,Home & Garden,3,73.0,0.0,219.0,Paid Search,Desktop,Wales,1,2024-05,2024-05-15
O0001890,C00692,2024-11-06,2024,11,Q4,Clothing,3,48.01,0.0,144.02,Paid Search,Desktop,Wales,1,2024-11,2024-11-06
O0001891,C00693,2022-03-06,2022,3,Q1,Electronics,1,142.48,0.0,142.48,Email,Desktop,South West,0,2022-03,2022-03-06
O0001892,C00693,2022-07-05,2022,7,Q3,Electronics,3,165.51,0.0,496.53,Email,Desktop,South West,1,2022-07,2022-07-05
O0001893,C00693,2023-06-10,2023,6,Q2,Electronics,4,107.33,0.0,429.34,Email,Desktop,South West,1,2023-06,2023-06-10
O0001894,C00693,2023-07-13,2023,7,Q3,Clothing,3,66.14,0.0,198.42,Email,Desktop,South West,1,2023-07,2023-07-13
O0001895,C00693,2023-10-28,2023,10,Q4,Electronics,3,180.39,0.0,541.17,Email,Desktop,South West,1,2023-10,2023-10-28
O0001896,C00693,2023-11-08,2023,11,Q4,Sports,3,109.53,0.0,328.58,Email,Desktop,South West,1,2023-11,2023-11-08
O0001897,C00693,2023-11-16,2023,11,Q4,Books,2,27.72,0.0,55.44,Email,Desktop,South West,1,2023-11,2023-11-16
O0001898,C00693,2024-04-08,2024,4,Q2,Clothing,3,37.72,0.21,89.39,Email,Desktop,South West,1,2024-04,2024-04-08
O0001899,C00693,2024-11-28,2024,11,Q4,Electronics,2,264.59,0.0,529.19,Email,Desktop,South West,1,2024-11,2024-11-28
O0001900,C00694,2023-05-26,2023,5,Q2,Sports,4,53.65,0.0,214.6,Paid Search,Mobile,Scotland,0,2023-05,2023-05-26
O0001901,C00694,2024-04-23,2024,4,Q2,Sports,4,73.93,0.0,295.71,Paid Search,Mobile,Scotland,1,2024-04,2024-04-23
O0001902,C00695,2023-06-01,2023,6,Q2,Beauty,3,9.18,0.0,27.54,Paid Search,Mobile,Midlands,0,2023-06,2023-06-01
O0001903,C00695,2023-12-12,2023,12,Q4,Home & Garden,3,117.29,0.0,351.86,Paid Search,Mobile,Midlands,1,2023-12,2023-12-12
O0001904,C00695,2024-05-11,2024,5,Q2,Clothing,3,59.26,0.0,177.78,Paid Search,Mobile,Midlands,1,2024-05,2024-05-11
O0001905,C00695,2024-05-24,2024,5,Q2,Beauty,4,39.81,0.11,141.73,Paid Search,Mobile,Midlands,1,2024-05,2024-05-24
O0001906,C00696,2021-01-03,2021,1,Q1,Electronics,4,141.81,0.0,567.22,Social Media,Desktop,London,0,2021-01,2021-01-03
O0001907,C00696,2022-06-13,2022,6,Q2,Beauty,2,34.2,0.07,63.61,Social Media,Desktop,London,1,2022-06,2022-06-13
O0001908,C00696,2023-05-15,2023,5,Q2,Home & Garden,2,93.39,0.0,186.77,Social Media,Desktop,London,1,2023-05,2023-05-15
O0001909,C00700,2023-05-30,2023,5,Q2,Home & Garden,1,93.33,0.0,93.33,Paid Search,Desktop,Yorkshire,0,2023-05,2023-05-30
O0001910,C00700,2024-05-25,2024,5,Q2,Home & Garden,2,85.95,0.0,171.9,Paid Search,Desktop,Yorkshire,1,2024-05,2024-05-25
O0001911,C00700,2024-11-26,2024,11,Q4,Home & Garden,1,86.96,0.02,85.22,Paid Search,Desktop,Yorkshire,1,2024-11,2024-11-26
O0001912,C00701,2022-07-15,2022,7,Q3,Electronics,4,132.38,0.21,418.34,Paid Search,Mobile,North West,0,2022-07,2022-07-15
O0001913,C00701,2023-04-23,2023,4,Q2,Sports,3,71.02,0.0,213.06,Paid Search,Mobile,North West,1,2023-04,2023-04-23
O0001914,C00701,2023-11-11,2023,11,Q4,Books,3,27.2,0.11,72.62,Paid Search,Mobile,North West,1,2023-11,2023-11-11
O0001915,C00701,2023-11-23,2023,11,Q4,Sports,3,103.81,0.07,289.63,Paid Search,Mobile,North West,1,2023-11,2023-11-23
O0001916,C00701,2024-05-14,2024,5,Q2,Sports,1,81.08,0.0,81.08,Paid Search,Mobile,North West,1,2024-05,2024-05-14
O0001917,C00701,2024-11-02,2024,11,Q4,Sports,2,76.03,0.0,152.06,Paid Search,Mobile,North West,1,2024-11,2024-11-02
O0001918,C00702,2023-12-13,2023,12,Q4,Home & Garden,4,107.59,0.0,430.34,Organic Search,Desktop,North East,0,2023-12,2023-12-13
O0001919,C00703,2024-08-01,2024,8,Q3,Home & Garden,1,59.57,0.0,59.57,Direct,Desktop,London,0,2024-08,2024-08-01
O0001920,C00703,2024-08-21,2024,8,Q3,Electronics,1,134.51,0.0,134.51,Direct,Desktop,London,1,2024-08,2024-08-21
O0001921,C00703,2024-09-09,2024,9,Q3,Beauty,3,56.16,0.0,168.48,Direct,Desktop,London,1,2024-09,2024-09-09
O0001922,C00703,2024-09-26,2024,9,Q3,Clothing,4,51.79,0.0,207.17,Direct,Desktop,London,1,2024-09,2024-09-26
O0001923,C00703,2024-12-21,2024,12,Q4,Beauty,4,39.73,0.05,150.97,Direct,Desktop,London,1,2024-12,2024-12-21
O0001924,C00704,2021-11-23,2021,11,Q4,Electronics,3,312.61,0.0,937.82,Paid Search,Mobile,London,0,2021-11,2021-11-23
O0001925,C00704,2022-11-27,2022,11,Q4,Electronics,2,210.58,0.0,421.17,Paid Search,Mobile,London,1,2022-11,2022-11-27
O0001926,C00704,2023-08-24,2023,8,Q3,Home & Garden,1,69.09,0.0,69.09,Paid Search,Mobile,London,1,2023-08,2023-08-24
O0001927,C00704,2024-10-02,2024,10,Q4,Electronics,4,195.69,0.03,759.28,Paid Search,Mobile,London,1,2024-10,2024-10-02
O0001928,C00706,2022-08-29,2022,8,Q3,Clothing,1,84.22,0.03,81.7,Social Media,Mobile,South East,0,2022-08,2022-08-29
O0001929,C00706,2023-05-18,2023,5,Q2,Clothing,1,66.5,0.0,66.5,Social Media,Mobile,South East,1,2023-05,2023-05-18
O0001930,C00706,2023-07-12,2023,7,Q3,Clothing,4,57.81,0.21,182.69,Social Media,Mobile,South East,1,2023-07,2023-07-12
O0001931,C00706,2023-07-27,2023,7,Q3,Clothing,2,77.14,0.02,151.2,Social Media,Mobile,South East,1,2023-07,2023-07-27
O0001932,C00706,2024-10-07,2024,10,Q4,Clothing,1,54.18,0.0,54.18,Social Media,Mobile,South East,1,2024-10,2024-10-07
O0001933,C00708,2024-08-27,2024,8,Q3,Sports,4,59.1,0.14,203.31,Organic Search,Mobile,Midlands,0,2024-08,2024-08-27
O0001934,C00709,2024-09-30,2024,9,Q3,Electronics,1,78.08,0.17,64.81,Direct,Mobile,Scotland,0,2024-09,2024-09-30
O0001935,C00710,2022-07-04,2022,7,Q3,Home & Garden,3,79.98,0.24,182.35,Social Media,Mobile,Wales,0,2022-07,2022-07-04
O0001936,C00711,2023-07-19,2023,7,Q3,Electronics,4,159.21,0.11,566.78,Email,Desktop,South East,0,2023-07,2023-07-19
O0001937,C00712,2023-06-19,2023,6,Q2,Electronics,2,168.21,0.0,336.42,Organic Search,Tablet,Scotland,0,2023-06,2023-06-19
O0001938,C00712,2024-03-26,2024,3,Q1,Beauty,1,9.66,0.0,9.66,Organic Search,Tablet,Scotland,1,2024-03,2024-03-26
O0001939,C00712,2024-05-21,2024,5,Q2,Books,3,31.04,0.18,76.36,Organic Search,Tablet,Scotland,1,2024-05,2024-05-21
O0001940,C00712,2024-10-31,2024,10,Q4,Clothing,1,54.66,0.16,45.91,Organic Search,Tablet,Scotland,1,2024-10,2024-10-31
O0001941,C00713,2024-11-24,2024,11,Q4,Home & Garden,1,101.51,0.0,101.51,Email,Mobile,South East,0,2024-11,2024-11-24
O0001942,C00713,2024-12-14,2024,12,Q4,Electronics,2,207.19,0.0,414.39,Email,Mobile,South East,1,2024-12,2024-12-14
O0001943,C00713,2024-12-26,2024,12,Q4,Electronics,3,251.02,0.0,753.06,Email,Mobile,South East,1,2024-12,2024-12-26
O0001944,C00713,2024-12-29,2024,12,Q4,Electronics,1,292.36,0.07,271.89,Email,Mobile,South East,1,2024-12,2024-12-29
O0001945,C00715,2021-05-07,2021,5,Q2,Clothing,3,44.6,0.07,124.42,Organic Search,Desktop,North West,0,2021-05,2021-05-07
O0001946,C00715,2022-06-19,2022,6,Q2,Electronics,1,133.79,0.0,133.79,Organic Search,Desktop,North West,1,2022-06,2022-06-19
O0001947,C00715,2023-06-20,2023,6,Q2,Clothing,3,65.04,0.0,195.11,Organic Search,Desktop,North West,1,2023-06,2023-06-20
O0001948,C00715,2024-05-24,2024,5,Q2,Clothing,2,58.08,0.0,116.16,Organic Search,Desktop,North West,1,2024-05,2024-05-24
O0001949,C00715,2024-10-20,2024,10,Q4,Clothing,3,56.58,0.0,169.74,Organic Search,Desktop,North West,1,2024-10,2024-10-20
O0001950,C00716,2022-08-02,2022,8,Q3,Home & Garden,1,65.41,0.0,65.41,Organic Search,Desktop,Scotland,0,2022-08,2022-08-02
O0001951,C00716,2022-12-09,2022,12,Q4,Home & Garden,4,81.11,0.0,324.43,Organic Search,Desktop,Scotland,1,2022-12,2022-12-09
O0001952,C00716,2023-06-01,2023,6,Q2,Home & Garden,4,60.89,0.0,243.56,Organic Search,Desktop,Scotland,1,2023-06,2023-06-01
O0001953,C00716,2023-10-13,2023,10,Q4,Home & Garden,4,94.44,0.0,377.75,Organic Search,Desktop,Scotland,1,2023-10,2023-10-13
O0001954,C00716,2024-10-28,2024,10,Q4,Home & Garden,2,100.05,0.03,194.1,Organic Search,Desktop,Scotland,1,2024-10,2024-10-28
O0001955,C00717,2022-09-04,2022,9,Q3,Electronics,2,135.59,0.0,271.19,Organic Search,Mobile,North East,0,2022-09,2022-09-04
O0001956,C00717,2023-10-01,2023,10,Q4,Clothing,4,25.82,0.0,103.3,Organic Search,Mobile,North East,1,2023-10,2023-10-01
O0001957,C00717,2024-05-20,2024,5,Q2,Electronics,1,186.81,0.0,186.81,Organic Search,Mobile,North East,1,2024-05,2024-05-20
O0001958,C00718,2024-01-10,2024,1,Q1,Sports,3,67.35,0.22,157.61,Direct,Desktop,Wales,0,2024-01,2024-01-10
O0001959,C00718,2024-03-29,2024,3,Q1,Sports,3,40.81,0.12,107.74,Direct,Desktop,Wales,1,2024-03,2024-03-29
O0001960,C00720,2022-07-01,2022,7,Q3,Beauty,2,43.72,0.0,87.44,Paid Search,Desktop,South East,0,2022-07,2022-07-01
O0001961,C00720,2023-03-05,2023,3,Q1,Beauty,3,34.77,0.0,104.3,Paid Search,Desktop,South East,1,2023-03,2023-03-05
O0001962,C00720,2024-02-12,2024,2,Q1,Beauty,4,29.24,0.0,116.95,Paid Search,Desktop,South East,1,2024-02,2024-02-12
O0001963,C00720,2024-04-11,2024,4,Q2,Electronics,2,159.99,0.0,319.98,Paid Search,Desktop,South East,1,2024-04,2024-04-11
O0001964,C00721,2022-07-31,2022,7,Q3,Clothing,4,94.84,0.0,379.36,Social Media,Mobile,North West,0,2022-07,2022-07-31
O0001965,C00721,2022-08-15,2022,8,Q3,Clothing,3,77.69,0.0,233.06,Social Media,Mobile,North West,1,2022-08,2022-08-15
O0001966,C00721,2022-09-01,2022,9,Q3,Clothing,4,72.27,0.0,289.09,Social Media,Mobile,North West,1,2022-09,2022-09-01
O0001967,C00721,2023-03-19,2023,3,Q1,Clothing,4,27.07,0.0,108.27,Social Media,Mobile,North West,1,2023-03,2023-03-19
O0001968,C00721,2024-02-12,2024,2,Q1,Clothing,3,38.85,0.0,116.55,Social Media,Mobile,North West,1,2024-02,2024-02-12
O0001969,C00721,2024-02-20,2024,2,Q1,Clothing,3,29.4,0.07,82.03,Social Media,Mobile,North West,1,2024-02,2024-02-20
O0001970,C00721,2024-09-11,2024,9,Q3,Clothing,1,78.25,0.06,73.55,Social Media,Mobile,North West,1,2024-09,2024-09-11
O0001971,C00723,2022-04-15,2022,4,Q2,Home & Garden,2,52.31,0.07,97.3,Social Media,Mobile,Yorkshire,0,2022-04,2022-04-15
O0001972,C00723,2023-12-07,2023,12,Q4,Electronics,1,270.59,0.17,224.59,Social Media,Mobile,Yorkshire,1,2023-12,2023-12-07
O0001973,C00723,2024-12-18,2024,12,Q4,Home & Garden,4,106.49,0.0,425.95,Social Media,Mobile,Yorkshire,1,2024-12,2024-12-18
O0001974,C00724,2024-06-11,2024,6,Q2,Home & Garden,4,105.75,0.0,423.01,Email,Mobile,Midlands,0,2024-06,2024-06-11
O0001975,C00724,2024-08-12,2024,8,Q3,Home & Garden,4,85.14,0.0,340.55,Email,Mobile,Midlands,1,2024-08,2024-08-12
O0001976,C00724,2024-09-18,2024,9,Q3,Home & Garden,3,92.76,0.13,242.11,Email,Mobile,Midlands,1,2024-09,2024-09-18
O0001977,C00724,2024-11-09,2024,11,Q4,Home & Garden,3,124.21,0.0,372.64,Email,Mobile,Midlands,1,2024-11,2024-11-09
O0001978,C00724,2024-11-22,2024,11,Q4,Home & Garden,4,118.26,0.0,473.04,Email,Mobile,Midlands,1,2024-11,2024-11-22
O0001979,C00725,2024-10-16,2024,10,Q4,Clothing,2,54.46,0.18,89.31,Organic Search,Mobile,Scotland,0,2024-10,2024-10-16
O0001980,C00727,2024-06-02,2024,6,Q2,Home & Garden,3,30.51,0.0,91.53,Direct,Desktop,Midlands,0,2024-06,2024-06-02
O0001981,C00727,2024-07-13,2024,7,Q3,Home & Garden,3,83.0,0.0,248.99,Direct,Desktop,Midlands,1,2024-07,2024-07-13
O0001982,C00727,2024-12-03,2024,12,Q4,Home & Garden,2,159.0,0.02,311.63,Direct,Desktop,Midlands,1,2024-12,2024-12-03
O0001983,C00728,2021-10-29,2021,10,Q4,Clothing,1,77.77,0.0,77.77,Social Media,Mobile,Yorkshire,0,2021-10,2021-10-29
O0001984,C00728,2022-08-19,2022,8,Q3,Home & Garden,4,106.61,0.1,383.8,Social Media,Mobile,Yorkshire,1,2022-08,2022-08-19
O0001985,C00728,2022-09-25,2022,9,Q3,Clothing,4,59.43,0.0,237.72,Social Media,Mobile,Yorkshire,1,2022-09,2022-09-25
O0001986,C00728,2023-06-01,2023,6,Q2,Clothing,3,58.56,0.06,165.14,Social Media,Mobile,Yorkshire,1,2023-06,2023-06-01
O0001987,C00728,2024-01-12,2024,1,Q1,Clothing,1,47.1,0.0,47.1,Social Media,Mobile,Yorkshire,1,2024-01,2024-01-12
O0001988,C00728,2024-04-24,2024,4,Q2,Electronics,2,191.15,0.0,382.29,Social Media,Mobile,Yorkshire,1,2024-04,2024-04-24
O0001989,C00728,2024-05-10,2024,5,Q2,Clothing,1,63.95,0.16,53.71,Social Media,Mobile,Yorkshire,1,2024-05,2024-05-10
O0001990,C00728,2024-11-05,2024,11,Q4,Clothing,1,101.34,0.0,101.34,Social Media,Mobile,Yorkshire,1,2024-11,2024-11-05
O0001991,C00729,2024-08-15,2024,8,Q3,Sports,2,68.76,0.0,137.52,Organic Search,Mobile,North West,0,2024-08,2024-08-15
O0001992,C00729,2024-08-15,2024,8,Q3,Sports,4,33.26,0.0,133.05,Organic Search,Mobile,North West,1,2024-08,2024-08-15
O0001993,C00729,2024-10-16,2024,10,Q4,Sports,3,66.1,0.25,148.72,Organic Search,Mobile,North West,1,2024-10,2024-10-16
O0001994,C00729,2024-10-27,2024,10,Q4,Sports,1,56.89,0.09,51.77,Organic Search,Mobile,North West,1,2024-10,2024-10-27
O0001995,C00729,2024-12-01,2024,12,Q4,Sports,2,99.89,0.16,167.82,Organic Search,Mobile,North West,1,2024-12,2024-12-01
O0001996,C00729,2024-12-13,2024,12,Q4,Electronics,4,171.9,0.0,687.62,Organic Search,Mobile,North West,1,2024-12,2024-12-13
O0001997,C00730,2022-01-08,2022,1,Q1,Electronics,2,199.02,0.0,398.04,Organic Search,Mobile,North West,0,2022-01,2022-01-08
O0001998,C00730,2023-11-24,2023,11,Q4,Electronics,2,178.75,0.0,357.5,Organic Search,Mobile,North West,1,2023-11,2023-11-24
O0001999,C00730,2024-02-26,2024,2,Q1,Beauty,2,18.85,0.0,37.7,Organic Search,Mobile,North West,1,2024-02,2024-02-26
O0002000,C00731,2022-04-06,2022,4,Q2,Home & Garden,2,64.71,0.16,108.71,Organic Search,Desktop,North West,0,2022-04,2022-04-06
O0002001,C00731,2023-06-27,2023,6,Q2,Electronics,2,71.48,0.0,142.96,Organic Search,Desktop,North West,1,2023-06,2023-06-27
O0002002,C00731,2024-07-20,2024,7,Q3,Electronics,2,164.82,0.0,329.64,Organic Search,Desktop,North West,1,2024-07,2024-07-20
O0002003,C00732,2023-04-14,2023,4,Q2,Sports,3,64.06,0.0,192.17,Social Media,Mobile,South East,0,2023-04,2023-04-14
O0002004,C00732,2024-03-04,2024,3,Q1,Electronics,3,134.9,0.0,404.69,Social Media,Mobile,South East,1,2024-03,2024-03-04
O0002005,C00733,2023-10-05,2023,10,Q4,Electronics,1,23.26,0.0,23.26,Direct,Mobile,London,0,2023-10,2023-10-05
O0002006,C00733,2024-01-24,2024,1,Q1,Home & Garden,4,95.02,0.0,380.1,Direct,Mobile,London,1,2024-01,2024-01-24
O0002007,C00733,2024-03-03,2024,3,Q1,Electronics,2,81.46,0.0,162.92,Direct,Mobile,London,1,2024-03,2024-03-03
O0002008,C00733,2024-07-16,2024,7,Q3,Books,3,30.19,0.11,80.61,Direct,Mobile,London,1,2024-07,2024-07-16
O0002009,C00734,2023-01-26,2023,1,Q1,Clothing,2,46.02,0.0,92.03,Email,Mobile,Yorkshire,0,2023-01,2023-01-26
O0002010,C00734,2023-02-03,2023,2,Q1,Home & Garden,4,97.44,0.0,389.75,Email,Mobile,Yorkshire,1,2023-02,2023-02-03
O0002011,C00734,2023-02-22,2023,2,Q1,Clothing,4,65.44,0.0,261.77,Email,Mobile,Yorkshire,1,2023-02,2023-02-22
O0002012,C00734,2024-02-18,2024,2,Q1,Clothing,3,58.73,0.18,144.49,Email,Mobile,Yorkshire,1,2024-02,2024-02-18
O0002013,C00734,2024-03-10,2024,3,Q1,Clothing,4,53.74,0.12,189.16,Email,Mobile,Yorkshire,1,2024-03,2024-03-10
O0002014,C00734,2024-10-25,2024,10,Q4,Clothing,4,36.74,0.0,146.97,Email,Mobile,Yorkshire,1,2024-10,2024-10-25
O0002015,C00734,2024-10-29,2024,10,Q4,Beauty,4,27.6,0.0,110.41,Email,Mobile,Yorkshire,1,2024-10,2024-10-29
O0002016,C00734,2024-11-13,2024,11,Q4,Clothing,2,88.54,0.13,154.05,Email,Mobile,Yorkshire,1,2024-11,2024-11-13
O0002017,C00735,2021-11-02,2021,11,Q4,Clothing,4,91.9,0.0,367.59,Social Media,Desktop,South East,0,2021-11,2021-11-02
O0002018,C00737,2022-08-28,2022,8,Q3,Electronics,2,195.78,0.05,371.98,Paid Search,Desktop,North West,0,2022-08,2022-08-28
O0002019,C00737,2023-09-23,2023,9,Q3,Electronics,2,126.9,0.0,253.79,Paid Search,Desktop,North West,1,2023-09,2023-09-23
O0002020,C00737,2024-04-09,2024,4,Q2,Clothing,1,66.51,0.0,66.51,Paid Search,Desktop,North West,1,2024-04,2024-04-09
O0002021,C00738,2024-02-27,2024,2,Q1,Sports,4,37.74,0.12,132.85,Social Media,Mobile,Scotland,0,2024-02,2024-02-27
O0002022,C00739,2023-03-20,2023,3,Q1,Electronics,3,104.88,0.0,314.63,Paid Search,Desktop,Midlands,0,2023-03,2023-03-20
O0002023,C00739,2024-08-02,2024,8,Q3,Electronics,4,175.35,0.0,701.4,Paid Search,Desktop,Midlands,1,2024-08,2024-08-02
O0002024,C00740,2024-11-29,2024,11,Q4,Electronics,1,233.79,0.0,233.79,Organic Search,Desktop,South East,0,2024-11,2024-11-29
O0002025,C00741,2023-05-10,2023,5,Q2,Sports,2,33.73,0.0,67.45,Paid Search,Mobile,Wales,0,2023-05,2023-05-10
O0002026,C00741,2024-04-13,2024,4,Q2,Toys,4,47.37,0.0,189.46,Paid Search,Mobile,Wales,1,2024-04,2024-04-13
O0002027,C00744,2023-11-18,2023,11,Q4,Home & Garden,2,126.77,0.0,253.54,Social Media,Tablet,North East,0,2023-11,2023-11-18
O0002028,C00745,2022-02-01,2022,2,Q1,Sports,2,22.04,0.0,44.08,Organic Search,Mobile,Scotland,0,2022-02,2022-02-01
O0002029,C00745,2024-01-23,2024,1,Q1,Sports,4,59.08,0.16,198.52,Organic Search,Mobile,Scotland,1,2024-01,2024-01-23
O0002030,C00745,2024-03-12,2024,3,Q1,Sports,2,62.2,0.0,124.39,Organic Search,Mobile,Scotland,1,2024-03,2024-03-12
O0002031,C00745,2024-11-10,2024,11,Q4,Sports,3,75.32,0.0,225.95,Organic Search,Mobile,Scotland,1,2024-11,2024-11-10
O0002032,C00745,2024-11-11,2024,11,Q4,Home & Garden,3,126.46,0.0,379.39,Organic Search,Mobile,Scotland,1,2024-11,2024-11-11
O0002033,C00746,2024-01-01,2024,1,Q1,Sports,1,25.34,0.0,25.34,Email,Mobile,Midlands,0,2024-01,2024-01-01
O0002034,C00746,2024-05-15,2024,5,Q2,Sports,4,59.15,0.0,236.6,Email,Mobile,Midlands,1,2024-05,2024-05-15
O0002035,C00746,2024-05-24,2024,5,Q2,Sports,2,49.18,0.0,98.36,Email,Mobile,Midlands,1,2024-05,2024-05-24
O0002036,C00746,2024-05-27,2024,5,Q2,Sports,1,50.72,0.0,50.72,Email,Mobile,Midlands,1,2024-05,2024-05-27
O0002037,C00746,2024-11-04,2024,11,Q4,Clothing,3,87.33,0.0,261.98,Email,Mobile,Midlands,1,2024-11,2024-11-04
O0002038,C00747,2023-01-14,2023,1,Q1,Beauty,4,31.88,0.0,127.53,Paid Search,Mobile,South East,0,2023-01,2023-01-14
O0002039,C00747,2023-05-19,2023,5,Q2,Beauty,1,36.24,0.0,36.24,Paid Search,Mobile,South East,1,2023-05,2023-05-19
O0002040,C00747,2023-05-30,2023,5,Q2,Beauty,3,26.95,0.07,75.18,Paid Search,Mobile,South East,1,2023-05,2023-05-30
O0002041,C00747,2023-08-31,2023,8,Q3,Beauty,1,17.68,0.09,16.09,Paid Search,Mobile,South East,1,2023-08,2023-08-31
O0002042,C00747,2024-06-15,2024,6,Q2,Beauty,3,45.61,0.0,136.82,Paid Search,Mobile,South East,1,2024-06,2024-06-15
O0002043,C00748,2024-07-20,2024,7,Q3,Sports,3,43.47,0.0,130.41,Paid Search,Desktop,South East,0,2024-07,2024-07-20
O0002044,C00748,2024-07-30,2024,7,Q3,Sports,4,63.03,0.0,252.1,Paid Search,Desktop,South East,1,2024-07,2024-07-30
O0002045,C00748,2024-08-24,2024,8,Q3,Sports,4,44.97,0.18,147.52,Paid Search,Desktop,South East,1,2024-08,2024-08-24
O0002046,C00748,2024-09-06,2024,9,Q3,Clothing,4,62.81,0.0,251.26,Paid Search,Desktop,South East,1,2024-09,2024-09-06
O0002047,C00749,2022-04-18,2022,4,Q2,Clothing,2,68.02,0.0,136.04,Organic Search,Desktop,South East,0,2022-04,2022-04-18
O0002048,C00749,2023-07-29,2023,7,Q3,Clothing,2,66.09,0.0,132.17,Organic Search,Desktop,South East,1,2023-07,2023-07-29
O0002049,C00750,2022-10-13,2022,10,Q4,Home & Garden,1,101.73,0.15,86.47,Organic Search,Mobile,North East,0,2022-10,2022-10-13
O0002050,C00750,2023-04-09,2023,4,Q2,Home & Garden,1,49.52,0.0,49.52,Organic Search,Mobile,North East,1,2023-04,2023-04-09
O0002051,C00750,2023-10-10,2023,10,Q4,Home & Garden,1,117.76,0.0,117.76,Organic Search,Mobile,North East,1,2023-10,2023-10-10
O0002052,C00750,2023-11-12,2023,11,Q4,Electronics,2,136.63,0.0,273.26,Organic Search,Mobile,North East,1,2023-11,2023-11-12
O0002053,C00750,2023-11-19,2023,11,Q4,Clothing,1,78.49,0.09,71.42,Organic Search,Mobile,North East,1,2023-11,2023-11-19
O0002054,C00750,2024-02-14,2024,2,Q1,Electronics,2,137.49,0.09,250.24,Organic Search,Mobile,North East,1,2024-02,2024-02-14
O0002055,C00750,2024-07-02,2024,7,Q3,Home & Garden,3,100.16,0.0,300.48,Organic Search,Mobile,North East,1,2024-07,2024-07-02
O0002056,C00751,2022-09-08,2022,9,Q3,Home & Garden,2,44.12,0.0,88.23,Social Media,Desktop,South West,0,2022-09,2022-09-08
O0002057,C00751,2023-05-26,2023,5,Q2,Home & Garden,1,112.41,0.0,112.41,Social Media,Desktop,South West,1,2023-05,2023-05-26
O0002058,C00751,2024-06-09,2024,6,Q2,Home & Garden,1,95.58,0.13,83.16,Social Media,Desktop,South West,1,2024-06,2024-06-09
O0002059,C00752,2024-05-10,2024,5,Q2,Home & Garden,4,70.67,0.12,248.75,Organic Search,Desktop,Midlands,0,2024-05,2024-05-10
O0002060,C00752,2024-08-12,2024,8,Q3,Electronics,4,178.51,0.0,714.03,Organic Search,Desktop,Midlands,1,2024-08,2024-08-12
O0002061,C00753,2023-06-25,2023,6,Q2,Sports,1,46.39,0.0,46.39,Organic Search,Desktop,South East,0,2023-06,2023-06-25
O0002062,C00753,2024-05-25,2024,5,Q2,Sports,2,26.71,0.0,53.42,Organic Search,Desktop,South East,1,2024-05,2024-05-25
O0002063,C00753,2024-06-22,2024,6,Q2,Sports,1,56.77,0.0,56.77,Organic Search,Desktop,South East,1,2024-06,2024-06-22
O0002064,C00754,2023-09-17,2023,9,Q3,Sports,3,54.77,0.0,164.31,Email,Mobile,North West,0,2023-09,2023-09-17
O0002065,C00754,2023-09-27,2023,9,Q3,Electronics,4,159.11,0.0,636.42,Email,Mobile,North West,1,2023-09,2023-09-27
O0002066,C00754,2023-10-11,2023,10,Q4,Clothing,4,92.78,0.0,371.12,Email,Mobile,North West,1,2023-10,2023-10-11
O0002067,C00754,2023-10-21,2023,10,Q4,Clothing,1,74.04,0.01,73.3,Email,Mobile,North West,1,2023-10,2023-10-21
O0002068,C00754,2023-11-04,2023,11,Q4,Clothing,1,100.45,0.0,100.45,Email,Mobile,North West,1,2023-11,2023-11-04
O0002069,C00754,2023-11-08,2023,11,Q4,Electronics,2,241.69,0.0,483.38,Email,Mobile,North West,1,2023-11,2023-11-08
O0002070,C00754,2023-11-13,2023,11,Q4,Electronics,1,155.62,0.0,155.62,Email,Mobile,North West,1,2023-11,2023-11-13
O0002071,C00754,2023-12-29,2023,12,Q4,Clothing,4,98.88,0.05,375.76,Email,Mobile,North West,1,2023-12,2023-12-29
O0002072,C00754,2024-11-18,2024,11,Q4,Sports,4,97.18,0.0,388.74,Email,Mobile,North West,1,2024-11,2024-11-18
O0002073,C00755,2024-09-15,2024,9,Q3,Home & Garden,3,82.5,0.0,247.49,Paid Search,Mobile,Scotland,0,2024-09,2024-09-15
O0002074,C00755,2024-10-14,2024,10,Q4,Beauty,3,49.94,0.0,149.83,Paid Search,Mobile,Scotland,1,2024-10,2024-10-14
O0002075,C00755,2024-10-16,2024,10,Q4,Beauty,3,52.52,0.0,157.57,Paid Search,Mobile,Scotland,1,2024-10,2024-10-16
O0002076,C00755,2024-11-08,2024,11,Q4,Beauty,4,50.61,0.23,155.87,Paid Search,Mobile,Scotland,1,2024-11,2024-11-08
O0002077,C00755,2024-11-16,2024,11,Q4,Beauty,1,38.67,0.07,35.96,Paid Search,Mobile,Scotland,1,2024-11,2024-11-16
O0002078,C00755,2024-12-19,2024,12,Q4,Beauty,1,59.18,0.08,54.45,Paid Search,Mobile,Scotland,1,2024-12,2024-12-19
O0002079,C00755,2024-12-24,2024,12,Q4,Beauty,4,66.82,0.0,267.3,Paid Search,Mobile,Scotland,1,2024-12,2024-12-24
O0002080,C00756,2022-05-25,2022,5,Q2,Electronics,3,145.35,0.0,436.06,Organic Search,Mobile,Wales,0,2022-05,2022-05-25
O0002081,C00756,2024-06-19,2024,6,Q2,Electronics,2,174.0,0.0,348.0,Organic Search,Mobile,Wales,1,2024-06,2024-06-19
O0002082,C00757,2022-10-19,2022,10,Q4,Electronics,4,150.95,0.14,519.28,Organic Search,Mobile,North West,0,2022-10,2022-10-19
O0002083,C00757,2023-04-19,2023,4,Q2,Electronics,1,113.08,0.13,98.38,Organic Search,Mobile,North West,1,2023-04,2023-04-19
O0002084,C00758,2024-01-17,2024,1,Q1,Beauty,1,23.88,0.0,23.88,Social Media,Mobile,London,0,2024-01,2024-01-17
O0002085,C00758,2024-02-07,2024,2,Q1,Clothing,2,81.92,0.0,163.83,Social Media,Mobile,London,1,2024-02,2024-02-07
O0002086,C00758,2024-07-09,2024,7,Q3,Clothing,3,51.9,0.0,155.7,Social Media,Mobile,London,1,2024-07,2024-07-09
O0002087,C00758,2024-09-23,2024,9,Q3,Clothing,2,91.65,0.0,183.31,Social Media,Mobile,London,1,2024-09,2024-09-23
O0002088,C00758,2024-11-02,2024,11,Q4,Clothing,3,82.28,0.0,246.83,Social Media,Mobile,London,1,2024-11,2024-11-02
O0002089,C00758,2024-11-12,2024,11,Q4,Clothing,3,112.29,0.01,333.51,Social Media,Mobile,London,1,2024-11,2024-11-12
O0002090,C00758,2024-12-02,2024,12,Q4,Clothing,3,69.97,0.13,182.63,Social Media,Mobile,London,1,2024-12,2024-12-02
O0002091,C00760,2022-05-15,2022,5,Q2,Clothing,3,61.16,0.21,144.95,Paid Search,Desktop,London,0,2022-05,2022-05-15
O0002092,C00760,2024-08-05,2024,8,Q3,Clothing,1,64.87,0.23,49.95,Paid Search,Desktop,London,1,2024-08,2024-08-05
O0002093,C00760,2024-09-06,2024,9,Q3,Home & Garden,4,66.94,0.0,267.74,Paid Search,Desktop,London,1,2024-09,2024-09-06
O0002094,C00761,2024-06-05,2024,6,Q2,Electronics,4,157.84,0.0,631.35,Paid Search,Desktop,Scotland,0,2024-06,2024-06-05
O0002095,C00761,2024-07-25,2024,7,Q3,Toys,1,48.93,0.19,39.63,Paid Search,Desktop,Scotland,1,2024-07,2024-07-25
O0002096,C00761,2024-07-27,2024,7,Q3,Electronics,2,98.07,0.0,196.13,Paid Search,Desktop,Scotland,1,2024-07,2024-07-27
O0002097,C00761,2024-11-29,2024,11,Q4,Electronics,1,177.77,0.0,177.77,Paid Search,Desktop,Scotland,1,2024-11,2024-11-29
O0002098,C00762,2022-04-24,2022,4,Q2,Sports,3,38.87,0.0,116.6,Referral,Tablet,North East,0,2022-04,2022-04-24
O0002099,C00762,2022-08-17,2022,8,Q3,Sports,3,40.1,0.0,120.3,Referral,Tablet,North East,1,2022-08,2022-08-17
O0002100,C00762,2022-09-20,2022,9,Q3,Toys,2,43.32,0.19,70.19,Referral,Tablet,North East,1,2022-09,2022-09-20
O0002101,C00762,2023-01-23,2023,1,Q1,Sports,4,64.19,0.0,256.75,Referral,Tablet,North East,1,2023-01,2023-01-23
O0002102,C00762,2023-06-17,2023,6,Q2,Home & Garden,2,103.97,0.24,158.04,Referral,Tablet,North East,1,2023-06,2023-06-17
O0002103,C00762,2023-10-26,2023,10,Q4,Sports,4,35.96,0.0,143.83,Referral,Tablet,North East,1,2023-10,2023-10-26
O0002104,C00762,2024-08-11,2024,8,Q3,Books,1,17.5,0.18,14.35,Referral,Tablet,North East,1,2024-08,2024-08-11
O0002105,C00762,2024-10-05,2024,10,Q4,Sports,4,93.3,0.0,373.2,Referral,Tablet,North East,1,2024-10,2024-10-05
O0002106,C00763,2024-02-28,2024,2,Q1,Electronics,3,83.17,0.0,249.5,Paid Search,Desktop,Yorkshire,0,2024-02,2024-02-28
O0002107,C00764,2023-04-02,2023,4,Q2,Clothing,3,81.99,0.2,196.78,Organic Search,Mobile,London,0,2023-04,2023-04-02
O0002108,C00764,2023-07-11,2023,7,Q3,Clothing,3,47.51,0.18,116.88,Organic Search,Mobile,London,1,2023-07,2023-07-11
O0002109,C00765,2024-12-17,2024,12,Q4,Clothing,1,97.06,0.0,97.06,Email,Mobile,Scotland,0,2024-12,2024-12-17
O0002110,C00767,2024-05-22,2024,5,Q2,Sports,4,69.97,0.0,279.86,Social Media,Mobile,Midlands,0,2024-05,2024-05-22
O0002111,C00768,2024-09-16,2024,9,Q3,Electronics,3,113.28,0.0,339.85,Paid Search,Desktop,South East,0,2024-09,2024-09-16
O0002112,C00768,2024-09-23,2024,9,Q3,Electronics,1,126.83,0.0,126.83,Paid Search,Desktop,South East,1,2024-09,2024-09-23
O0002113,C00768,2024-11-20,2024,11,Q4,Electronics,2,178.52,0.0,357.04,Paid Search,Desktop,South East,1,2024-11,2024-11-20
O0002114,C00768,2024-11-27,2024,11,Q4,Clothing,4,68.47,0.0,273.89,Paid Search,Desktop,South East,1,2024-11,2024-11-27
O0002115,C00768,2024-12-30,2024,12,Q4,Clothing,3,91.89,0.0,275.66,Paid Search,Desktop,South East,1,2024-12,2024-12-30
O0002116,C00769,2023-09-05,2023,9,Q3,Electronics,2,89.47,0.19,144.94,Organic Search,Desktop,South East,0,2023-09,2023-09-05
O0002117,C00769,2023-12-17,2023,12,Q4,Electronics,1,177.77,0.22,138.66,Organic Search,Desktop,South East,1,2023-12,2023-12-17
O0002118,C00769,2024-03-15,2024,3,Q1,Books,3,16.41,0.0,49.24,Organic Search,Desktop,South East,1,2024-03,2024-03-15
O0002119,C00769,2024-06-05,2024,6,Q2,Clothing,3,53.09,0.0,159.26,Organic Search,Desktop,South East,1,2024-06,2024-06-05
O0002120,C00770,2021-01-26,2021,1,Q1,Home & Garden,4,60.03,0.02,235.33,Paid Search,Mobile,Wales,0,2021-01,2021-01-26
O0002121,C00770,2022-10-30,2022,10,Q4,Electronics,2,137.19,0.17,227.74,Paid Search,Mobile,Wales,1,2022-10,2022-10-30
O0002122,C00771,2023-02-02,2023,2,Q1,Home & Garden,4,16.39,0.0,65.57,Social Media,Mobile,South East,0,2023-02,2023-02-02
O0002123,C00771,2024-06-26,2024,6,Q2,Home & Garden,2,106.04,0.0,212.07,Social Media,Mobile,South East,1,2024-06,2024-06-26
O0002124,C00771,2024-10-21,2024,10,Q4,Clothing,4,87.79,0.0,351.15,Social Media,Mobile,South East,1,2024-10,2024-10-21
O0002125,C00771,2024-12-18,2024,12,Q4,Home & Garden,2,86.5,0.0,173.01,Social Media,Mobile,South East,1,2024-12,2024-12-18
O0002126,C00772,2023-07-09,2023,7,Q3,Electronics,4,128.75,0.1,463.51,Direct,Mobile,Scotland,0,2023-07,2023-07-09
O0002127,C00772,2024-11-09,2024,11,Q4,Home & Garden,2,108.42,0.0,216.83,Direct,Mobile,Scotland,1,2024-11,2024-11-09
O0002128,C00772,2024-12-28,2024,12,Q4,Clothing,2,104.38,0.21,164.92,Direct,Mobile,Scotland,1,2024-12,2024-12-28
O0002129,C00773,2022-06-12,2022,6,Q2,Books,2,15.28,0.07,28.42,Direct,Desktop,London,0,2022-06,2022-06-12
O0002130,C00773,2023-11-15,2023,11,Q4,Books,4,37.9,0.0,151.58,Direct,Desktop,London,1,2023-11,2023-11-15
O0002131,C00773,2024-05-15,2024,5,Q2,Beauty,1,41.85,0.0,41.85,Direct,Desktop,London,1,2024-05,2024-05-15
O0002132,C00774,2022-09-18,2022,9,Q3,Sports,2,40.55,0.0,81.1,Email,Mobile,North West,0,2022-09,2022-09-18
O0002133,C00774,2022-11-11,2022,11,Q4,Home & Garden,3,130.69,0.03,380.32,Email,Mobile,North West,1,2022-11,2022-11-11
O0002134,C00774,2023-06-02,2023,6,Q2,Home & Garden,3,67.35,0.0,202.06,Email,Mobile,North West,1,2023-06,2023-06-02
O0002135,C00774,2023-09-09,2023,9,Q3,Home & Garden,2,95.94,0.15,163.1,Email,Mobile,North West,1,2023-09,2023-09-09
O0002136,C00774,2024-01-11,2024,1,Q1,Home & Garden,2,99.21,0.0,198.41,Email,Mobile,North West,1,2024-01,2024-01-11
O0002137,C00774,2024-05-10,2024,5,Q2,Electronics,1,128.71,0.0,128.71,Email,Mobile,North West,1,2024-05,2024-05-10
O0002138,C00774,2024-06-04,2024,6,Q2,Sports,1,52.55,0.0,52.55,Email,Mobile,North West,1,2024-06,2024-06-04
O0002139,C00774,2024-12-09,2024,12,Q4,Home & Garden,4,120.77,0.09,439.61,Email,Mobile,North West,1,2024-12,2024-12-09
O0002140,C00775,2021-12-09,2021,12,Q4,Clothing,3,71.58,0.0,214.73,Social Media,Mobile,Scotland,0,2021-12,2021-12-09
O0002141,C00775,2022-02-16,2022,2,Q1,Electronics,3,88.7,0.21,210.23,Social Media,Mobile,Scotland,1,2022-02,2022-02-16
O0002142,C00775,2022-03-07,2022,3,Q1,Home & Garden,4,94.86,0.0,379.45,Social Media,Mobile,Scotland,1,2022-03,2022-03-07
O0002143,C00775,2022-06-22,2022,6,Q2,Home & Garden,2,87.72,0.0,175.45,Social Media,Mobile,Scotland,1,2022-06,2022-06-22
O0002144,C00775,2022-08-07,2022,8,Q3,Electronics,1,98.89,0.0,98.89,Social Media,Mobile,Scotland,1,2022-08,2022-08-07
O0002145,C00775,2023-01-14,2023,1,Q1,Electronics,1,93.09,0.0,93.09,Social Media,Mobile,Scotland,1,2023-01,2023-01-14
O0002146,C00775,2023-07-10,2023,7,Q3,Electronics,3,147.07,0.0,441.21,Social Media,Mobile,Scotland,1,2023-07,2023-07-10
O0002147,C00775,2024-03-18,2024,3,Q1,Electronics,4,126.24,0.18,414.05,Social Media,Mobile,Scotland,1,2024-03,2024-03-18
O0002148,C00775,2024-06-19,2024,6,Q2,Clothing,1,44.86,0.0,44.86,Social Media,Mobile,Scotland,1,2024-06,2024-06-19
O0002149,C00775,2024-09-08,2024,9,Q3,Electronics,2,124.19,0.0,248.39,Social Media,Mobile,Scotland,1,2024-09,2024-09-08
O0002150,C00777,2023-10-08,2023,10,Q4,Clothing,1,44.14,0.0,44.14,Organic Search,Tablet,Scotland,0,2023-10,2023-10-08
O0002151,C00778,2023-04-01,2023,4,Q2,Electronics,4,104.02,0.0,416.1,Organic Search,Mobile,Yorkshire,0,2023-04,2023-04-01
O0002152,C00779,2024-03-24,2024,3,Q1,Books,4,18.49,0.22,57.68,Email,Mobile,North West,0,2024-03,2024-03-24
O0002153,C00779,2024-05-03,2024,5,Q2,Books,1,20.79,0.0,20.79,Email,Mobile,North West,1,2024-05,2024-05-03
O0002154,C00779,2024-06-01,2024,6,Q2,Books,1,20.86,0.0,20.86,Email,Mobile,North West,1,2024-06,2024-06-01
O0002155,C00779,2024-06-19,2024,6,Q2,Books,1,12.47,0.06,11.72,Email,Mobile,North West,1,2024-06,2024-06-19
O0002156,C00779,2024-06-25,2024,6,Q2,Books,4,13.23,0.0,52.94,Email,Mobile,North West,1,2024-06,2024-06-25
O0002157,C00779,2024-10-06,2024,10,Q4,Books,2,11.95,0.15,20.31,Email,Mobile,North West,1,2024-10,2024-10-06
O0002158,C00779,2024-11-24,2024,11,Q4,Toys,1,29.52,0.0,29.52,Email,Mobile,North West,1,2024-11,2024-11-24
O0002159,C00780,2024-04-12,2024,4,Q2,Clothing,4,60.34,0.0,241.36,Paid Search,Desktop,London,0,2024-04,2024-04-12
O0002160,C00780,2024-08-14,2024,8,Q3,Clothing,1,48.25,0.02,47.28,Paid Search,Desktop,London,1,2024-08,2024-08-14
O0002161,C00780,2024-09-13,2024,9,Q3,Clothing,3,39.33,0.14,101.47,Paid Search,Desktop,London,1,2024-09,2024-09-13
O0002162,C00781,2023-11-26,2023,11,Q4,Clothing,1,138.22,0.11,123.01,Email,Desktop,London,0,2023-11,2023-11-26
O0002163,C00781,2024-02-27,2024,2,Q1,Home & Garden,4,92.77,0.15,315.43,Email,Desktop,London,1,2024-02,2024-02-27
O0002164,C00782,2024-07-26,2024,7,Q3,Electronics,1,194.09,0.0,194.09,Direct,Mobile,Yorkshire,0,2024-07,2024-07-26
O0002165,C00782,2024-12-27,2024,12,Q4,Electronics,1,252.96,0.0,252.96,Direct,Mobile,Yorkshire,1,2024-12,2024-12-27
O0002166,C00783,2024-05-14,2024,5,Q2,Beauty,2,38.16,0.17,63.34,Organic Search,Mobile,Wales,0,2024-05,2024-05-14
O0002167,C00783,2024-06-13,2024,6,Q2,Beauty,2,48.1,0.0,96.2,Organic Search,Mobile,Wales,1,2024-06,2024-06-13
O0002168,C00784,2024-06-05,2024,6,Q2,Electronics,4,79.19,0.0,316.75,Organic Search,Mobile,Yorkshire,0,2024-06,2024-06-05
O0002169,C00786,2023-04-29,2023,4,Q2,Sports,1,38.99,0.07,36.26,Organic Search,Mobile,Midlands,0,2023-04,2023-04-29
O0002170,C00786,2023-08-19,2023,8,Q3,Home & Garden,1,29.23,0.0,29.23,Organic Search,Mobile,Midlands,1,2023-08,2023-08-19
O0002171,C00786,2024-07-03,2024,7,Q3,Beauty,4,27.03,0.0,108.13,Organic Search,Mobile,Midlands,1,2024-07,2024-07-03
O0002172,C00786,2024-10-18,2024,10,Q4,Beauty,4,45.01,0.0,180.02,Organic Search,Mobile,Midlands,1,2024-10,2024-10-18
O0002173,C00787,2024-08-26,2024,8,Q3,Sports,4,25.99,0.11,92.51,Paid Search,Tablet,London,0,2024-08,2024-08-26
O0002174,C00787,2024-09-08,2024,9,Q3,Electronics,3,73.36,0.0,220.09,Paid Search,Tablet,London,1,2024-09,2024-09-08
O0002175,C00787,2024-11-05,2024,11,Q4,Electronics,1,269.79,0.06,253.6,Paid Search,Tablet,London,1,2024-11,2024-11-05
O0002176,C00788,2021-04-18,2021,4,Q2,Electronics,3,126.82,0.11,338.62,Paid Search,Mobile,London,0,2021-04,2021-04-18
O0002177,C00788,2022-03-19,2022,3,Q1,Electronics,4,125.79,0.05,477.99,Paid Search,Mobile,London,1,2022-03,2022-03-19
O0002178,C00788,2022-06-13,2022,6,Q2,Electronics,3,143.04,0.0,429.12,Paid Search,Mobile,London,1,2022-06,2022-06-13
O0002179,C00788,2023-05-11,2023,5,Q2,Electronics,4,90.01,0.04,345.64,Paid Search,Mobile,London,1,2023-05,2023-05-11
O0002180,C00789,2024-12-16,2024,12,Q4,Clothing,2,120.23,0.0,240.47,Organic Search,Mobile,North East,0,2024-12,2024-12-16
O0002181,C00789,2024-12-19,2024,12,Q4,Clothing,4,80.37,0.03,311.83,Organic Search,Mobile,North East,1,2024-12,2024-12-19
O0002182,C00789,2024-12-28,2024,12,Q4,Home & Garden,2,144.83,0.15,246.21,Organic Search,Mobile,North East,1,2024-12,2024-12-28
O0002183,C00789,2024-12-30,2024,12,Q4,Clothing,1,79.94,0.0,79.94,Organic Search,Mobile,North East,1,2024-12,2024-12-30
O0002184,C00790,2021-08-06,2021,8,Q3,Electronics,4,166.96,0.15,567.67,Paid Search,Tablet,South East,0,2021-08,2021-08-06
O0002185,C00790,2022-05-22,2022,5,Q2,Electronics,2,237.96,0.0,475.93,Paid Search,Tablet,South East,1,2022-05,2022-05-22
O0002186,C00790,2023-09-05,2023,9,Q3,Electronics,3,159.75,0.01,474.46,Paid Search,Tablet,South East,1,2023-09,2023-09-05
O0002187,C00791,2024-11-07,2024,11,Q4,Home & Garden,1,121.26,0.0,121.26,Direct,Mobile,North East,0,2024-11,2024-11-07
O0002188,C00791,2024-12-13,2024,12,Q4,Home & Garden,1,146.45,0.23,112.76,Direct,Mobile,North East,1,2024-12,2024-12-13
O0002189,C00792,2024-07-25,2024,7,Q3,Sports,3,35.32,0.0,105.97,Social Media,Mobile,Scotland,0,2024-07,2024-07-25
O0002190,C00792,2024-11-24,2024,11,Q4,Books,1,30.15,0.0,30.15,Social Media,Mobile,Scotland,1,2024-11,2024-11-24
O0002191,C00792,2024-12-13,2024,12,Q4,Books,1,48.88,0.24,37.15,Social Media,Mobile,Scotland,1,2024-12,2024-12-13
O0002192,C00793,2024-12-03,2024,12,Q4,Electronics,4,218.92,0.0,875.69,Organic Search,Tablet,Yorkshire,0,2024-12,2024-12-03
O0002193,C00793,2024-12-13,2024,12,Q4,Clothing,1,119.28,0.23,91.85,Organic Search,Tablet,Yorkshire,1,2024-12,2024-12-13
O0002194,C00794,2024-01-03,2024,1,Q1,Home & Garden,4,58.15,0.0,232.62,Referral,Mobile,North West,0,2024-01,2024-01-03
O0002195,C00794,2024-02-20,2024,2,Q1,Home & Garden,3,69.58,0.0,208.73,Referral,Mobile,North West,1,2024-02,2024-02-20
O0002196,C00794,2024-06-30,2024,6,Q2,Home & Garden,3,106.9,0.01,317.49,Referral,Mobile,North West,1,2024-06,2024-06-30
O0002197,C00794,2024-07-09,2024,7,Q3,Home & Garden,2,88.35,0.07,164.33,Referral,Mobile,North West,1,2024-07,2024-07-09
O0002198,C00794,2024-08-06,2024,8,Q3,Home & Garden,2,70.54,0.0,141.08,Referral,Mobile,North West,1,2024-08,2024-08-06
O0002199,C00794,2024-10-26,2024,10,Q4,Home & Garden,3,79.44,0.0,238.32,Referral,Mobile,North West,1,2024-10,2024-10-26
O0002200,C00794,2024-11-13,2024,11,Q4,Home & Garden,1,108.07,0.0,108.07,Referral,Mobile,North West,1,2024-11,2024-11-13
O0002201,C00794,2024-12-02,2024,12,Q4,Home & Garden,1,113.9,0.21,89.98,Referral,Mobile,North West,1,2024-12,2024-12-02
O0002202,C00795,2024-09-08,2024,9,Q3,Clothing,2,52.87,0.0,105.73,Organic Search,Mobile,North West,0,2024-09,2024-09-08
O0002203,C00795,2024-09-10,2024,9,Q3,Clothing,2,82.21,0.0,164.42,Organic Search,Mobile,North West,1,2024-09,2024-09-10
O0002204,C00795,2024-10-29,2024,10,Q4,Clothing,4,44.28,0.0,177.13,Organic Search,Mobile,North West,1,2024-10,2024-10-29
O0002205,C00795,2024-11-16,2024,11,Q4,Clothing,2,92.37,0.0,184.74,Organic Search,Mobile,North West,1,2024-11,2024-11-16
O0002206,C00797,2024-10-17,2024,10,Q4,Sports,3,44.95,0.0,134.86,Email,Desktop,South West,0,2024-10,2024-10-17
O0002207,C00798,2022-03-27,2022,3,Q1,Toys,2,28.28,0.0,56.56,Email,Desktop,Yorkshire,0,2022-03,2022-03-27
O0002208,C00798,2022-04-21,2022,4,Q2,Toys,2,21.51,0.24,32.7,Email,Desktop,Yorkshire,1,2022-04,2022-04-21
O0002209,C00798,2022-06-30,2022,6,Q2,Electronics,1,160.33,0.07,149.11,Email,Desktop,Yorkshire,1,2022-06,2022-06-30
O0002210,C00798,2022-10-23,2022,10,Q4,Toys,4,38.46,0.0,153.86,Email,Desktop,Yorkshire,1,2022-10,2022-10-23
O0002211,C00798,2023-03-14,2023,3,Q1,Toys,4,23.94,0.03,92.88,Email,Desktop,Yorkshire,1,2023-03,2023-03-14
O0002212,C00798,2023-06-25,2023,6,Q2,Toys,4,42.43,0.0,169.71,Email,Desktop,Yorkshire,1,2023-06,2023-06-25
O0002213,C00798,2024-10-30,2024,10,Q4,Home & Garden,3,67.62,0.0,202.86,Email,Desktop,Yorkshire,1,2024-10,2024-10-30
O0002214,C00799,2023-07-18,2023,7,Q3,Clothing,1,54.4,0.0,54.4,Organic Search,Mobile,Scotland,0,2023-07,2023-07-18
O0002215,C00799,2024-02-12,2024,2,Q1,Clothing,3,83.64,0.0,250.91,Organic Search,Mobile,Scotland,1,2024-02,2024-02-12
O0002216,C00800,2024-12-19,2024,12,Q4,Home & Garden,4,148.2,0.17,492.02,Email,Desktop,South East,0,2024-12,2024-12-19
O0002217,C00801,2023-09-25,2023,9,Q3,Sports,4,60.05,0.0,240.18,Social Media,Mobile,Scotland,0,2023-09,2023-09-25
O0002218,C00801,2023-11-15,2023,11,Q4,Clothing,2,58.43,0.0,116.85,Social Media,Mobile,Scotland,1,2023-11,2023-11-15
O0002219,C00801,2024-08-18,2024,8,Q3,Home & Garden,1,80.63,0.0,80.63,Social Media,Mobile,Scotland,1,2024-08,2024-08-18
O0002220,C00801,2024-11-27,2024,11,Q4,Sports,4,75.98,0.0,303.91,Social Media,Mobile,Scotland,1,2024-11,2024-11-27
O0002221,C00801,2024-12-07,2024,12,Q4,Sports,2,51.06,0.15,86.8,Social Media,Mobile,Scotland,1,2024-12,2024-12-07
O0002222,C00802,2024-08-04,2024,8,Q3,Electronics,1,124.58,0.0,124.58,Social Media,Mobile,Yorkshire,0,2024-08,2024-08-04
O0002223,C00802,2024-11-02,2024,11,Q4,Electronics,1,208.28,0.0,208.28,Social Media,Mobile,Yorkshire,1,2024-11,2024-11-02
O0002224,C00803,2024-09-11,2024,9,Q3,Electronics,1,194.04,0.0,194.04,Organic Search,Mobile,North East,0,2024-09,2024-09-11
O0002225,C00803,2024-09-16,2024,9,Q3,Clothing,4,55.13,0.0,220.51,Organic Search,Mobile,North East,1,2024-09,2024-09-16
O0002226,C00803,2024-09-19,2024,9,Q3,Sports,4,72.9,0.0,291.6,Organic Search,Mobile,North East,1,2024-09,2024-09-19
O0002227,C00803,2024-09-21,2024,9,Q3,Clothing,3,47.03,0.0,141.1,Organic Search,Mobile,North East,1,2024-09,2024-09-21
O0002228,C00803,2024-09-28,2024,9,Q3,Clothing,3,74.35,0.16,187.36,Organic Search,Mobile,North East,1,2024-09,2024-09-28
O0002229,C00803,2024-10-17,2024,10,Q4,Electronics,1,45.26,0.0,45.26,Organic Search,Mobile,North East,1,2024-10,2024-10-17
O0002230,C00803,2024-10-24,2024,10,Q4,Clothing,2,53.18,0.0,106.35,Organic Search,Mobile,North East,1,2024-10,2024-10-24
O0002231,C00803,2024-11-24,2024,11,Q4,Beauty,4,46.98,0.0,187.9,Organic Search,Mobile,North East,1,2024-11,2024-11-24
O0002232,C00803,2024-12-24,2024,12,Q4,Clothing,4,62.79,0.0,251.17,Organic Search,Mobile,North East,1,2024-12,2024-12-24
O0002233,C00804,2023-12-08,2023,12,Q4,Electronics,2,293.65,0.0,587.3,Email,Desktop,Wales,0,2023-12,2023-12-08
O0002234,C00804,2024-01-05,2024,1,Q1,Clothing,3,26.33,0.18,64.77,Email,Desktop,Wales,1,2024-01,2024-01-05
O0002235,C00804,2024-08-17,2024,8,Q3,Clothing,3,73.95,0.0,221.86,Email,Desktop,Wales,1,2024-08,2024-08-17
O0002236,C00804,2024-10-03,2024,10,Q4,Clothing,1,87.25,0.18,71.54,Email,Desktop,Wales,1,2024-10,2024-10-03
O0002237,C00804,2024-10-18,2024,10,Q4,Clothing,3,34.66,0.0,103.98,Email,Desktop,Wales,1,2024-10,2024-10-18
O0002238,C00807,2024-05-22,2024,5,Q2,Clothing,2,55.86,0.0,111.72,Direct,Mobile,North West,0,2024-05,2024-05-22
O0002239,C00807,2024-08-06,2024,8,Q3,Home & Garden,3,31.13,0.0,93.38,Direct,Mobile,North West,1,2024-08,2024-08-06
O0002240,C00807,2024-10-30,2024,10,Q4,Clothing,2,82.67,0.0,165.35,Direct,Mobile,North West,1,2024-10,2024-10-30
O0002241,C00808,2023-10-22,2023,10,Q4,Electronics,3,187.1,0.0,561.31,Organic Search,Mobile,London,0,2023-10,2023-10-22
O0002242,C00808,2023-10-23,2023,10,Q4,Electronics,2,157.98,0.23,243.29,Organic Search,Mobile,London,1,2023-10,2023-10-23
O0002243,C00808,2024-01-12,2024,1,Q1,Electronics,3,84.01,0.14,216.76,Organic Search,Mobile,London,1,2024-01,2024-01-12
O0002244,C00808,2024-04-17,2024,4,Q2,Electronics,3,151.63,0.0,454.9,Organic Search,Mobile,London,1,2024-04,2024-04-17
O0002245,C00808,2024-04-25,2024,4,Q2,Electronics,1,234.35,0.0,234.35,Organic Search,Mobile,London,1,2024-04,2024-04-25
O0002246,C00810,2022-05-03,2022,5,Q2,Beauty,1,30.82,0.17,25.58,Organic Search,Desktop,Wales,0,2022-05,2022-05-03
O0002247,C00811,2022-05-26,2022,5,Q2,Beauty,2,26.73,0.12,47.04,Paid Search,Tablet,London,0,2022-05,2022-05-26
O0002248,C00811,2024-11-03,2024,11,Q4,Clothing,4,117.93,0.0,471.74,Paid Search,Tablet,London,1,2024-11,2024-11-03
O0002249,C00813,2023-03-12,2023,3,Q1,Toys,4,11.69,0.01,46.29,Email,Mobile,North West,0,2023-03,2023-03-12
O0002250,C00813,2023-07-22,2023,7,Q3,Clothing,4,72.95,0.0,291.8,Email,Mobile,North West,1,2023-07,2023-07-22
O0002251,C00813,2023-09-03,2023,9,Q3,Clothing,1,71.22,0.0,71.22,Email,Mobile,North West,1,2023-09,2023-09-03
O0002252,C00813,2023-10-22,2023,10,Q4,Clothing,3,49.09,0.0,147.28,Email,Mobile,North West,1,2023-10,2023-10-22
O0002253,C00814,2024-01-01,2024,1,Q1,Electronics,4,75.36,0.24,229.08,Social Media,Mobile,North West,0,2024-01,2024-01-01
O0002254,C00814,2024-05-15,2024,5,Q2,Clothing,2,44.6,0.22,69.58,Social Media,Mobile,North West,1,2024-05,2024-05-15
O0002255,C00814,2024-06-30,2024,6,Q2,Electronics,1,162.78,0.1,146.5,Social Media,Mobile,North West,1,2024-06,2024-06-30
O0002256,C00814,2024-10-09,2024,10,Q4,Home & Garden,3,86.94,0.16,219.09,Social Media,Mobile,North West,1,2024-10,2024-10-09
O0002257,C00814,2024-12-30,2024,12,Q4,Electronics,3,250.41,0.0,751.23,Social Media,Mobile,North West,1,2024-12,2024-12-30
O0002258,C00816,2022-09-22,2022,9,Q3,Clothing,3,71.73,0.07,200.14,Social Media,Mobile,London,0,2022-09,2022-09-22
O0002259,C00816,2023-07-29,2023,7,Q3,Home & Garden,4,92.09,0.03,357.31,Social Media,Mobile,London,1,2023-07,2023-07-29
O0002260,C00816,2023-12-19,2023,12,Q4,Home & Garden,3,144.1,0.0,432.29,Social Media,Mobile,London,1,2023-12,2023-12-19
O0002261,C00816,2024-04-13,2024,4,Q2,Home & Garden,3,68.9,0.0,206.69,Social Media,Mobile,London,1,2024-04,2024-04-13
O0002262,C00817,2024-06-19,2024,6,Q2,Electronics,2,113.09,0.18,185.47,Organic Search,Mobile,South West,0,2024-06,2024-06-19
O0002263,C00817,2024-06-21,2024,6,Q2,Electronics,2,118.86,0.0,237.72,Organic Search,Mobile,South West,1,2024-06,2024-06-21
O0002264,C00817,2024-07-01,2024,7,Q3,Electronics,3,166.18,0.0,498.54,Organic Search,Mobile,South West,1,2024-07,2024-07-01
O0002265,C00817,2024-10-14,2024,10,Q4,Electronics,4,146.52,0.09,533.35,Organic Search,Mobile,South West,1,2024-10,2024-10-14
O0002266,C00818,2022-06-06,2022,6,Q2,Toys,4,28.29,0.0,113.14,Direct,Desktop,London,0,2022-06,2022-06-06
O0002267,C00818,2022-12-28,2022,12,Q4,Toys,4,55.47,0.13,193.03,Direct,Desktop,London,1,2022-12,2022-12-28
O0002268,C00818,2024-08-24,2024,8,Q3,Toys,3,19.77,0.12,52.19,Direct,Desktop,London,1,2024-08,2024-08-24
O0002269,C00819,2023-12-19,2023,12,Q4,Clothing,3,127.36,0.0,382.09,Email,Desktop,South West,0,2023-12,2023-12-19
O0002270,C00819,2024-03-05,2024,3,Q1,Clothing,3,29.8,0.0,89.4,Email,Desktop,South West,1,2024-03,2024-03-05
O0002271,C00819,2024-04-15,2024,4,Q2,Clothing,1,109.71,0.0,109.71,Email,Desktop,South West,1,2024-04,2024-04-15
O0002272,C00819,2024-05-27,2024,5,Q2,Clothing,4,50.14,0.0,200.57,Email,Desktop,South West,1,2024-05,2024-05-27
O0002273,C00819,2024-12-23,2024,12,Q4,Sports,1,122.52,0.0,122.52,Email,Desktop,South West,1,2024-12,2024-12-23
O0002274,C00819,2024-12-26,2024,12,Q4,Clothing,2,105.37,0.0,210.74,Email,Desktop,South West,1,2024-12,2024-12-26
O0002275,C00820,2024-10-23,2024,10,Q4,Electronics,3,133.6,0.0,400.81,Organic Search,Mobile,London,0,2024-10,2024-10-23
O0002276,C00820,2024-12-01,2024,12,Q4,Beauty,4,61.9,0.0,247.62,Organic Search,Mobile,London,1,2024-12,2024-12-01
O0002277,C00821,2024-04-14,2024,4,Q2,Electronics,4,113.95,0.0,455.81,Organic Search,Mobile,London,0,2024-04,2024-04-14
O0002278,C00822,2022-10-08,2022,10,Q4,Electronics,1,219.89,0.0,219.89,Paid Search,Mobile,London,0,2022-10,2022-10-08
O0002279,C00822,2023-03-02,2023,3,Q1,Home & Garden,4,93.45,0.0,373.81,Paid Search,Mobile,London,1,2023-03,2023-03-02
O0002280,C00822,2023-06-24,2023,6,Q2,Electronics,4,53.76,0.0,215.03,Paid Search,Mobile,London,1,2023-06,2023-06-24
O0002281,C00822,2024-04-20,2024,4,Q2,Electronics,1,140.83,0.0,140.83,Paid Search,Mobile,London,1,2024-04,2024-04-20
O0002282,C00822,2024-05-29,2024,5,Q2,Home & Garden,2,68.93,0.0,137.86,Paid Search,Mobile,London,1,2024-05,2024-05-29
O0002283,C00822,2024-10-17,2024,10,Q4,Clothing,3,80.32,0.0,240.97,Paid Search,Mobile,London,1,2024-10,2024-10-17
O0002284,C00823,2021-12-10,2021,12,Q4,Beauty,3,41.33,0.0,123.98,Social Media,Desktop,London,0,2021-12,2021-12-10
O0002285,C00823,2023-01-20,2023,1,Q1,Beauty,3,32.09,0.0,96.26,Social Media,Desktop,London,1,2023-01,2023-01-20
O0002286,C00823,2024-01-02,2024,1,Q1,Beauty,1,26.12,0.0,26.12,Social Media,Desktop,London,1,2024-01,2024-01-02
O0002287,C00824,2022-04-11,2022,4,Q2,Clothing,3,65.87,0.0,197.61,Email,Mobile,Midlands,0,2022-04,2022-04-11
O0002288,C00824,2024-11-01,2024,11,Q4,Toys,1,40.05,0.23,30.84,Email,Mobile,Midlands,1,2024-11,2024-11-01
O0002289,C00825,2024-05-04,2024,5,Q2,Clothing,3,47.41,0.0,142.24,Paid Search,Mobile,Scotland,0,2024-05,2024-05-04
O0002290,C00825,2024-07-02,2024,7,Q3,Clothing,1,54.41,0.0,54.41,Paid Search,Mobile,Scotland,1,2024-07,2024-07-02
O0002291,C00825,2024-10-01,2024,10,Q4,Home & Garden,1,84.32,0.2,67.46,Paid Search,Mobile,Scotland,1,2024-10,2024-10-01
O0002292,C00825,2024-12-05,2024,12,Q4,Clothing,2,129.1,0.0,258.19,Paid Search,Mobile,Scotland,1,2024-12,2024-12-05
O0002293,C00826,2024-12-10,2024,12,Q4,Sports,1,105.48,0.0,105.48,Organic Search,Mobile,London,0,2024-12,2024-12-10
O0002294,C00826,2024-12-18,2024,12,Q4,Sports,3,90.22,0.0,270.66,Organic Search,Mobile,London,1,2024-12,2024-12-18
O0002295,C00827,2022-11-22,2022,11,Q4,Clothing,3,40.02,0.25,90.04,Paid Search,Mobile,Scotland,0,2022-11,2022-11-22
O0002296,C00827,2022-12-07,2022,12,Q4,Beauty,3,45.72,0.0,137.17,Paid Search,Mobile,Scotland,1,2022-12,2022-12-07
O0002297,C00827,2022-12-31,2022,12,Q4,Electronics,4,301.52,0.0,1206.09,Paid Search,Mobile,Scotland,1,2022-12,2022-12-31
O0002298,C00827,2024-08-22,2024,8,Q3,Beauty,2,33.46,0.11,59.55,Paid Search,Mobile,Scotland,1,2024-08,2024-08-22
O0002299,C00827,2024-10-06,2024,10,Q4,Clothing,1,66.7,0.12,58.69,Paid Search,Mobile,Scotland,1,2024-10,2024-10-06
O0002300,C00828,2024-09-11,2024,9,Q3,Clothing,3,51.23,0.05,146.02,Paid Search,Desktop,South East,0,2024-09,2024-09-11
O0002301,C00830,2022-12-02,2022,12,Q4,Beauty,4,44.16,0.15,150.15,Paid Search,Desktop,North West,0,2022-12,2022-12-02
O0002302,C00831,2024-12-01,2024,12,Q4,Clothing,3,92.94,0.0,278.83,Referral,Tablet,Scotland,0,2024-12,2024-12-01
O0002303,C00831,2024-12-24,2024,12,Q4,Clothing,4,93.56,0.0,374.24,Referral,Tablet,Scotland,1,2024-12,2024-12-24
O0002304,C00833,2022-09-08,2022,9,Q3,Electronics,4,78.53,0.0,314.11,Social Media,Desktop,North West,0,2022-09,2022-09-08
O0002305,C00833,2022-10-09,2022,10,Q4,Electronics,1,146.34,0.05,139.02,Social Media,Desktop,North West,1,2022-10,2022-10-09
O0002306,C00833,2022-11-20,2022,11,Q4,Electronics,2,168.12,0.0,336.24,Social Media,Desktop,North West,1,2022-11,2022-11-20
O0002307,C00833,2024-01-02,2024,1,Q1,Electronics,2,140.14,0.0,280.29,Social Media,Desktop,North West,1,2024-01,2024-01-02
O0002308,C00833,2024-03-16,2024,3,Q1,Electronics,3,57.54,0.05,163.98,Social Media,Desktop,North West,1,2024-03,2024-03-16
O0002309,C00834,2023-04-23,2023,4,Q2,Electronics,2,72.64,0.04,139.48,Direct,Mobile,North East,0,2023-04,2023-04-23
O0002310,C00834,2024-04-17,2024,4,Q2,Electronics,4,141.97,0.24,431.58,Direct,Mobile,North East,1,2024-04,2024-04-17
O0002311,C00835,2023-07-29,2023,7,Q3,Beauty,3,35.09,0.0,105.27,Email,Desktop,Wales,0,2023-07,2023-07-29
O0002312,C00836,2023-11-04,2023,11,Q4,Clothing,1,119.76,0.0,119.76,Organic Search,Desktop,South East,0,2023-11,2023-11-04
O0002313,C00836,2024-01-15,2024,1,Q1,Home & Garden,2,56.56,0.0,113.12,Organic Search,Desktop,South East,1,2024-01,2024-01-15
O0002314,C00836,2024-09-07,2024,9,Q3,Clothing,1,52.88,0.0,52.88,Organic Search,Desktop,South East,1,2024-09,2024-09-07
O0002315,C00836,2024-09-10,2024,9,Q3,Clothing,1,68.44,0.0,68.44,Organic Search,Desktop,South East,1,2024-09,2024-09-10
O0002316,C00837,2024-04-01,2024,4,Q2,Sports,4,32.42,0.0,129.67,Referral,Mobile,Wales,0,2024-04,2024-04-01
O0002317,C00838,2024-08-25,2024,8,Q3,Clothing,2,50.06,0.22,78.1,Social Media,Desktop,North West,0,2024-08,2024-08-25
O0002318,C00838,2024-09-01,2024,9,Q3,Home & Garden,4,101.06,0.0,404.23,Social Media,Desktop,North West,1,2024-09,2024-09-01
O0002319,C00838,2024-11-17,2024,11,Q4,Clothing,2,103.11,0.0,206.22,Social Media,Desktop,North West,1,2024-11,2024-11-17
O0002320,C00838,2024-12-02,2024,12,Q4,Electronics,4,212.59,0.0,850.36,Social Media,Desktop,North West,1,2024-12,2024-12-02
O0002321,C00839,2023-10-15,2023,10,Q4,Beauty,1,54.62,0.21,43.15,Email,Mobile,South East,0,2023-10,2023-10-15
O0002322,C00839,2024-05-04,2024,5,Q2,Clothing,3,71.62,0.0,214.86,Email,Mobile,South East,1,2024-05,2024-05-04
O0002323,C00840,2024-08-27,2024,8,Q3,Home & Garden,2,102.76,0.24,156.2,Email,Mobile,North West,0,2024-08,2024-08-27
O0002324,C00840,2024-08-29,2024,8,Q3,Beauty,2,33.2,0.0,66.39,Email,Mobile,North West,1,2024-08,2024-08-29
O0002325,C00840,2024-10-26,2024,10,Q4,Clothing,1,41.39,0.0,41.39,Email,Mobile,North West,1,2024-10,2024-10-26
O0002326,C00840,2024-10-31,2024,10,Q4,Home & Garden,1,128.47,0.0,128.47,Email,Mobile,North West,1,2024-10,2024-10-31
O0002327,C00840,2024-12-19,2024,12,Q4,Beauty,3,69.73,0.02,205.02,Email,Mobile,North West,1,2024-12,2024-12-19
O0002328,C00841,2024-04-21,2024,4,Q2,Clothing,1,63.03,0.0,63.03,Direct,Mobile,North West,0,2024-04,2024-04-21
O0002329,C00841,2024-05-11,2024,5,Q2,Books,4,16.54,0.0,66.16,Direct,Mobile,North West,1,2024-05,2024-05-11
O0002330,C00841,2024-11-10,2024,11,Q4,Home & Garden,3,121.05,0.21,286.9,Direct,Mobile,North West,1,2024-11,2024-11-10
O0002331,C00842,2024-02-11,2024,2,Q1,Home & Garden,1,80.74,0.19,65.4,Paid Search,Mobile,Scotland,0,2024-02,2024-02-11
O0002332,C00842,2024-08-23,2024,8,Q3,Home & Garden,1,100.38,0.17,83.31,Paid Search,Mobile,Scotland,1,2024-08,2024-08-23
O0002333,C00843,2023-10-12,2023,10,Q4,Electronics,4,129.42,0.0,517.67,Email,Mobile,North East,0,2023-10,2023-10-12
O0002334,C00843,2024-02-03,2024,2,Q1,Electronics,4,70.7,0.0,282.8,Email,Mobile,North East,1,2024-02,2024-02-03
O0002335,C00844,2023-05-07,2023,5,Q2,Clothing,3,52.97,0.0,158.92,Referral,Desktop,Scotland,0,2023-05,2023-05-07
O0002336,C00844,2023-05-30,2023,5,Q2,Clothing,3,51.46,0.0,154.39,Referral,Desktop,Scotland,1,2023-05,2023-05-30
O0002337,C00844,2023-06-10,2023,6,Q2,Clothing,2,40.18,0.0,80.36,Referral,Desktop,Scotland,1,2023-06,2023-06-10
O0002338,C00845,2021-09-24,2021,9,Q3,Home & Garden,1,78.85,0.0,78.85,Social Media,Mobile,North West,0,2021-09,2021-09-24
O0002339,C00845,2023-08-19,2023,8,Q3,Home & Garden,1,92.37,0.03,89.6,Social Media,Mobile,North West,1,2023-08,2023-08-19
O0002340,C00846,2023-02-11,2023,2,Q1,Clothing,3,77.75,0.0,233.24,Organic Search,Desktop,Scotland,0,2023-02,2023-02-11
O0002341,C00846,2023-12-13,2023,12,Q4,Clothing,1,91.13,0.14,78.37,Organic Search,Desktop,Scotland,1,2023-12,2023-12-13
O0002342,C00846,2024-05-23,2024,5,Q2,Electronics,1,139.87,0.04,134.28,Organic Search,Desktop,Scotland,1,2024-05,2024-05-23
O0002343,C00846,2024-12-16,2024,12,Q4,Electronics,4,223.22,0.0,892.88,Organic Search,Desktop,Scotland,1,2024-12,2024-12-16
O0002344,C00848,2023-07-16,2023,7,Q3,Books,1,22.22,0.0,22.22,Social Media,Mobile,London,0,2023-07,2023-07-16
O0002345,C00848,2023-07-26,2023,7,Q3,Books,2,16.39,0.0,32.78,Social Media,Mobile,London,1,2023-07,2023-07-26
O0002346,C00848,2024-01-27,2024,1,Q1,Books,4,22.29,0.07,82.93,Social Media,Mobile,London,1,2024-01,2024-01-27
O0002347,C00848,2024-12-21,2024,12,Q4,Books,3,30.18,0.0,90.54,Social Media,Mobile,London,1,2024-12,2024-12-21
O0002348,C00849,2021-12-08,2021,12,Q4,Clothing,2,97.49,0.0,194.97,Email,Desktop,London,0,2021-12,2021-12-08
O0002349,C00849,2022-08-20,2022,8,Q3,Home & Garden,1,15.27,0.0,15.27,Email,Desktop,London,1,2022-08,2022-08-20
O0002350,C00849,2023-08-31,2023,8,Q3,Beauty,1,34.51,0.0,34.51,Email,Desktop,London,1,2023-08,2023-08-31
O0002351,C00850,2024-12-10,2024,12,Q4,Books,4,41.77,0.0,167.08,Organic Search,Tablet,London,0,2024-12,2024-12-10
O0002352,C00851,2023-11-15,2023,11,Q4,Clothing,1,109.1,0.0,109.1,Organic Search,Desktop,Scotland,0,2023-11,2023-11-15
O0002353,C00851,2024-11-04,2024,11,Q4,Books,2,37.89,0.0,75.78,Organic Search,Desktop,Scotland,1,2024-11,2024-11-04
O0002354,C00852,2024-04-28,2024,4,Q2,Clothing,2,19.46,0.0,38.92,Email,Desktop,South East,0,2024-04,2024-04-28
O0002355,C00853,2024-05-07,2024,5,Q2,Clothing,2,42.98,0.0,85.95,Organic Search,Mobile,South East,0,2024-05,2024-05-07
O0002356,C00853,2024-05-13,2024,5,Q2,Clothing,4,66.8,0.14,229.8,Organic Search,Mobile,South East,1,2024-05,2024-05-13
O0002357,C00853,2024-05-16,2024,5,Q2,Clothing,2,49.01,0.0,98.02,Organic Search,Mobile,South East,1,2024-05,2024-05-16
O0002358,C00853,2024-06-09,2024,6,Q2,Clothing,1,90.52,0.18,74.23,Organic Search,Mobile,South East,1,2024-06,2024-06-09
O0002359,C00853,2024-09-11,2024,9,Q3,Clothing,4,51.49,0.0,205.96,Organic Search,Mobile,South East,1,2024-09,2024-09-11
O0002360,C00853,2024-12-25,2024,12,Q4,Clothing,1,99.39,0.24,75.54,Organic Search,Mobile,South East,1,2024-12,2024-12-25
O0002361,C00854,2024-09-10,2024,9,Q3,Clothing,4,56.27,0.14,193.57,Email,Mobile,London,0,2024-09,2024-09-10
O0002362,C00854,2024-10-29,2024,10,Q4,Electronics,2,124.07,0.0,248.14,Email,Mobile,London,1,2024-10,2024-10-29
O0002363,C00854,2024-11-21,2024,11,Q4,Clothing,3,45.27,0.0,135.82,Email,Mobile,London,1,2024-11,2024-11-21
O0002364,C00854,2024-12-24,2024,12,Q4,Clothing,2,127.66,0.0,255.32,Email,Mobile,London,1,2024-12,2024-12-24
O0002365,C00855,2022-03-02,2022,3,Q1,Clothing,3,66.4,0.0,199.21,Organic Search,Mobile,London,0,2022-03,2022-03-02
O0002366,C00855,2022-09-11,2022,9,Q3,Clothing,2,51.6,0.01,102.17,Organic Search,Mobile,London,1,2022-09,2022-09-11
O0002367,C00855,2023-06-09,2023,6,Q2,Clothing,2,72.13,0.14,124.07,Organic Search,Mobile,London,1,2023-06,2023-06-09
O0002368,C00855,2023-07-13,2023,7,Q3,Clothing,1,64.42,0.0,64.42,Organic Search,Mobile,London,1,2023-07,2023-07-13
O0002369,C00855,2024-01-05,2024,1,Q1,Clothing,3,53.87,0.09,147.07,Organic Search,Mobile,London,1,2024-01,2024-01-05
O0002370,C00855,2024-06-11,2024,6,Q2,Electronics,1,158.83,0.0,158.83,Organic Search,Mobile,London,1,2024-06,2024-06-11
O0002371,C00856,2024-09-29,2024,9,Q3,Clothing,4,50.69,0.0,202.78,Paid Search,Mobile,London,0,2024-09,2024-09-29
O0002372,C00856,2024-10-15,2024,10,Q4,Electronics,4,171.93,0.0,687.7,Paid Search,Mobile,London,1,2024-10,2024-10-15
O0002373,C00857,2023-01-23,2023,1,Q1,Toys,2,34.72,0.0,69.44,Email,Tablet,South West,0,2023-01,2023-01-23
O0002374,C00857,2023-02-09,2023,2,Q1,Electronics,2,5.0,0.0,10.0,Email,Tablet,South West,1,2023-02,2023-02-09
O0002375,C00857,2023-04-14,2023,4,Q2,Toys,1,48.17,0.0,48.17,Email,Tablet,South West,1,2023-04,2023-04-14
O0002376,C00857,2024-03-03,2024,3,Q1,Clothing,3,91.72,0.0,275.17,Email,Tablet,South West,1,2024-03,2024-03-03
O0002377,C00859,2023-07-09,2023,7,Q3,Books,1,26.86,0.0,26.86,Paid Search,Desktop,North West,0,2023-07,2023-07-09
O0002378,C00859,2024-01-11,2024,1,Q1,Books,3,24.96,0.0,74.87,Paid Search,Desktop,North West,1,2024-01,2024-01-11
O0002379,C00861,2024-03-01,2024,3,Q1,Electronics,2,200.72,0.0,401.43,Social Media,Mobile,South East,0,2024-03,2024-03-01
O0002380,C00861,2024-09-20,2024,9,Q3,Electronics,1,202.33,0.0,202.33,Social Media,Mobile,South East,1,2024-09,2024-09-20
O0002381,C00861,2024-10-15,2024,10,Q4,Sports,1,65.79,0.0,65.79,Social Media,Mobile,South East,1,2024-10,2024-10-15
O0002382,C00864,2024-01-27,2024,1,Q1,Home & Garden,1,66.13,0.13,57.53,Social Media,Desktop,London,0,2024-01,2024-01-27
O0002383,C00864,2024-09-25,2024,9,Q3,Electronics,3,84.12,0.0,252.37,Social Media,Desktop,London,1,2024-09,2024-09-25
O0002384,C00865,2022-02-21,2022,2,Q1,Beauty,4,45.9,0.1,165.23,Organic Search,Mobile,South East,0,2022-02,2022-02-21
O0002385,C00865,2022-05-08,2022,5,Q2,Sports,1,61.85,0.12,54.42,Organic Search,Mobile,South East,1,2022-05,2022-05-08
O0002386,C00865,2023-04-02,2023,4,Q2,Home & Garden,3,107.49,0.0,322.47,Organic Search,Mobile,South East,1,2023-04,2023-04-02
O0002387,C00865,2024-01-12,2024,1,Q1,Sports,1,60.4,0.0,60.4,Organic Search,Mobile,South East,1,2024-01,2024-01-12
O0002388,C00865,2024-02-15,2024,2,Q1,Sports,4,5.0,0.0,20.0,Organic Search,Mobile,South East,1,2024-02,2024-02-15
O0002389,C00865,2024-04-08,2024,4,Q2,Sports,1,40.61,0.0,40.61,Organic Search,Mobile,South East,1,2024-04,2024-04-08
O0002390,C00865,2024-07-28,2024,7,Q3,Sports,2,53.33,0.19,86.39,Organic Search,Mobile,South East,1,2024-07,2024-07-28
O0002391,C00866,2023-08-16,2023,8,Q3,Clothing,1,73.94,0.0,73.94,Email,Mobile,Wales,0,2023-08,2023-08-16
O0002392,C00866,2024-10-02,2024,10,Q4,Clothing,1,53.87,0.1,48.48,Email,Mobile,Wales,1,2024-10,2024-10-02
O0002393,C00867,2022-01-18,2022,1,Q1,Beauty,4,37.32,0.0,149.26,Organic Search,Desktop,London,0,2022-01,2022-01-18
O0002394,C00867,2022-07-16,2022,7,Q3,Sports,3,46.28,0.0,138.84,Organic Search,Desktop,London,1,2022-07,2022-07-16
O0002395,C00867,2022-10-03,2022,10,Q4,Beauty,3,24.37,0.0,73.11,Organic Search,Desktop,London,1,2022-10,2022-10-03
O0002396,C00867,2023-04-08,2023,4,Q2,Beauty,4,35.44,0.0,141.75,Organic Search,Desktop,London,1,2023-04,2023-04-08
O0002397,C00867,2024-07-31,2024,7,Q3,Home & Garden,4,105.47,0.0,421.87,Organic Search,Desktop,London,1,2024-07,2024-07-31
O0002398,C00867,2024-08-27,2024,8,Q3,Beauty,3,40.84,0.0,122.52,Organic Search,Desktop,London,1,2024-08,2024-08-27
O0002399,C00867,2024-11-24,2024,11,Q4,Beauty,1,46.08,0.0,46.08,Organic Search,Desktop,London,1,2024-11,2024-11-24
O0002400,C00867,2024-12-20,2024,12,Q4,Beauty,4,50.04,0.17,166.13,Organic Search,Desktop,London,1,2024-12,2024-12-20
O0002401,C00868,2023-04-09,2023,4,Q2,Beauty,4,41.02,0.02,160.79,Paid Search,Desktop,Scotland,0,2023-04,2023-04-09
O0002402,C00869,2024-06-26,2024,6,Q2,Toys,4,29.72,0.0,118.88,Paid Search,Mobile,London,0,2024-06,2024-06-26
O0002403,C00869,2024-08-25,2024,8,Q3,Toys,3,28.22,0.08,77.88,Paid Search,Mobile,London,1,2024-08,2024-08-25
O0002404,C00869,2024-09-30,2024,9,Q3,Toys,1,41.93,0.23,32.28,Paid Search,Mobile,London,1,2024-09,2024-09-30
O0002405,C00869,2024-10-23,2024,10,Q4,Toys,3,42.34,0.12,111.78,Paid Search,Mobile,London,1,2024-10,2024-10-23
O0002406,C00869,2024-10-27,2024,10,Q4,Toys,3,35.1,0.0,105.29,Paid Search,Mobile,London,1,2024-10,2024-10-27
O0002407,C00869,2024-11-08,2024,11,Q4,Toys,2,39.16,0.14,67.35,Paid Search,Mobile,London,1,2024-11,2024-11-08
O0002408,C00869,2024-11-12,2024,11,Q4,Sports,1,91.97,0.1,82.77,Paid Search,Mobile,London,1,2024-11,2024-11-12
O0002409,C00869,2024-11-17,2024,11,Q4,Toys,3,47.69,0.0,143.08,Paid Search,Mobile,London,1,2024-11,2024-11-17
O0002410,C00870,2024-01-08,2024,1,Q1,Sports,2,33.34,0.13,58.01,Paid Search,Desktop,North West,0,2024-01,2024-01-08
O0002411,C00871,2023-04-19,2023,4,Q2,Clothing,2,76.38,0.0,152.75,Organic Search,Mobile,North West,0,2023-04,2023-04-19
O0002412,C00871,2023-07-08,2023,7,Q3,Clothing,1,38.38,0.0,38.38,Organic Search,Mobile,North West,1,2023-07,2023-07-08
O0002413,C00871,2023-09-17,2023,9,Q3,Clothing,3,24.43,0.0,73.28,Organic Search,Mobile,North West,1,2023-09,2023-09-17
O0002414,C00871,2023-09-25,2023,9,Q3,Clothing,1,64.98,0.0,64.98,Organic Search,Mobile,North West,1,2023-09,2023-09-25
O0002415,C00871,2024-05-29,2024,5,Q2,Sports,4,50.73,0.0,202.93,Organic Search,Mobile,North West,1,2024-05,2024-05-29
O0002416,C00872,2022-05-08,2022,5,Q2,Books,4,19.48,0.11,69.35,Paid Search,Mobile,North West,0,2022-05,2022-05-08
O0002417,C00872,2023-03-30,2023,3,Q1,Books,1,19.94,0.06,18.75,Paid Search,Mobile,North West,1,2023-03,2023-03-30
O0002418,C00872,2023-10-16,2023,10,Q4,Books,1,26.72,0.13,23.24,Paid Search,Mobile,North West,1,2023-10,2023-10-16
O0002419,C00872,2024-07-19,2024,7,Q3,Books,4,24.28,0.0,97.11,Paid Search,Mobile,North West,1,2024-07,2024-07-19
O0002420,C00872,2024-08-24,2024,8,Q3,Clothing,4,83.75,0.16,281.41,Paid Search,Mobile,North West,1,2024-08,2024-08-24
O0002421,C00872,2024-12-29,2024,12,Q4,Books,1,27.93,0.0,27.93,Paid Search,Mobile,North West,1,2024-12,2024-12-29
O0002422,C00873,2024-12-03,2024,12,Q4,Books,4,38.88,0.16,130.65,Organic Search,Desktop,North West,0,2024-12,2024-12-03
O0002423,C00874,2022-07-24,2022,7,Q3,Beauty,4,23.67,0.0,94.66,Organic Search,Mobile,Yorkshire,0,2022-07,2022-07-24
O0002424,C00874,2023-03-16,2023,3,Q1,Home & Garden,2,72.99,0.0,145.97,Organic Search,Mobile,Yorkshire,1,2023-03,2023-03-16
O0002425,C00874,2023-09-01,2023,9,Q3,Beauty,2,43.1,0.11,76.71,Organic Search,Mobile,Yorkshire,1,2023-09,2023-09-01
O0002426,C00876,2024-12-19,2024,12,Q4,Clothing,3,88.38,0.0,265.14,Organic Search,Mobile,North East,0,2024-12,2024-12-19
O0002427,C00877,2023-01-27,2023,1,Q1,Electronics,4,101.4,0.09,369.11,Referral,Mobile,North West,0,2023-01,2023-01-27
O0002428,C00879,2023-04-12,2023,4,Q2,Home & Garden,2,61.84,0.01,122.44,Paid Search,Tablet,Scotland,0,2023-04,2023-04-12
O0002429,C00879,2023-11-18,2023,11,Q4,Home & Garden,4,110.73,0.0,442.92,Paid Search,Tablet,Scotland,1,2023-11,2023-11-18
O0002430,C00879,2024-01-11,2024,1,Q1,Home & Garden,1,73.66,0.14,63.35,Paid Search,Tablet,Scotland,1,2024-01,2024-01-11
O0002431,C00879,2024-11-03,2024,11,Q4,Home & Garden,1,122.62,0.0,122.62,Paid Search,Tablet,Scotland,1,2024-11,2024-11-03
O0002432,C00881,2022-07-20,2022,7,Q3,Books,4,11.05,0.03,42.88,Direct,Tablet,Yorkshire,0,2022-07,2022-07-20
O0002433,C00881,2022-08-31,2022,8,Q3,Books,2,26.68,0.21,42.15,Direct,Tablet,Yorkshire,1,2022-08,2022-08-31
O0002434,C00881,2022-12-01,2022,12,Q4,Home & Garden,2,159.91,0.0,319.82,Direct,Tablet,Yorkshire,1,2022-12,2022-12-01
O0002435,C00881,2023-04-18,2023,4,Q2,Clothing,3,60.22,0.0,180.67,Direct,Tablet,Yorkshire,1,2023-04,2023-04-18
O0002436,C00881,2023-12-31,2023,12,Q4,Books,1,30.85,0.24,23.45,Direct,Tablet,Yorkshire,1,2023-12,2023-12-31
O0002437,C00881,2024-02-09,2024,2,Q1,Books,1,11.35,0.15,9.65,Direct,Tablet,Yorkshire,1,2024-02,2024-02-09
O0002438,C00881,2024-08-02,2024,8,Q3,Electronics,1,123.59,0.0,123.59,Direct,Tablet,Yorkshire,1,2024-08,2024-08-02
O0002439,C00882,2022-03-26,2022,3,Q1,Toys,3,40.08,0.2,96.2,Email,Mobile,Wales,0,2022-03,2022-03-26
O0002440,C00882,2022-06-26,2022,6,Q2,Home & Garden,4,103.23,0.0,412.91,Email,Mobile,Wales,1,2022-06,2022-06-26
O0002441,C00882,2022-07-01,2022,7,Q3,Home & Garden,2,88.9,0.13,154.69,Email,Mobile,Wales,1,2022-07,2022-07-01
O0002442,C00882,2023-05-21,2023,5,Q2,Toys,2,38.19,0.0,76.38,Email,Mobile,Wales,1,2023-05,2023-05-21
O0002443,C00882,2023-07-24,2023,7,Q3,Electronics,2,112.14,0.09,204.1,Email,Mobile,Wales,1,2023-07,2023-07-24
O0002444,C00882,2023-10-09,2023,10,Q4,Home & Garden,2,62.85,0.0,125.71,Email,Mobile,Wales,1,2023-10,2023-10-09
O0002445,C00883,2022-10-20,2022,10,Q4,Clothing,2,87.75,0.17,145.67,Referral,Mobile,Wales,0,2022-10,2022-10-20
O0002446,C00886,2023-04-02,2023,4,Q2,Clothing,4,33.41,0.24,101.56,Social Media,Mobile,London,0,2023-04,2023-04-02
O0002447,C00887,2024-08-10,2024,8,Q3,Clothing,3,24.54,0.0,73.63,Social Media,Desktop,London,0,2024-08,2024-08-10
O0002448,C00887,2024-08-13,2024,8,Q3,Clothing,4,20.39,0.0,81.56,Social Media,Desktop,London,1,2024-08,2024-08-13
O0002449,C00887,2024-09-12,2024,9,Q3,Clothing,3,79.63,0.0,238.88,Social Media,Desktop,London,1,2024-09,2024-09-12
O0002450,C00887,2024-11-22,2024,11,Q4,Clothing,4,93.66,0.0,374.64,Social Media,Desktop,London,1,2024-11,2024-11-22
O0002451,C00887,2024-12-19,2024,12,Q4,Clothing,2,125.16,0.0,250.31,Social Media,Desktop,London,1,2024-12,2024-12-19
O0002452,C00890,2022-06-01,2022,6,Q2,Electronics,3,102.46,0.12,270.49,Email,Tablet,South East,0,2022-06,2022-06-01
O0002453,C00890,2023-04-14,2023,4,Q2,Sports,4,35.2,0.0,140.78,Email,Tablet,South East,1,2023-04,2023-04-14
O0002454,C00891,2024-02-01,2024,2,Q1,Home & Garden,3,80.28,0.03,233.61,Email,Mobile,London,0,2024-02,2024-02-01
O0002455,C00891,2024-05-19,2024,5,Q2,Home & Garden,2,84.9,0.0,169.8,Email,Mobile,London,1,2024-05,2024-05-19
O0002456,C00891,2024-07-12,2024,7,Q3,Home & Garden,3,88.97,0.0,266.91,Email,Mobile,London,1,2024-07,2024-07-12
O0002457,C00891,2024-09-13,2024,9,Q3,Home & Garden,4,48.93,0.0,195.72,Email,Mobile,London,1,2024-09,2024-09-13
O0002458,C00891,2024-11-04,2024,11,Q4,Home & Garden,3,99.92,0.0,299.77,Email,Mobile,London,1,2024-11,2024-11-04
O0002459,C00891,2024-12-28,2024,12,Q4,Home & Garden,2,115.04,0.0,230.09,Email,Mobile,London,1,2024-12,2024-12-28
O0002460,C00892,2024-07-31,2024,7,Q3,Clothing,1,62.82,0.0,62.82,Organic Search,Desktop,Yorkshire,0,2024-07,2024-07-31
O0002461,C00893,2021-12-12,2021,12,Q4,Electronics,4,172.16,0.16,578.46,Email,Mobile,London,0,2021-12,2021-12-12
O0002462,C00893,2021-12-17,2021,12,Q4,Electronics,4,221.32,0.0,885.29,Email,Mobile,London,1,2021-12,2021-12-17
O0002463,C00893,2023-01-19,2023,1,Q1,Beauty,1,39.42,0.0,39.42,Email,Mobile,London,1,2023-01,2023-01-19
O0002464,C00893,2024-09-04,2024,9,Q3,Electronics,1,149.23,0.0,149.23,Email,Mobile,London,1,2024-09,2024-09-04
O0002465,C00894,2024-11-12,2024,11,Q4,Beauty,4,38.11,0.24,115.84,Paid Search,Desktop,South East,0,2024-11,2024-11-12
O0002466,C00894,2024-11-13,2024,11,Q4,Home & Garden,2,125.94,0.0,251.89,Paid Search,Desktop,South East,1,2024-11,2024-11-13
O0002467,C00894,2024-11-14,2024,11,Q4,Home & Garden,1,151.26,0.0,151.26,Paid Search,Desktop,South East,1,2024-11,2024-11-14
O0002468,C00894,2024-11-16,2024,11,Q4,Books,3,37.04,0.12,97.78,Paid Search,Desktop,South East,1,2024-11,2024-11-16
O0002469,C00894,2024-12-23,2024,12,Q4,Electronics,1,185.77,0.0,185.77,Paid Search,Desktop,South East,1,2024-12,2024-12-23
O0002470,C00894,2024-12-27,2024,12,Q4,Home & Garden,1,125.9,0.1,113.31,Paid Search,Desktop,South East,1,2024-12,2024-12-27
O0002471,C00895,2024-07-13,2024,7,Q3,Clothing,1,41.42,0.13,36.04,Referral,Mobile,London,0,2024-07,2024-07-13
O0002472,C00896,2024-05-14,2024,5,Q2,Clothing,3,52.27,0.07,145.83,Email,Tablet,London,0,2024-05,2024-05-14
O0002473,C00896,2024-05-30,2024,5,Q2,Clothing,1,70.35,0.0,70.35,Email,Tablet,London,1,2024-05,2024-05-30
O0002474,C00896,2024-07-09,2024,7,Q3,Home & Garden,4,22.58,0.0,90.33,Email,Tablet,London,1,2024-07,2024-07-09
O0002475,C00896,2024-09-25,2024,9,Q3,Clothing,4,83.12,0.0,332.5,Email,Tablet,London,1,2024-09,2024-09-25
O0002476,C00896,2024-10-01,2024,10,Q4,Clothing,1,58.56,0.0,58.56,Email,Tablet,London,1,2024-10,2024-10-01
O0002477,C00896,2024-11-13,2024,11,Q4,Home & Garden,3,117.44,0.21,278.34,Email,Tablet,London,1,2024-11,2024-11-13
O0002478,C00896,2024-12-12,2024,12,Q4,Clothing,3,96.62,0.23,223.2,Email,Tablet,London,1,2024-12,2024-12-12
O0002479,C00896,2024-12-20,2024,12,Q4,Clothing,4,87.72,0.2,280.7,Email,Tablet,London,1,2024-12,2024-12-20
O0002480,C00897,2024-04-28,2024,4,Q2,Electronics,3,160.75,0.03,467.79,Email,Mobile,Midlands,0,2024-04,2024-04-28
O0002481,C00897,2024-07-31,2024,7,Q3,Electronics,3,130.33,0.0,391.0,Email,Mobile,Midlands,1,2024-07,2024-07-31
O0002482,C00897,2024-11-22,2024,11,Q4,Electronics,1,257.73,0.01,255.15,Email,Mobile,Midlands,1,2024-11,2024-11-22
O0002483,C00897,2024-12-09,2024,12,Q4,Home & Garden,3,122.99,0.21,291.49,Email,Mobile,Midlands,1,2024-12,2024-12-09
O0002484,C00899,2023-08-14,2023,8,Q3,Clothing,2,70.67,0.19,114.49,Paid Search,Desktop,Midlands,0,2023-08,2023-08-14
O0002485,C00899,2023-09-07,2023,9,Q3,Home & Garden,4,83.91,0.17,278.58,Paid Search,Desktop,Midlands,1,2023-09,2023-09-07
O0002486,C00899,2024-07-04,2024,7,Q3,Clothing,3,62.11,0.0,186.33,Paid Search,Desktop,Midlands,1,2024-07,2024-07-04
O0002487,C00899,2024-07-15,2024,7,Q3,Electronics,2,145.74,0.05,276.91,Paid Search,Desktop,Midlands,1,2024-07,2024-07-15
O0002488,C00899,2024-07-20,2024,7,Q3,Clothing,1,73.03,0.0,73.03,Paid Search,Desktop,Midlands,1,2024-07,2024-07-20
O0002489,C00900,2021-08-31,2021,8,Q3,Home & Garden,1,90.96,0.15,77.32,Social Media,Mobile,North East,0,2021-08,2021-08-31
O0002490,C00900,2022-07-02,2022,7,Q3,Electronics,1,189.51,0.0,189.51,Social Media,Mobile,North East,1,2022-07,2022-07-02
O0002491,C00900,2023-02-21,2023,2,Q1,Home & Garden,2,46.38,0.14,79.77,Social Media,Mobile,North East,1,2023-02,2023-02-21
O0002492,C00900,2023-05-23,2023,5,Q2,Electronics,3,169.43,0.0,508.29,Social Media,Mobile,North East,1,2023-05,2023-05-23
O0002493,C00901,2024-09-03,2024,9,Q3,Clothing,1,63.99,0.0,63.99,Social Media,Desktop,London,0,2024-09,2024-09-03
O0002494,C00901,2024-11-18,2024,11,Q4,Clothing,3,80.46,0.06,226.91,Social Media,Desktop,London,1,2024-11,2024-11-18
O0002495,C00901,2024-11-30,2024,11,Q4,Clothing,4,101.07,0.0,404.27,Social Media,Desktop,London,1,2024-11,2024-11-30
O0002496,C00901,2024-12-01,2024,12,Q4,Electronics,3,202.26,0.0,606.77,Social Media,Desktop,London,1,2024-12,2024-12-01
O0002497,C00902,2024-04-15,2024,4,Q2,Home & Garden,3,69.22,0.03,201.43,Paid Search,Mobile,Yorkshire,0,2024-04,2024-04-15
O0002498,C00902,2024-06-24,2024,6,Q2,Home & Garden,4,44.98,0.18,147.53,Paid Search,Mobile,Yorkshire,1,2024-06,2024-06-24
O0002499,C00902,2024-07-02,2024,7,Q3,Home & Garden,3,114.15,0.0,342.46,Paid Search,Mobile,Yorkshire,1,2024-07,2024-07-02
O0002500,C00902,2024-08-27,2024,8,Q3,Home & Garden,1,88.48,0.0,88.48,Paid Search,Mobile,Yorkshire,1,2024-08,2024-08-27
O0002501,C00903,2024-11-30,2024,11,Q4,Electronics,1,192.42,0.0,192.42,Paid Search,Mobile,Scotland,0,2024-11,2024-11-30
O0002502,C00903,2024-12-21,2024,12,Q4,Home & Garden,3,102.73,0.24,234.22,Paid Search,Mobile,Scotland,1,2024-12,2024-12-21
O0002503,C00906,2024-08-27,2024,8,Q3,Beauty,4,30.76,0.0,123.05,Organic Search,Mobile,South East,0,2024-08,2024-08-27
O0002504,C00907,2024-01-21,2024,1,Q1,Clothing,4,50.89,0.0,203.54,Paid Search,Desktop,South East,0,2024-01,2024-01-21
O0002505,C00907,2024-04-11,2024,4,Q2,Clothing,3,66.3,0.0,198.9,Paid Search,Desktop,South East,1,2024-04,2024-04-11
O0002506,C00907,2024-05-09,2024,5,Q2,Clothing,1,44.47,0.0,44.47,Paid Search,Desktop,South East,1,2024-05,2024-05-09
O0002507,C00907,2024-06-03,2024,6,Q2,Clothing,4,78.71,0.0,314.82,Paid Search,Desktop,South East,1,2024-06,2024-06-03
O0002508,C00907,2024-12-11,2024,12,Q4,Clothing,1,105.84,0.0,105.84,Paid Search,Desktop,South East,1,2024-12,2024-12-11
O0002509,C00908,2023-05-22,2023,5,Q2,Books,3,30.23,0.07,84.34,Organic Search,Desktop,Yorkshire,0,2023-05,2023-05-22
O0002510,C00908,2024-06-19,2024,6,Q2,Books,4,17.75,0.0,71.01,Organic Search,Desktop,Yorkshire,1,2024-06,2024-06-19
O0002511,C00908,2024-09-05,2024,9,Q3,Clothing,3,46.07,0.18,113.34,Organic Search,Desktop,Yorkshire,1,2024-09,2024-09-05
O0002512,C00908,2024-09-07,2024,9,Q3,Books,3,31.65,0.1,85.44,Organic Search,Desktop,Yorkshire,1,2024-09,2024-09-07
O0002513,C00908,2024-11-03,2024,11,Q4,Books,4,17.07,0.15,58.04,Organic Search,Desktop,Yorkshire,1,2024-11,2024-11-03
O0002514,C00908,2024-12-01,2024,12,Q4,Books,2,29.28,0.02,57.39,Organic Search,Desktop,Yorkshire,1,2024-12,2024-12-01
O0002515,C00909,2024-02-02,2024,2,Q1,Sports,2,22.36,0.0,44.72,Organic Search,Desktop,Scotland,0,2024-02,2024-02-02
O0002516,C00909,2024-03-31,2024,3,Q1,Electronics,4,127.74,0.0,510.96,Organic Search,Desktop,Scotland,1,2024-03,2024-03-31
O0002517,C00909,2024-05-14,2024,5,Q2,Electronics,1,191.39,0.0,191.39,Organic Search,Desktop,Scotland,1,2024-05,2024-05-14
O0002518,C00909,2024-08-03,2024,8,Q3,Electronics,4,55.29,0.12,194.61,Organic Search,Desktop,Scotland,1,2024-08,2024-08-03
O0002519,C00909,2024-12-15,2024,12,Q4,Electronics,3,179.08,0.21,424.43,Organic Search,Desktop,Scotland,1,2024-12,2024-12-15
O0002520,C00912,2021-09-25,2021,9,Q3,Sports,3,60.3,0.19,146.52,Organic Search,Desktop,Wales,0,2021-09,2021-09-25
O0002521,C00912,2023-09-09,2023,9,Q3,Clothing,3,27.51,0.09,75.11,Organic Search,Desktop,Wales,1,2023-09,2023-09-09
O0002522,C00914,2022-07-13,2022,7,Q3,Electronics,1,157.65,0.0,157.65,Direct,Mobile,South East,0,2022-07,2022-07-13
O0002523,C00914,2023-08-31,2023,8,Q3,Electronics,4,90.83,0.0,363.32,Direct,Mobile,South East,1,2023-08,2023-08-31
O0002524,C00915,2023-06-16,2023,6,Q2,Electronics,1,44.45,0.0,44.45,Email,Desktop,Wales,0,2023-06,2023-06-16
O0002525,C00916,2021-11-15,2021,11,Q4,Clothing,2,62.86,0.12,110.63,Social Media,Mobile,London,0,2021-11,2021-11-15
O0002526,C00916,2021-12-22,2021,12,Q4,Clothing,1,71.06,0.0,71.06,Social Media,Mobile,London,1,2021-12,2021-12-22
O0002527,C00916,2022-10-20,2022,10,Q4,Clothing,3,54.37,0.0,163.12,Social Media,Mobile,London,1,2022-10,2022-10-20
O0002528,C00917,2024-04-07,2024,4,Q2,Clothing,2,60.2,0.24,91.5,Email,Mobile,Midlands,0,2024-04,2024-04-07
O0002529,C00918,2021-12-23,2021,12,Q4,Electronics,1,245.15,0.1,220.63,Referral,Desktop,North East,0,2021-12,2021-12-23
O0002530,C00918,2022-03-27,2022,3,Q1,Beauty,4,43.61,0.0,174.44,Referral,Desktop,North East,1,2022-03,2022-03-27
O0002531,C00918,2023-05-13,2023,5,Q2,Electronics,1,187.33,0.0,187.33,Referral,Desktop,North East,1,2023-05,2023-05-13
O0002532,C00918,2024-12-23,2024,12,Q4,Electronics,1,242.06,0.02,237.22,Referral,Desktop,North East,1,2024-12,2024-12-23
O0002533,C00919,2023-04-03,2023,4,Q2,Sports,2,78.21,0.0,156.42,Organic Search,Mobile,Scotland,0,2023-04,2023-04-03
O0002534,C00919,2023-07-06,2023,7,Q3,Beauty,2,25.85,0.0,51.69,Organic Search,Mobile,Scotland,1,2023-07,2023-07-06
O0002535,C00919,2023-09-05,2023,9,Q3,Clothing,1,63.77,0.17,52.93,Organic Search,Mobile,Scotland,1,2023-09,2023-09-05
O0002536,C00919,2023-10-19,2023,10,Q4,Clothing,1,51.59,0.0,51.59,Organic Search,Mobile,Scotland,1,2023-10,2023-10-19
O0002537,C00919,2024-09-10,2024,9,Q3,Electronics,1,165.39,0.15,140.58,Organic Search,Mobile,Scotland,1,2024-09,2024-09-10
O0002538,C00920,2022-12-18,2022,12,Q4,Clothing,3,83.08,0.0,249.25,Email,Mobile,London,0,2022-12,2022-12-18
O0002539,C00920,2023-04-14,2023,4,Q2,Books,2,24.34,0.16,40.9,Email,Mobile,London,1,2023-04,2023-04-14
O0002540,C00920,2024-06-07,2024,6,Q2,Sports,4,64.85,0.0,259.42,Email,Mobile,London,1,2024-06,2024-06-07
O0002541,C00921,2021-10-10,2021,10,Q4,Beauty,4,46.93,0.07,174.59,Email,Mobile,Scotland,0,2021-10,2021-10-10
O0002542,C00921,2022-04-01,2022,4,Q2,Beauty,4,28.19,0.15,95.83,Email,Mobile,Scotland,1,2022-04,2022-04-01
O0002543,C00921,2023-07-29,2023,7,Q3,Beauty,2,51.71,0.14,88.94,Email,Mobile,Scotland,1,2023-07,2023-07-29
O0002544,C00921,2023-10-01,2023,10,Q4,Beauty,3,44.1,0.11,117.73,Email,Mobile,Scotland,1,2023-10,2023-10-01
O0002545,C00921,2023-10-30,2023,10,Q4,Beauty,2,47.84,0.0,95.69,Email,Mobile,Scotland,1,2023-10,2023-10-30
O0002546,C00921,2024-03-12,2024,3,Q1,Beauty,4,37.45,0.0,149.8,Email,Mobile,Scotland,1,2024-03,2024-03-12
O0002547,C00921,2024-05-12,2024,5,Q2,Beauty,1,56.29,0.0,56.29,Email,Mobile,Scotland,1,2024-05,2024-05-12
O0002548,C00922,2023-05-23,2023,5,Q2,Clothing,2,66.09,0.0,132.17,Organic Search,Mobile,North West,0,2023-05,2023-05-23
O0002549,C00922,2023-08-18,2023,8,Q3,Electronics,1,202.98,0.14,174.57,Organic Search,Mobile,North West,1,2023-08,2023-08-18
O0002550,C00922,2023-09-14,2023,9,Q3,Electronics,1,186.1,0.1,167.49,Organic Search,Mobile,North West,1,2023-09,2023-09-14
O0002551,C00922,2024-11-02,2024,11,Q4,Electronics,1,241.22,0.0,241.22,Organic Search,Mobile,North West,1,2024-11,2024-11-02
O0002552,C00923,2024-08-03,2024,8,Q3,Books,2,22.3,0.21,35.23,Email,Desktop,South West,0,2024-08,2024-08-03
O0002553,C00923,2024-08-19,2024,8,Q3,Books,1,15.15,0.0,15.15,Email,Desktop,South West,1,2024-08,2024-08-19
O0002554,C00923,2024-11-06,2024,11,Q4,Electronics,2,218.58,0.21,345.35,Email,Desktop,South West,1,2024-11,2024-11-06
O0002555,C00923,2024-11-08,2024,11,Q4,Beauty,4,56.53,0.06,212.57,Email,Desktop,South West,1,2024-11,2024-11-08
O0002556,C00923,2024-12-25,2024,12,Q4,Clothing,1,107.93,0.19,87.43,Email,Desktop,South West,1,2024-12,2024-12-25
O0002557,C00924,2023-07-21,2023,7,Q3,Sports,2,42.09,0.0,84.17,Organic Search,Tablet,Wales,0,2023-07,2023-07-21
O0002558,C00924,2023-07-26,2023,7,Q3,Home & Garden,3,94.2,0.0,282.61,Organic Search,Tablet,Wales,1,2023-07,2023-07-26
O0002559,C00924,2023-08-13,2023,8,Q3,Home & Garden,2,44.25,0.0,88.5,Organic Search,Tablet,Wales,1,2023-08,2023-08-13
O0002560,C00924,2024-07-18,2024,7,Q3,Clothing,3,45.77,0.0,137.31,Organic Search,Tablet,Wales,1,2024-07,2024-07-18
O0002561,C00924,2024-09-12,2024,9,Q3,Home & Garden,3,79.87,0.0,239.61,Organic Search,Tablet,Wales,1,2024-09,2024-09-12
O0002562,C00925,2023-02-08,2023,2,Q1,Electronics,1,74.97,0.0,74.97,Organic Search,Mobile,Wales,0,2023-02,2023-02-08
O0002563,C00925,2023-02-13,2023,2,Q1,Electronics,4,175.03,0.0,700.11,Organic Search,Mobile,Wales,1,2023-02,2023-02-13
O0002564,C00925,2023-04-03,2023,4,Q2,Electronics,2,48.99,0.07,91.12,Organic Search,Mobile,Wales,1,2023-04,2023-04-03
O0002565,C00925,2023-05-30,2023,5,Q2,Electronics,3,158.41,0.01,470.47,Organic Search,Mobile,Wales,1,2023-05,2023-05-30
O0002566,C00925,2023-10-23,2023,10,Q4,Electronics,1,221.04,0.0,221.04,Organic Search,Mobile,Wales,1,2023-10,2023-10-23
O0002567,C00925,2023-12-31,2023,12,Q4,Sports,3,106.56,0.02,313.28,Organic Search,Mobile,Wales,1,2023-12,2023-12-31
O0002568,C00925,2024-01-01,2024,1,Q1,Electronics,1,125.82,0.0,125.82,Organic Search,Mobile,Wales,1,2024-01,2024-01-01
O0002569,C00925,2024-03-06,2024,3,Q1,Electronics,3,122.36,0.0,367.08,Organic Search,Mobile,Wales,1,2024-03,2024-03-06
O0002570,C00925,2024-05-20,2024,5,Q2,Toys,3,35.95,0.0,107.85,Organic Search,Mobile,Wales,1,2024-05,2024-05-20
O0002571,C00925,2024-07-27,2024,7,Q3,Electronics,4,152.14,0.0,608.55,Organic Search,Mobile,Wales,1,2024-07,2024-07-27
O0002572,C00925,2024-08-05,2024,8,Q3,Electronics,2,87.23,0.0,174.47,Organic Search,Mobile,Wales,1,2024-08,2024-08-05
O0002573,C00925,2024-10-26,2024,10,Q4,Home & Garden,2,44.16,0.23,68.01,Organic Search,Mobile,Wales,1,2024-10,2024-10-26
O0002574,C00926,2023-01-01,2023,1,Q1,Clothing,2,88.28,0.0,176.56,Organic Search,Tablet,South West,0,2023-01,2023-01-01
O0002575,C00927,2022-08-22,2022,8,Q3,Beauty,3,32.01,0.13,83.55,Organic Search,Desktop,North West,0,2022-08,2022-08-22
O0002576,C00927,2023-03-18,2023,3,Q1,Beauty,4,43.08,0.01,170.59,Organic Search,Desktop,North West,1,2023-03,2023-03-18
O0002577,C00928,2024-06-23,2024,6,Q2,Clothing,4,75.95,0.0,303.82,Organic Search,Tablet,London,0,2024-06,2024-06-23
O0002578,C00928,2024-09-07,2024,9,Q3,Clothing,2,49.52,0.0,99.03,Organic Search,Tablet,London,1,2024-09,2024-09-07
O0002579,C00930,2024-07-08,2024,7,Q3,Electronics,1,74.26,0.0,74.26,Paid Search,Desktop,North West,0,2024-07,2024-07-08
O0002580,C00930,2024-07-23,2024,7,Q3,Clothing,3,45.72,0.0,137.17,Paid Search,Desktop,North West,1,2024-07,2024-07-23
O0002581,C00930,2024-08-12,2024,8,Q3,Clothing,2,24.51,0.0,49.03,Paid Search,Desktop,North West,1,2024-08,2024-08-12
O0002582,C00930,2024-10-08,2024,10,Q4,Clothing,4,68.49,0.0,273.96,Paid Search,Desktop,North West,1,2024-10,2024-10-08
O0002583,C00930,2024-12-17,2024,12,Q4,Home & Garden,2,126.94,0.0,253.88,Paid Search,Desktop,North West,1,2024-12,2024-12-17
O0002584,C00930,2024-12-21,2024,12,Q4,Clothing,1,109.68,0.0,109.68,Paid Search,Desktop,North West,1,2024-12,2024-12-21
O0002585,C00931,2022-08-16,2022,8,Q3,Beauty,3,30.13,0.0,90.4,Email,Mobile,North East,0,2022-08,2022-08-16
O0002586,C00931,2023-05-09,2023,5,Q2,Beauty,1,56.79,0.0,56.79,Email,Mobile,North East,1,2023-05,2023-05-09
O0002587,C00932,2023-12-10,2023,12,Q4,Electronics,1,275.12,0.0,275.12,Paid Search,Mobile,London,0,2023-12,2023-12-10
O0002588,C00932,2024-04-04,2024,4,Q2,Electronics,2,162.12,0.0,324.24,Paid Search,Mobile,London,1,2024-04,2024-04-04
O0002589,C00932,2024-11-06,2024,11,Q4,Electronics,3,173.48,0.01,515.23,Paid Search,Mobile,London,1,2024-11,2024-11-06
O0002590,C00933,2022-01-04,2022,1,Q1,Sports,4,54.54,0.0,218.15,Organic Search,Mobile,Scotland,0,2022-01,2022-01-04
O0002591,C00934,2021-05-14,2021,5,Q2,Electronics,1,115.94,0.0,115.94,Organic Search,Desktop,Scotland,0,2021-05,2021-05-14
O0002592,C00934,2021-11-25,2021,11,Q4,Electronics,4,184.21,0.0,736.86,Organic Search,Desktop,Scotland,1,2021-11,2021-11-25
O0002593,C00934,2022-06-17,2022,6,Q2,Electronics,3,224.69,0.0,674.07,Organic Search,Desktop,Scotland,1,2022-06,2022-06-17
O0002594,C00934,2022-10-23,2022,10,Q4,Clothing,2,46.43,0.09,84.5,Organic Search,Desktop,Scotland,1,2022-10,2022-10-23
O0002595,C00934,2023-05-15,2023,5,Q2,Electronics,2,186.83,0.0,373.66,Organic Search,Desktop,Scotland,1,2023-05,2023-05-15
O0002596,C00935,2024-10-06,2024,10,Q4,Home & Garden,1,45.61,0.0,45.61,Organic Search,Mobile,Wales,0,2024-10,2024-10-06
O0002597,C00936,2022-09-10,2022,9,Q3,Home & Garden,2,80.69,0.0,161.39,Email,Desktop,Scotland,0,2022-09,2022-09-10
O0002598,C00936,2024-08-13,2024,8,Q3,Home & Garden,3,99.16,0.03,288.56,Email,Desktop,Scotland,1,2024-08,2024-08-13
O0002599,C00937,2022-07-18,2022,7,Q3,Clothing,2,73.2,0.0,146.39,Direct,Mobile,Midlands,0,2022-07,2022-07-18
O0002600,C00937,2022-11-07,2022,11,Q4,Toys,4,31.09,0.25,93.28,Direct,Mobile,Midlands,1,2022-11,2022-11-07
O0002601,C00938,2022-07-16,2022,7,Q3,Beauty,2,28.72,0.02,56.29,Social Media,Tablet,Wales,0,2022-07,2022-07-16
O0002602,C00938,2024-12-19,2024,12,Q4,Beauty,2,68.81,0.0,137.61,Social Media,Tablet,Wales,1,2024-12,2024-12-19
O0002603,C00939,2023-01-22,2023,1,Q1,Electronics,1,183.35,0.0,183.35,Paid Search,Desktop,North East,0,2023-01,2023-01-22
O0002604,C00939,2023-03-25,2023,3,Q1,Toys,3,6.12,0.02,17.99,Paid Search,Desktop,North East,1,2023-03,2023-03-25
O0002605,C00939,2023-07-25,2023,7,Q3,Home & Garden,4,20.53,0.0,82.12,Paid Search,Desktop,North East,1,2023-07,2023-07-25
O0002606,C00939,2023-08-16,2023,8,Q3,Electronics,2,40.97,0.0,81.94,Paid Search,Desktop,North East,1,2023-08,2023-08-16
O0002607,C00939,2023-09-04,2023,9,Q3,Electronics,4,120.52,0.0,482.08,Paid Search,Desktop,North East,1,2023-09,2023-09-04
O0002608,C00939,2023-10-27,2023,10,Q4,Electronics,4,130.38,0.0,521.51,Paid Search,Desktop,North East,1,2023-10,2023-10-27
O0002609,C00939,2024-08-23,2024,8,Q3,Beauty,3,24.03,0.0,72.09,Paid Search,Desktop,North East,1,2024-08,2024-08-23
O0002610,C00940,2024-07-24,2024,7,Q3,Electronics,2,91.75,0.0,183.51,Paid Search,Mobile,Midlands,0,2024-07,2024-07-24
O0002611,C00942,2024-09-18,2024,9,Q3,Home & Garden,3,114.73,0.0,344.19,Organic Search,Desktop,South West,0,2024-09,2024-09-18
O0002612,C00943,2024-12-17,2024,12,Q4,Beauty,2,68.23,0.0,136.46,Email,Mobile,Yorkshire,0,2024-12,2024-12-17
O0002613,C00944,2023-02-20,2023,2,Q1,Clothing,2,102.42,0.0,204.84,Email,Mobile,South West,0,2023-02,2023-02-20
O0002614,C00944,2023-08-31,2023,8,Q3,Clothing,1,38.43,0.0,38.43,Email,Mobile,South West,1,2023-08,2023-08-31
O0002615,C00944,2023-09-24,2023,9,Q3,Clothing,2,38.05,0.0,76.1,Email,Mobile,South West,1,2023-09,2023-09-24
O0002616,C00944,2024-05-08,2024,5,Q2,Clothing,1,88.4,0.07,82.22,Email,Mobile,South West,1,2024-05,2024-05-08
O0002617,C00944,2024-10-02,2024,10,Q4,Clothing,2,62.18,0.12,109.44,Email,Mobile,South West,1,2024-10,2024-10-02
O0002618,C00944,2024-11-21,2024,11,Q4,Beauty,3,67.06,0.0,201.18,Email,Mobile,South West,1,2024-11,2024-11-21
O0002619,C00946,2024-06-28,2024,6,Q2,Beauty,3,7.79,0.0,23.36,Direct,Mobile,Scotland,0,2024-06,2024-06-28
O0002620,C00946,2024-11-12,2024,11,Q4,Beauty,2,57.59,0.06,108.27,Direct,Mobile,Scotland,1,2024-11,2024-11-12
O0002621,C00947,2021-11-09,2021,11,Q4,Books,4,34.82,0.0,139.29,Organic Search,Mobile,Yorkshire,0,2021-11,2021-11-09
O0002622,C00947,2022-04-01,2022,4,Q2,Sports,1,69.88,0.2,55.9,Organic Search,Mobile,Yorkshire,1,2022-04,2022-04-01
O0002623,C00947,2022-12-18,2022,12,Q4,Electronics,3,277.84,0.0,833.53,Organic Search,Mobile,Yorkshire,1,2022-12,2022-12-18
O0002624,C00947,2023-07-11,2023,7,Q3,Books,4,22.45,0.0,89.81,Organic Search,Mobile,Yorkshire,1,2023-07,2023-07-11
O0002625,C00947,2024-05-06,2024,5,Q2,Electronics,4,145.65,0.0,582.6,Organic Search,Mobile,Yorkshire,1,2024-05,2024-05-06
O0002626,C00947,2024-12-05,2024,12,Q4,Beauty,4,52.32,0.0,209.28,Organic Search,Mobile,Yorkshire,1,2024-12,2024-12-05
O0002627,C00949,2021-11-16,2021,11,Q4,Electronics,1,210.88,0.0,210.88,Email,Mobile,Yorkshire,0,2021-11,2021-11-16
O0002628,C00949,2021-12-09,2021,12,Q4,Clothing,2,99.31,0.23,152.93,Email,Mobile,Yorkshire,1,2021-12,2021-12-09
O0002629,C00949,2022-06-20,2022,6,Q2,Beauty,4,41.63,0.0,166.51,Email,Mobile,Yorkshire,1,2022-06,2022-06-20
O0002630,C00949,2022-11-14,2022,11,Q4,Clothing,3,85.18,0.0,255.53,Email,Mobile,Yorkshire,1,2022-11,2022-11-14
O0002631,C00950,2024-12-01,2024,12,Q4,Home & Garden,4,144.45,0.0,577.79,Organic Search,Desktop,Midlands,0,2024-12,2024-12-01
O0002632,C00951,2024-11-12,2024,11,Q4,Home & Garden,2,142.82,0.0,285.64,Referral,Desktop,Scotland,0,2024-11,2024-11-12
O0002633,C00952,2024-11-05,2024,11,Q4,Beauty,3,43.17,0.02,126.92,Email,Mobile,Yorkshire,0,2024-11,2024-11-05
O0002634,C00952,2024-11-06,2024,11,Q4,Beauty,1,55.58,0.0,55.58,Email,Mobile,Yorkshire,1,2024-11,2024-11-06
O0002635,C00952,2024-11-08,2024,11,Q4,Clothing,3,73.48,0.0,220.45,Email,Mobile,Yorkshire,1,2024-11,2024-11-08
O0002636,C00953,2023-12-15,2023,12,Q4,Clothing,2,82.76,0.0,165.51,Social Media,Desktop,South West,0,2023-12,2023-12-15
O0002637,C00953,2024-03-26,2024,3,Q1,Beauty,2,38.57,0.0,77.13,Social Media,Desktop,South West,1,2024-03,2024-03-26
O0002638,C00953,2024-05-04,2024,5,Q2,Clothing,3,43.58,0.0,130.73,Social Media,Desktop,South West,1,2024-05,2024-05-04
O0002639,C00954,2024-09-13,2024,9,Q3,Sports,2,71.1,0.0,142.2,Paid Search,Desktop,North West,0,2024-09,2024-09-13
O0002640,C00954,2024-09-29,2024,9,Q3,Beauty,4,30.06,0.0,120.24,Paid Search,Desktop,North West,1,2024-09,2024-09-29
O0002641,C00955,2024-07-11,2024,7,Q3,Electronics,1,130.28,0.16,109.44,Direct,Mobile,London,0,2024-07,2024-07-11
O0002642,C00956,2023-04-22,2023,4,Q2,Home & Garden,4,108.03,0.13,375.94,Organic Search,Mobile,South East,0,2023-04,2023-04-22
O0002643,C00956,2023-08-04,2023,8,Q3,Clothing,2,37.79,0.01,74.83,Organic Search,Mobile,South East,1,2023-08,2023-08-04
O0002644,C00956,2024-03-05,2024,3,Q1,Clothing,4,63.82,0.14,219.55,Organic Search,Mobile,South East,1,2024-03,2024-03-05
O0002645,C00957,2023-06-17,2023,6,Q2,Toys,3,19.9,0.0,59.7,Social Media,Mobile,Scotland,0,2023-06,2023-06-17
O0002646,C00957,2024-05-02,2024,5,Q2,Toys,4,36.7,0.0,146.8,Social Media,Mobile,Scotland,1,2024-05,2024-05-02
O0002647,C00957,2024-11-14,2024,11,Q4,Clothing,4,75.11,0.0,300.42,Social Media,Mobile,Scotland,1,2024-11,2024-11-14
O0002648,C00958,2024-08-22,2024,8,Q3,Electronics,2,38.7,0.0,77.39,Organic Search,Desktop,Midlands,0,2024-08,2024-08-22
O0002649,C00958,2024-11-05,2024,11,Q4,Electronics,3,168.58,0.0,505.73,Organic Search,Desktop,Midlands,1,2024-11,2024-11-05
O0002650,C00959,2023-10-25,2023,10,Q4,Home & Garden,4,88.7,0.0,354.81,Direct,Desktop,North East,0,2023-10,2023-10-25
O0002651,C00960,2022-04-18,2022,4,Q2,Beauty,1,51.31,0.23,39.51,Direct,Desktop,Wales,0,2022-04,2022-04-18
O0002652,C00960,2023-04-09,2023,4,Q2,Beauty,4,26.63,0.0,106.54,Direct,Desktop,Wales,1,2023-04,2023-04-09
O0002653,C00960,2023-05-08,2023,5,Q2,Beauty,2,49.86,0.18,81.77,Direct,Desktop,Wales,1,2023-05,2023-05-08
O0002654,C00961,2023-05-18,2023,5,Q2,Electronics,2,106.33,0.0,212.65,Email,Tablet,Midlands,0,2023-05,2023-05-18
O0002655,C00961,2024-01-01,2024,1,Q1,Electronics,1,79.91,0.25,59.94,Email,Tablet,Midlands,1,2024-01,2024-01-01
O0002656,C00961,2024-05-29,2024,5,Q2,Electronics,3,139.08,0.0,417.23,Email,Tablet,Midlands,1,2024-05,2024-05-29
O0002657,C00961,2024-07-24,2024,7,Q3,Electronics,3,131.74,0.0,395.22,Email,Tablet,Midlands,1,2024-07,2024-07-24
O0002658,C00963,2024-03-03,2024,3,Q1,Clothing,2,55.93,0.0,111.86,Organic Search,Mobile,North West,0,2024-03,2024-03-03
O0002659,C00964,2023-06-08,2023,6,Q2,Electronics,3,159.05,0.0,477.15,Organic Search,Mobile,Scotland,0,2023-06,2023-06-08
O0002660,C00964,2023-06-30,2023,6,Q2,Clothing,4,48.44,0.0,193.75,Organic Search,Mobile,Scotland,1,2023-06,2023-06-30
O0002661,C00964,2023-07-15,2023,7,Q3,Clothing,2,35.46,0.19,57.44,Organic Search,Mobile,Scotland,1,2023-07,2023-07-15
O0002662,C00964,2023-09-15,2023,9,Q3,Clothing,4,86.84,0.0,347.34,Organic Search,Mobile,Scotland,1,2023-09,2023-09-15
O0002663,C00964,2023-10-01,2023,10,Q4,Clothing,4,40.73,0.0,162.9,Organic Search,Mobile,Scotland,1,2023-10,2023-10-01
O0002664,C00964,2024-01-26,2024,1,Q1,Clothing,3,25.92,0.0,77.75,Organic Search,Mobile,Scotland,1,2024-01,2024-01-26
O0002665,C00964,2024-06-23,2024,6,Q2,Clothing,4,63.76,0.0,255.05,Organic Search,Mobile,Scotland,1,2024-06,2024-06-23
O0002666,C00965,2023-12-18,2023,12,Q4,Home & Garden,1,88.8,0.21,70.15,Paid Search,Desktop,South East,0,2023-12,2023-12-18
O0002667,C00965,2024-02-04,2024,2,Q1,Home & Garden,1,62.21,0.0,62.21,Paid Search,Desktop,South East,1,2024-02,2024-02-04
O0002668,C00965,2024-03-08,2024,3,Q1,Beauty,1,52.96,0.14,45.54,Paid Search,Desktop,South East,1,2024-03,2024-03-08
O0002669,C00965,2024-04-09,2024,4,Q2,Home & Garden,2,56.02,0.0,112.04,Paid Search,Desktop,South East,1,2024-04,2024-04-09
O0002670,C00966,2024-05-14,2024,5,Q2,Home & Garden,2,111.55,0.0,223.1,Email,Mobile,London,0,2024-05,2024-05-14
O0002671,C00967,2022-09-15,2022,9,Q3,Electronics,3,183.57,0.0,550.7,Organic Search,Mobile,Wales,0,2022-09,2022-09-15
O0002672,C00967,2024-02-25,2024,2,Q1,Electronics,3,182.71,0.0,548.12,Organic Search,Mobile,Wales,1,2024-02,2024-02-25
O0002673,C00968,2023-01-05,2023,1,Q1,Clothing,2,47.58,0.17,78.97,Social Media,Mobile,London,0,2023-01,2023-01-05
O0002674,C00968,2023-09-26,2023,9,Q3,Electronics,1,45.08,0.0,45.08,Social Media,Mobile,London,1,2023-09,2023-09-26
O0002675,C00968,2023-10-14,2023,10,Q4,Electronics,2,197.39,0.0,394.78,Social Media,Mobile,London,1,2023-10,2023-10-14
O0002676,C00968,2023-10-23,2023,10,Q4,Electronics,4,174.38,0.08,641.72,Social Media,Mobile,London,1,2023-10,2023-10-23
O0002677,C00968,2023-12-12,2023,12,Q4,Electronics,4,116.14,0.0,464.55,Social Media,Mobile,London,1,2023-12,2023-12-12
O0002678,C00968,2024-01-10,2024,1,Q1,Home & Garden,2,64.2,0.16,107.85,Social Media,Mobile,London,1,2024-01,2024-01-10
O0002679,C00968,2024-09-05,2024,9,Q3,Sports,1,57.98,0.01,57.4,Social Media,Mobile,London,1,2024-09,2024-09-05
O0002680,C00968,2024-10-25,2024,10,Q4,Electronics,4,182.61,0.09,664.71,Social Media,Mobile,London,1,2024-10,2024-10-25
O0002681,C00969,2024-03-08,2024,3,Q1,Home & Garden,4,72.92,0.0,291.69,Email,Tablet,London,0,2024-03,2024-03-08
O0002682,C00970,2021-01-19,2021,1,Q1,Clothing,4,45.71,0.1,164.55,Organic Search,Mobile,South West,0,2021-01,2021-01-19
O0002683,C00970,2022-06-18,2022,6,Q2,Clothing,1,71.4,0.0,71.4,Organic Search,Mobile,South West,1,2022-06,2022-06-18
O0002684,C00970,2022-07-21,2022,7,Q3,Clothing,1,31.0,0.0,31.0,Organic Search,Mobile,South West,1,2022-07,2022-07-21
O0002685,C00970,2024-05-28,2024,5,Q2,Clothing,3,43.48,0.23,100.44,Organic Search,Mobile,South West,1,2024-05,2024-05-28
O0002686,C00970,2024-11-23,2024,11,Q4,Clothing,1,59.48,0.13,51.74,Organic Search,Mobile,South West,1,2024-11,2024-11-23
O0002687,C00970,2024-11-26,2024,11,Q4,Clothing,2,105.88,0.11,188.47,Organic Search,Mobile,South West,1,2024-11,2024-11-26
O0002688,C00971,2022-06-16,2022,6,Q2,Home & Garden,3,113.89,0.0,341.68,Social Media,Desktop,North East,0,2022-06,2022-06-16
O0002689,C00971,2022-09-23,2022,9,Q3,Home & Garden,4,105.82,0.0,423.27,Social Media,Desktop,North East,1,2022-09,2022-09-23
O0002690,C00971,2023-12-25,2023,12,Q4,Home & Garden,3,145.02,0.0,435.05,Social Media,Desktop,North East,1,2023-12,2023-12-25
O0002691,C00972,2023-10-11,2023,10,Q4,Electronics,1,94.3,0.0,94.3,Email,Desktop,South East,0,2023-10,2023-10-11
O0002692,C00972,2024-01-02,2024,1,Q1,Home & Garden,4,46.83,0.1,168.58,Email,Desktop,South East,1,2024-01,2024-01-02
O0002693,C00972,2024-06-20,2024,6,Q2,Home & Garden,3,97.79,0.17,243.49,Email,Desktop,South East,1,2024-06,2024-06-20
O0002694,C00973,2023-12-08,2023,12,Q4,Sports,3,64.81,0.0,194.43,Referral,Mobile,London,0,2023-12,2023-12-08
O0002695,C00973,2024-01-09,2024,1,Q1,Sports,3,23.2,0.0,69.6,Referral,Mobile,London,1,2024-01,2024-01-09
O0002696,C00973,2024-06-11,2024,6,Q2,Clothing,4,28.95,0.0,115.78,Referral,Mobile,London,1,2024-06,2024-06-11
O0002697,C00973,2024-11-18,2024,11,Q4,Beauty,2,61.03,0.0,122.07,Referral,Mobile,London,1,2024-11,2024-11-18
O0002698,C00973,2024-12-27,2024,12,Q4,Sports,3,84.61,0.19,205.59,Referral,Mobile,London,1,2024-12,2024-12-27
O0002699,C00974,2024-11-03,2024,11,Q4,Clothing,1,93.89,0.21,74.17,Organic Search,Mobile,South East,0,2024-11,2024-11-03
O0002700,C00976,2023-10-27,2023,10,Q4,Clothing,1,120.5,0.2,96.4,Email,Mobile,London,0,2023-10,2023-10-27
O0002701,C00977,2022-11-22,2022,11,Q4,Home & Garden,3,96.32,0.06,271.62,Organic Search,Mobile,Yorkshire,0,2022-11,2022-11-22
O0002702,C00977,2022-12-04,2022,12,Q4,Sports,2,88.65,0.0,177.3,Organic Search,Mobile,Yorkshire,1,2022-12,2022-12-04
O0002703,C00977,2023-06-17,2023,6,Q2,Toys,3,47.37,0.0,142.12,Organic Search,Mobile,Yorkshire,1,2023-06,2023-06-17
O0002704,C00977,2023-09-05,2023,9,Q3,Electronics,3,80.55,0.0,241.65,Organic Search,Mobile,Yorkshire,1,2023-09,2023-09-05
O0002705,C00977,2024-06-25,2024,6,Q2,Clothing,3,50.69,0.07,141.43,Organic Search,Mobile,Yorkshire,1,2024-06,2024-06-25
O0002706,C00978,2022-06-13,2022,6,Q2,Electronics,2,199.86,0.0,399.71,Referral,Mobile,North East,0,2022-06,2022-06-13
O0002707,C00978,2022-11-15,2022,11,Q4,Sports,1,79.56,0.21,62.85,Referral,Mobile,North East,1,2022-11,2022-11-15
O0002708,C00978,2023-02-11,2023,2,Q1,Clothing,1,70.65,0.0,70.65,Referral,Mobile,North East,1,2023-02,2023-02-11
O0002709,C00978,2023-05-21,2023,5,Q2,Sports,4,70.17,0.12,246.98,Referral,Mobile,North East,1,2023-05,2023-05-21
O0002710,C00978,2023-06-26,2023,6,Q2,Electronics,4,183.51,0.0,734.04,Referral,Mobile,North East,1,2023-06,2023-06-26
O0002711,C00978,2023-09-05,2023,9,Q3,Books,1,18.25,0.0,18.25,Referral,Mobile,North East,1,2023-09,2023-09-05
O0002712,C00978,2024-06-08,2024,6,Q2,Electronics,1,163.74,0.0,163.74,Referral,Mobile,North East,1,2024-06,2024-06-08
O0002713,C00978,2024-12-21,2024,12,Q4,Electronics,1,231.04,0.15,196.38,Referral,Mobile,North East,1,2024-12,2024-12-21
O0002714,C00979,2023-12-03,2023,12,Q4,Home & Garden,2,129.43,0.1,232.97,Paid Search,Mobile,Midlands,0,2023-12,2023-12-03
O0002715,C00979,2024-02-29,2024,2,Q1,Home & Garden,3,44.52,0.0,133.57,Paid Search,Mobile,Midlands,1,2024-02,2024-02-29
O0002716,C00979,2024-04-07,2024,4,Q2,Sports,1,108.45,0.0,108.45,Paid Search,Mobile,Midlands,1,2024-04,2024-04-07
O0002717,C00979,2024-04-25,2024,4,Q2,Home & Garden,4,45.09,0.09,164.13,Paid Search,Mobile,Midlands,1,2024-04,2024-04-25
O0002718,C00979,2024-06-27,2024,6,Q2,Home & Garden,1,55.8,0.0,55.8,Paid Search,Mobile,Midlands,1,2024-06,2024-06-27
O0002719,C00979,2024-09-13,2024,9,Q3,Home & Garden,2,41.46,0.0,82.93,Paid Search,Mobile,Midlands,1,2024-09,2024-09-13
O0002720,C00979,2024-11-06,2024,11,Q4,Home & Garden,1,79.28,0.0,79.28,Paid Search,Mobile,Midlands,1,2024-11,2024-11-06
O0002721,C00980,2022-02-01,2022,2,Q1,Clothing,3,28.12,0.16,70.86,Referral,Desktop,Midlands,0,2022-02,2022-02-01
O0002722,C00980,2022-05-15,2022,5,Q2,Clothing,4,57.14,0.0,228.57,Referral,Desktop,Midlands,1,2022-05,2022-05-15
O0002723,C00980,2024-05-07,2024,5,Q2,Clothing,4,98.35,0.0,393.4,Referral,Desktop,Midlands,1,2024-05,2024-05-07
O0002724,C00981,2023-09-26,2023,9,Q3,Clothing,3,65.58,0.0,196.74,Direct,Desktop,Scotland,0,2023-09,2023-09-26
O0002725,C00982,2022-09-10,2022,9,Q3,Electronics,2,158.24,0.0,316.48,Organic Search,Mobile,South West,0,2022-09,2022-09-10
O0002726,C00982,2023-03-18,2023,3,Q1,Electronics,4,72.0,0.07,267.82,Organic Search,Mobile,South West,1,2023-03,2023-03-18
O0002727,C00983,2024-01-20,2024,1,Q1,Electronics,1,84.65,0.0,84.65,Paid Search,Desktop,Yorkshire,0,2024-01,2024-01-20
O0002728,C00985,2021-11-23,2021,11,Q4,Clothing,3,97.53,0.03,283.8,Direct,Desktop,Scotland,0,2021-11,2021-11-23
O0002729,C00985,2022-02-24,2022,2,Q1,Clothing,1,33.9,0.0,33.9,Direct,Desktop,Scotland,1,2022-02,2022-02-24
O0002730,C00985,2023-07-19,2023,7,Q3,Clothing,4,51.62,0.0,206.47,Direct,Desktop,Scotland,1,2023-07,2023-07-19
O0002731,C00985,2024-06-22,2024,6,Q2,Clothing,2,48.51,0.0,97.03,Direct,Desktop,Scotland,1,2024-06,2024-06-22
O0002732,C00985,2024-11-01,2024,11,Q4,Clothing,2,49.26,0.0,98.53,Direct,Desktop,Scotland,1,2024-11,2024-11-01
O0002733,C00986,2022-02-22,2022,2,Q1,Home & Garden,1,46.33,0.0,46.33,Organic Search,Desktop,London,0,2022-02,2022-02-22
O0002734,C00986,2022-03-05,2022,3,Q1,Clothing,2,51.03,0.0,102.06,Organic Search,Desktop,London,1,2022-03,2022-03-05
O0002735,C00986,2022-03-13,2022,3,Q1,Clothing,4,61.98,0.0,247.91,Organic Search,Desktop,London,1,2022-03,2022-03-13
O0002736,C00986,2023-04-08,2023,4,Q2,Clothing,4,47.98,0.23,147.78,Organic Search,Desktop,London,1,2023-04,2023-04-08
O0002737,C00986,2023-04-15,2023,4,Q2,Clothing,2,61.58,0.0,123.16,Organic Search,Desktop,London,1,2023-04,2023-04-15
O0002738,C00986,2024-12-25,2024,12,Q4,Home & Garden,2,108.92,0.18,178.64,Organic Search,Desktop,London,1,2024-12,2024-12-25
O0002739,C00987,2023-07-08,2023,7,Q3,Beauty,2,52.34,0.13,91.08,Email,Desktop,South East,0,2023-07,2023-07-08
O0002740,C00987,2023-08-18,2023,8,Q3,Clothing,3,30.81,0.15,78.56,Email,Desktop,South East,1,2023-08,2023-08-18
O0002741,C00987,2023-09-26,2023,9,Q3,Beauty,1,32.37,0.0,32.37,Email,Desktop,South East,1,2023-09,2023-09-26
O0002742,C00987,2023-10-03,2023,10,Q4,Sports,2,47.63,0.0,95.26,Email,Desktop,South East,1,2023-10,2023-10-03
O0002743,C00987,2023-10-21,2023,10,Q4,Beauty,2,30.77,0.0,61.54,Email,Desktop,South East,1,2023-10,2023-10-21
O0002744,C00987,2023-10-28,2023,10,Q4,Books,2,30.07,0.18,49.32,Email,Desktop,South East,1,2023-10,2023-10-28
O0002745,C00987,2024-03-13,2024,3,Q1,Beauty,3,37.52,0.25,84.41,Email,Desktop,South East,1,2024-03,2024-03-13
O0002746,C00987,2024-07-27,2024,7,Q3,Beauty,4,35.54,0.21,112.3,Email,Desktop,South East,1,2024-07,2024-07-27
O0002747,C00987,2024-08-15,2024,8,Q3,Electronics,3,113.33,0.0,339.98,Email,Desktop,South East,1,2024-08,2024-08-15
O0002748,C00988,2023-09-12,2023,9,Q3,Beauty,3,55.11,0.02,162.02,Email,Mobile,Scotland,0,2023-09,2023-09-12
O0002749,C00988,2024-10-03,2024,10,Q4,Home & Garden,1,51.1,0.0,51.1,Email,Mobile,Scotland,1,2024-10,2024-10-03
O0002750,C00989,2024-10-20,2024,10,Q4,Home & Garden,2,76.98,0.04,147.8,Paid Search,Desktop,Midlands,0,2024-10,2024-10-20
O0002751,C00989,2024-11-14,2024,11,Q4,Home & Garden,1,70.21,0.0,70.21,Paid Search,Desktop,Midlands,1,2024-11,2024-11-14
O0002752,C00991,2022-11-28,2022,11,Q4,Books,4,29.56,0.0,118.25,Direct,Mobile,South East,0,2022-11,2022-11-28
O0002753,C00991,2023-03-31,2023,3,Q1,Clothing,2,38.7,0.0,77.39,Direct,Mobile,South East,1,2023-03,2023-03-31
O0002754,C00991,2023-06-03,2023,6,Q2,Clothing,4,80.75,0.0,323.01,Direct,Mobile,South East,1,2023-06,2023-06-03
O0002755,C00991,2024-06-07,2024,6,Q2,Electronics,4,142.98,0.0,571.91,Direct,Mobile,South East,1,2024-06,2024-06-07
O0002756,C00993,2024-12-29,2024,12,Q4,Sports,3,100.6,0.0,301.79,Paid Search,Desktop,Yorkshire,0,2024-12,2024-12-29
O0002757,C00994,2024-03-06,2024,3,Q1,Clothing,1,64.11,0.19,51.93,Organic Search,Mobile,London,0,2024-03,2024-03-06
O0002758,C00994,2024-08-04,2024,8,Q3,Electronics,1,127.6,0.13,111.02,Organic Search,Mobile,London,1,2024-08,2024-08-04
O0002759,C00995,2021-04-25,2021,4,Q2,Sports,1,38.57,0.06,36.26,Email,Mobile,Midlands,0,2021-04,2021-04-25
O0002760,C00995,2022-09-29,2022,9,Q3,Electronics,4,72.26,0.0,289.06,Email,Mobile,Midlands,1,2022-09,2022-09-29
O0002761,C00995,2022-11-08,2022,11,Q4,Sports,4,76.03,0.0,304.13,Email,Mobile,Midlands,1,2022-11,2022-11-08
O0002762,C00996,2022-12-10,2022,12,Q4,Beauty,2,52.03,0.0,104.05,Direct,Mobile,South East,0,2022-12,2022-12-10
O0002763,C00996,2023-02-01,2023,2,Q1,Beauty,2,26.88,0.0,53.76,Direct,Mobile,South East,1,2023-02,2023-02-01
O0002764,C00996,2023-04-04,2023,4,Q2,Beauty,4,47.18,0.0,188.72,Direct,Mobile,South East,1,2023-04,2023-04-04
O0002765,C00996,2024-11-10,2024,11,Q4,Home & Garden,2,120.89,0.14,207.94,Direct,Mobile,South East,1,2024-11,2024-11-10
O0002766,C00997,2024-10-20,2024,10,Q4,Sports,2,97.39,0.0,194.78,Organic Search,Desktop,South West,0,2024-10,2024-10-20
O0002767,C00997,2024-10-28,2024,10,Q4,Sports,4,58.44,0.0,233.78,Organic Search,Desktop,South West,1,2024-10,2024-10-28
O0002768,C00997,2024-11-06,2024,11,Q4,Sports,3,82.15,0.0,246.44,Organic Search,Desktop,South West,1,2024-11,2024-11-06
O0002769,C00997,2024-12-06,2024,12,Q4,Sports,4,97.21,0.0,388.85,Organic Search,Desktop,South West,1,2024-12,2024-12-06
O0002770,C00998,2022-12-10,2022,12,Q4,Electronics,2,221.68,0.0,443.36,Social Media,Desktop,Midlands,0,2022-12,2022-12-10
O0002771,C00998,2023-04-25,2023,4,Q2,Electronics,1,121.23,0.0,121.23,Social Media,Desktop,Midlands,1,2023-04,2023-04-25
O0002772,C00999,2024-04-06,2024,4,Q2,Electronics,4,125.54,0.0,502.18,Organic Search,Mobile,London,0,2024-04,2024-04-06
O0002773,C00999,2024-07-10,2024,7,Q3,Sports,1,64.97,0.0,64.97,Organic Search,Mobile,London,1,2024-07,2024-07-10
O0002774,C00999,2024-07-25,2024,7,Q3,Electronics,2,176.99,0.06,332.75,Organic Search,Mobile,London,1,2024-07,2024-07-25
O0002775,C00999,2024-11-11,2024,11,Q4,Electronics,3,151.44,0.01,449.79,Organic Search,Mobile,London,1,2024-11,2024-11-11
O0002776,C00999,2024-12-11,2024,12,Q4,Beauty,2,71.27,0.0,142.53,Organic Search,Mobile,London,1,2024-12,2024-12-11
O0002777,C01000,2022-12-21,2022,12,Q4,Electronics,1,149.18,0.0,149.18,Organic Search,Mobile,South East,0,2022-12,2022-12-21
O0002778,C01000,2023-12-30,2023,12,Q4,Electronics,3,208.68,0.0,626.04,Organic Search,Mobile,South East,1,2023-12,2023-12-30
O0002779,C01000,2024-01-06,2024,1,Q1,Electronics,2,96.21,0.0,192.43,Organic Search,Mobile,South East,1,2024-01,2024-01-06
O0002780,C01000,2024-01-08,2024,1,Q1,Sports,1,31.89,0.23,24.55,Organic Search,Mobile,South East,1,2024-01,2024-01-08
O0002781,C01000,2024-05-25,2024,5,Q2,Toys,2,28.69,0.17,47.62,Organic Search,Mobile,South East,1,2024-05,2024-05-25
O0002782,C01001,2023-01-03,2023,1,Q1,Clothing,2,56.53,0.05,107.41,Paid Search,Mobile,Scotland,0,2023-01,2023-01-03
O0002783,C01002,2023-02-27,2023,2,Q1,Home & Garden,1,59.42,0.02,58.23,Direct,Desktop,Scotland,0,2023-02,2023-02-27
O0002784,C01002,2024-11-10,2024,11,Q4,Clothing,2,82.56,0.03,160.17,Direct,Desktop,Scotland,1,2024-11,2024-11-10
O0002785,C01005,2023-07-01,2023,7,Q3,Toys,4,36.63,0.0,146.51,Social Media,Desktop,North East,0,2023-07,2023-07-01
O0002786,C01005,2023-08-16,2023,8,Q3,Home & Garden,2,67.25,0.0,134.5,Social Media,Desktop,North East,1,2023-08,2023-08-16
O0002787,C01005,2023-11-27,2023,11,Q4,Sports,4,86.23,0.25,258.69,Social Media,Desktop,North East,1,2023-11,2023-11-27
O0002788,C01005,2024-07-01,2024,7,Q3,Sports,3,33.38,0.16,84.12,Social Media,Desktop,North East,1,2024-07,2024-07-01
O0002789,C01005,2024-08-24,2024,8,Q3,Sports,4,15.24,0.0,60.96,Social Media,Desktop,North East,1,2024-08,2024-08-24
O0002790,C01006,2024-01-13,2024,1,Q1,Beauty,4,28.03,0.0,112.11,Referral,Mobile,London,0,2024-01,2024-01-13
O0002791,C01006,2024-02-27,2024,2,Q1,Electronics,2,57.99,0.0,115.99,Referral,Mobile,London,1,2024-02,2024-02-27
O0002792,C01006,2024-10-19,2024,10,Q4,Books,3,15.12,0.0,45.37,Referral,Mobile,London,1,2024-10,2024-10-19
O0002793,C01007,2023-04-23,2023,4,Q2,Beauty,3,26.15,0.0,78.44,Referral,Mobile,London,0,2023-04,2023-04-23
O0002794,C01008,2023-11-08,2023,11,Q4,Sports,3,80.51,0.0,241.54,Organic Search,Mobile,South East,0,2023-11,2023-11-08
O0002795,C01008,2023-11-28,2023,11,Q4,Toys,3,39.98,0.0,119.95,Organic Search,Mobile,South East,1,2023-11,2023-11-28
O0002796,C01008,2023-12-30,2023,12,Q4,Clothing,1,84.95,0.0,84.95,Organic Search,Mobile,South East,1,2023-12,2023-12-30
O0002797,C01008,2024-07-25,2024,7,Q3,Electronics,2,133.41,0.08,245.48,Organic Search,Mobile,South East,1,2024-07,2024-07-25
O0002798,C01009,2024-11-03,2024,11,Q4,Electronics,4,192.1,0.0,768.42,Email,Mobile,Yorkshire,0,2024-11,2024-11-03
O0002799,C01010,2022-03-30,2022,3,Q1,Clothing,2,33.58,0.0,67.16,Social Media,Mobile,Midlands,0,2022-03,2022-03-30
O0002800,C01010,2022-04-10,2022,4,Q2,Clothing,4,65.42,0.17,217.19,Social Media,Mobile,Midlands,1,2022-04,2022-04-10
O0002801,C01010,2022-10-10,2022,10,Q4,Clothing,4,48.34,0.17,160.47,Social Media,Mobile,Midlands,1,2022-10,2022-10-10
O0002802,C01010,2022-11-23,2022,11,Q4,Clothing,1,101.77,0.0,101.77,Social Media,Mobile,Midlands,1,2022-11,2022-11-23
O0002803,C01010,2023-03-03,2023,3,Q1,Clothing,3,59.53,0.0,178.58,Social Media,Mobile,Midlands,1,2023-03,2023-03-03
O0002804,C01010,2023-04-15,2023,4,Q2,Clothing,1,90.33,0.0,90.33,Social Media,Mobile,Midlands,1,2023-04,2023-04-15
O0002805,C01010,2023-07-10,2023,7,Q3,Electronics,3,12.17,0.03,35.41,Social Media,Mobile,Midlands,1,2023-07,2023-07-10
O0002806,C01010,2024-06-01,2024,6,Q2,Clothing,1,49.02,0.0,49.02,Social Media,Mobile,Midlands,1,2024-06,2024-06-01
O0002807,C01011,2024-06-19,2024,6,Q2,Clothing,4,49.55,0.2,158.55,Email,Desktop,North West,0,2024-06,2024-06-19
O0002808,C01011,2024-07-05,2024,7,Q3,Electronics,2,91.67,0.0,183.33,Email,Desktop,North West,1,2024-07,2024-07-05
O0002809,C01011,2024-10-09,2024,10,Q4,Clothing,1,101.83,0.0,101.83,Email,Desktop,North West,1,2024-10,2024-10-09
O0002810,C01011,2024-10-17,2024,10,Q4,Electronics,1,159.69,0.0,159.69,Email,Desktop,North West,1,2024-10,2024-10-17
O0002811,C01011,2024-11-23,2024,11,Q4,Electronics,2,210.86,0.0,421.71,Email,Desktop,North West,1,2024-11,2024-11-23
O0002812,C01013,2024-04-08,2024,4,Q2,Books,4,23.95,0.21,75.67,Organic Search,Mobile,South West,0,2024-04,2024-04-08
O0002813,C01013,2024-07-23,2024,7,Q3,Toys,4,28.94,0.0,115.77,Organic Search,Mobile,South West,1,2024-07,2024-07-23
O0002814,C01013,2024-11-13,2024,11,Q4,Toys,2,51.73,0.0,103.47,Organic Search,Mobile,South West,1,2024-11,2024-11-13
O0002815,C01013,2024-12-27,2024,12,Q4,Toys,1,34.42,0.14,29.6,Organic Search,Mobile,South West,1,2024-12,2024-12-27
O0002816,C01014,2024-10-25,2024,10,Q4,Home & Garden,2,102.35,0.0,204.7,Email,Mobile,Midlands,0,2024-10,2024-10-25
O0002817,C01014,2024-11-17,2024,11,Q4,Home & Garden,1,92.74,0.06,87.17,Email,Mobile,Midlands,1,2024-11,2024-11-17
O0002818,C01014,2024-11-29,2024,11,Q4,Home & Garden,3,109.61,0.0,328.84,Email,Mobile,Midlands,1,2024-11,2024-11-29
O0002819,C01014,2024-11-30,2024,11,Q4,Home & Garden,1,150.98,0.0,150.98,Email,Mobile,Midlands,1,2024-11,2024-11-30
O0002820,C01014,2024-12-02,2024,12,Q4,Clothing,4,112.57,0.14,387.24,Email,Mobile,Midlands,1,2024-12,2024-12-02
O0002821,C01014,2024-12-23,2024,12,Q4,Electronics,4,122.02,0.0,488.09,Email,Mobile,Midlands,1,2024-12,2024-12-23
O0002822,C01014,2024-12-25,2024,12,Q4,Home & Garden,3,95.04,0.0,285.11,Email,Mobile,Midlands,1,2024-12,2024-12-25
O0002823,C01016,2023-11-16,2023,11,Q4,Books,1,22.18,0.0,22.18,Organic Search,Mobile,Yorkshire,0,2023-11,2023-11-16
O0002824,C01016,2024-02-15,2024,2,Q1,Sports,3,37.4,0.0,112.2,Organic Search,Mobile,Yorkshire,1,2024-02,2024-02-15
O0002825,C01017,2023-12-23,2023,12,Q4,Clothing,3,96.65,0.0,289.96,Referral,Tablet,Yorkshire,0,2023-12,2023-12-23
O0002826,C01018,2024-02-27,2024,2,Q1,Electronics,2,157.74,0.02,309.17,Organic Search,Desktop,Wales,0,2024-02,2024-02-27
O0002827,C01018,2024-04-04,2024,4,Q2,Home & Garden,1,58.12,0.0,58.12,Organic Search,Desktop,Wales,1,2024-04,2024-04-04
O0002828,C01018,2024-04-21,2024,4,Q2,Electronics,4,137.07,0.24,416.7,Organic Search,Desktop,Wales,1,2024-04,2024-04-21
O0002829,C01018,2024-05-14,2024,5,Q2,Electronics,4,98.54,0.0,394.14,Organic Search,Desktop,Wales,1,2024-05,2024-05-14
O0002830,C01018,2024-09-04,2024,9,Q3,Electronics,4,172.13,0.0,688.52,Organic Search,Desktop,Wales,1,2024-09,2024-09-04
O0002831,C01018,2024-09-25,2024,9,Q3,Beauty,4,33.51,0.0,134.04,Organic Search,Desktop,Wales,1,2024-09,2024-09-25
O0002832,C01018,2024-10-07,2024,10,Q4,Sports,4,77.7,0.0,310.81,Organic Search,Desktop,Wales,1,2024-10,2024-10-07
O0002833,C01018,2024-11-18,2024,11,Q4,Electronics,2,178.01,0.0,356.03,Organic Search,Desktop,Wales,1,2024-11,2024-11-18
O0002834,C01018,2024-12-07,2024,12,Q4,Electronics,4,242.65,0.0,970.59,Organic Search,Desktop,Wales,1,2024-12,2024-12-07
O0002835,C01019,2024-12-29,2024,12,Q4,Beauty,3,55.17,0.09,150.62,Paid Search,Desktop,London,0,2024-12,2024-12-29
O0002836,C01020,2023-08-01,2023,8,Q3,Electronics,3,109.18,0.0,327.54,Social Media,Mobile,South West,0,2023-08,2023-08-01
O0002837,C01020,2024-01-31,2024,1,Q1,Clothing,2,78.67,0.04,151.05,Social Media,Mobile,South West,1,2024-01,2024-01-31
O0002838,C01021,2023-10-21,2023,10,Q4,Clothing,3,80.51,0.0,241.53,Organic Search,Mobile,Midlands,0,2023-10,2023-10-21
O0002839,C01021,2024-04-07,2024,4,Q2,Electronics,1,137.11,0.0,137.11,Organic Search,Mobile,Midlands,1,2024-04,2024-04-07
O0002840,C01021,2024-07-03,2024,7,Q3,Books,1,22.55,0.16,18.94,Organic Search,Mobile,Midlands,1,2024-07,2024-07-03
O0002841,C01021,2024-08-22,2024,8,Q3,Books,1,24.12,0.24,18.33,Organic Search,Mobile,Midlands,1,2024-08,2024-08-22
O0002842,C01022,2024-08-14,2024,8,Q3,Home & Garden,2,95.25,0.18,156.21,Paid Search,Desktop,London,0,2024-08,2024-08-14
O0002843,C01023,2024-04-14,2024,4,Q2,Home & Garden,4,107.46,0.12,378.25,Social Media,Mobile,Scotland,0,2024-04,2024-04-14
O0002844,C01024,2023-01-21,2023,1,Q1,Clothing,4,60.13,0.0,240.52,Referral,Mobile,Midlands,0,2023-01,2023-01-21
O0002845,C01024,2023-04-19,2023,4,Q2,Clothing,1,57.45,0.0,57.45,Referral,Mobile,Midlands,1,2023-04,2023-04-19
O0002846,C01025,2023-03-11,2023,3,Q1,Toys,2,27.38,0.0,54.75,Paid Search,Mobile,South East,0,2023-03,2023-03-11
O0002847,C01025,2023-08-15,2023,8,Q3,Electronics,2,131.41,0.0,262.82,Paid Search,Mobile,South East,1,2023-08,2023-08-15
O0002848,C01026,2022-03-17,2022,3,Q1,Books,4,24.39,0.0,97.57,Paid Search,Mobile,South East,0,2022-03,2022-03-17
O0002849,C01026,2022-09-24,2022,9,Q3,Books,4,11.01,0.0,44.05,Paid Search,Mobile,South East,1,2022-09,2022-09-24
O0002850,C01026,2023-02-20,2023,2,Q1,Clothing,3,17.48,0.06,49.3,Paid Search,Mobile,South East,1,2023-02,2023-02-20
O0002851,C01026,2023-03-02,2023,3,Q1,Books,1,17.39,0.0,17.39,Paid Search,Mobile,South East,1,2023-03,2023-03-02
O0002852,C01026,2023-11-02,2023,11,Q4,Books,2,29.66,0.0,59.31,Paid Search,Mobile,South East,1,2023-11,2023-11-02
O0002853,C01026,2023-11-10,2023,11,Q4,Books,4,19.69,0.11,70.08,Paid Search,Mobile,South East,1,2023-11,2023-11-10
O0002854,C01026,2024-02-23,2024,2,Q1,Books,3,17.42,0.0,52.27,Paid Search,Mobile,South East,1,2024-02,2024-02-23
O0002855,C01026,2024-04-12,2024,4,Q2,Books,3,10.9,0.0,32.71,Paid Search,Mobile,South East,1,2024-04,2024-04-12
O0002856,C01027,2022-06-03,2022,6,Q2,Books,3,37.7,0.0,113.09,Paid Search,Mobile,London,0,2022-06,2022-06-03
O0002857,C01027,2022-08-27,2022,8,Q3,Books,3,31.4,0.0,94.19,Paid Search,Mobile,London,1,2022-08,2022-08-27
O0002858,C01027,2024-10-01,2024,10,Q4,Books,3,19.17,0.03,55.79,Paid Search,Mobile,London,1,2024-10,2024-10-01
O0002859,C01028,2021-12-02,2021,12,Q4,Clothing,4,83.7,0.0,334.8,Organic Search,Mobile,Yorkshire,0,2021-12,2021-12-02
O0002860,C01028,2022-05-15,2022,5,Q2,Home & Garden,4,67.65,0.0,270.58,Organic Search,Mobile,Yorkshire,1,2022-05,2022-05-15
O0002861,C01028,2022-08-25,2022,8,Q3,Sports,2,62.82,0.05,119.36,Organic Search,Mobile,Yorkshire,1,2022-08,2022-08-25
O0002862,C01028,2024-01-03,2024,1,Q1,Sports,1,68.83,0.0,68.83,Organic Search,Mobile,Yorkshire,1,2024-01,2024-01-03
O0002863,C01028,2024-12-01,2024,12,Q4,Sports,2,81.67,0.0,163.34,Organic Search,Mobile,Yorkshire,1,2024-12,2024-12-01
O0002864,C01029,2024-08-15,2024,8,Q3,Clothing,3,67.94,0.09,185.48,Organic Search,Desktop,South East,0,2024-08,2024-08-15
O0002865,C01029,2024-09-03,2024,9,Q3,Clothing,2,78.64,0.0,157.28,Organic Search,Desktop,South East,1,2024-09,2024-09-03
O0002866,C01030,2022-02-10,2022,2,Q1,Toys,2,25.28,0.0,50.55,Paid Search,Mobile,Scotland,0,2022-02,2022-02-10
O0002867,C01030,2023-03-05,2023,3,Q1,Clothing,1,64.68,0.09,58.86,Paid Search,Mobile,Scotland,1,2023-03,2023-03-05
O0002868,C01030,2024-09-06,2024,9,Q3,Toys,1,17.89,0.1,16.1,Paid Search,Mobile,Scotland,1,2024-09,2024-09-06
O0002869,C01031,2022-06-22,2022,6,Q2,Home & Garden,3,86.73,0.0,260.2,Social Media,Desktop,North West,0,2022-06,2022-06-22
O0002870,C01031,2023-02-26,2023,2,Q1,Home & Garden,2,30.6,0.24,46.51,Social Media,Desktop,North West,1,2023-02,2023-02-26
O0002871,C01033,2024-02-09,2024,2,Q1,Sports,3,51.77,0.0,155.32,Social Media,Desktop,South East,0,2024-02,2024-02-09
O0002872,C01033,2024-03-24,2024,3,Q1,Clothing,4,37.83,0.0,151.33,Social Media,Desktop,South East,1,2024-03,2024-03-24
O0002873,C01033,2024-07-08,2024,7,Q3,Home & Garden,4,77.96,0.0,311.83,Social Media,Desktop,South East,1,2024-07,2024-07-08
O0002874,C01034,2023-04-06,2023,4,Q2,Beauty,1,25.16,0.05,23.9,Paid Search,Mobile,Wales,0,2023-04,2023-04-06
O0002875,C01034,2023-06-19,2023,6,Q2,Beauty,3,43.96,0.16,110.77,Paid Search,Mobile,Wales,1,2023-06,2023-06-19
O0002876,C01034,2023-08-30,2023,8,Q3,Beauty,4,57.09,0.0,228.36,Paid Search,Mobile,Wales,1,2023-08,2023-08-30
O0002877,C01034,2024-07-21,2024,7,Q3,Clothing,3,52.87,0.0,158.62,Paid Search,Mobile,Wales,1,2024-07,2024-07-21
O0002878,C01035,2024-07-15,2024,7,Q3,Books,1,32.4,0.0,32.4,Email,Mobile,Midlands,0,2024-07,2024-07-15
O0002879,C01035,2024-10-05,2024,10,Q4,Clothing,3,51.47,0.0,154.4,Email,Mobile,Midlands,1,2024-10,2024-10-05
O0002880,C01036,2022-01-24,2022,1,Q1,Beauty,3,20.6,0.0,61.81,Direct,Mobile,South East,0,2022-01,2022-01-24
O0002881,C01036,2023-02-10,2023,2,Q1,Beauty,2,21.19,0.09,38.57,Direct,Mobile,South East,1,2023-02,2023-02-10
O0002882,C01036,2023-11-04,2023,11,Q4,Beauty,2,46.64,0.21,73.69,Direct,Mobile,South East,1,2023-11,2023-11-04
O0002883,C01036,2023-12-25,2023,12,Q4,Beauty,4,74.49,0.0,297.96,Direct,Mobile,South East,1,2023-12,2023-12-25
O0002884,C01036,2023-12-25,2023,12,Q4,Beauty,2,41.97,0.0,83.94,Direct,Mobile,South East,1,2023-12,2023-12-25
O0002885,C01037,2021-10-09,2021,10,Q4,Home & Garden,1,109.11,0.06,102.56,Direct,Desktop,Yorkshire,0,2021-10,2021-10-09
O0002886,C01037,2021-10-10,2021,10,Q4,Electronics,2,125.15,0.0,250.3,Direct,Desktop,Yorkshire,1,2021-10,2021-10-10
O0002887,C01037,2022-04-15,2022,4,Q2,Electronics,3,147.65,0.0,442.94,Direct,Desktop,Yorkshire,1,2022-04,2022-04-15
O0002888,C01037,2022-05-30,2022,5,Q2,Electronics,2,173.77,0.13,302.35,Direct,Desktop,Yorkshire,1,2022-05,2022-05-30
O0002889,C01037,2022-12-12,2022,12,Q4,Electronics,1,319.52,0.0,319.52,Direct,Desktop,Yorkshire,1,2022-12,2022-12-12
O0002890,C01037,2023-02-02,2023,2,Q1,Electronics,4,77.03,0.0,308.12,Direct,Desktop,Yorkshire,1,2023-02,2023-02-02
O0002891,C01037,2023-06-28,2023,6,Q2,Books,1,24.66,0.0,24.66,Direct,Desktop,Yorkshire,1,2023-06,2023-06-28
O0002892,C01037,2023-08-08,2023,8,Q3,Electronics,3,90.16,0.23,208.27,Direct,Desktop,Yorkshire,1,2023-08,2023-08-08
O0002893,C01037,2023-09-29,2023,9,Q3,Books,1,23.01,0.21,18.18,Direct,Desktop,Yorkshire,1,2023-09,2023-09-29
O0002894,C01037,2023-12-18,2023,12,Q4,Electronics,4,212.36,0.0,849.44,Direct,Desktop,Yorkshire,1,2023-12,2023-12-18
O0002895,C01037,2024-08-18,2024,8,Q3,Electronics,1,152.68,0.16,128.25,Direct,Desktop,Yorkshire,1,2024-08,2024-08-18
O0002896,C01037,2024-10-19,2024,10,Q4,Home & Garden,2,107.07,0.08,197.0,Direct,Desktop,Yorkshire,1,2024-10,2024-10-19
O0002897,C01037,2024-11-30,2024,11,Q4,Clothing,1,85.23,0.0,85.23,Direct,Desktop,Yorkshire,1,2024-11,2024-11-30
O0002898,C01039,2022-10-05,2022,10,Q4,Home & Garden,1,102.56,0.0,102.56,Paid Search,Mobile,South West,0,2022-10,2022-10-05
O0002899,C01039,2023-08-21,2023,8,Q3,Home & Garden,1,75.65,0.08,69.6,Paid Search,Mobile,South West,1,2023-08,2023-08-21
O0002900,C01039,2024-07-25,2024,7,Q3,Clothing,2,62.91,0.0,125.82,Paid Search,Mobile,South West,1,2024-07,2024-07-25
O0002901,C01042,2021-07-21,2021,7,Q3,Clothing,3,49.96,0.09,136.4,Organic Search,Tablet,London,0,2021-07,2021-07-21
O0002902,C01042,2022-09-20,2022,9,Q3,Home & Garden,2,82.61,0.11,147.04,Organic Search,Tablet,London,1,2022-09,2022-09-20
O0002903,C01042,2023-12-28,2023,12,Q4,Clothing,2,88.44,0.0,176.87,Organic Search,Tablet,London,1,2023-12,2023-12-28
O0002904,C01042,2024-01-04,2024,1,Q1,Clothing,3,64.27,0.14,165.81,Organic Search,Tablet,London,1,2024-01,2024-01-04
O0002905,C01043,2024-04-07,2024,4,Q2,Beauty,3,31.46,0.0,94.37,Paid Search,Mobile,Scotland,0,2024-04,2024-04-07
O0002906,C01043,2024-05-29,2024,5,Q2,Home & Garden,2,92.04,0.0,184.08,Paid Search,Mobile,Scotland,1,2024-05,2024-05-29
O0002907,C01043,2024-06-12,2024,6,Q2,Beauty,1,47.51,0.0,47.51,Paid Search,Mobile,Scotland,1,2024-06,2024-06-12
O0002908,C01043,2024-11-21,2024,11,Q4,Beauty,3,53.48,0.0,160.45,Paid Search,Mobile,Scotland,1,2024-11,2024-11-21
O0002909,C01043,2024-11-25,2024,11,Q4,Beauty,2,46.43,0.0,92.86,Paid Search,Mobile,Scotland,1,2024-11,2024-11-25
O0002910,C01044,2024-10-01,2024,10,Q4,Electronics,2,187.18,0.0,374.36,Social Media,Desktop,South East,0,2024-10,2024-10-01
O0002911,C01044,2024-11-03,2024,11,Q4,Electronics,2,178.18,0.03,345.67,Social Media,Desktop,South East,1,2024-11,2024-11-03
O0002912,C01044,2024-11-16,2024,11,Q4,Electronics,1,229.83,0.17,190.76,Social Media,Desktop,South East,1,2024-11,2024-11-16
O0002913,C01044,2024-12-09,2024,12,Q4,Electronics,3,262.02,0.05,746.75,Social Media,Desktop,South East,1,2024-12,2024-12-09
O0002914,C01045,2021-11-16,2021,11,Q4,Sports,1,97.86,0.0,97.86,Organic Search,Mobile,South East,0,2021-11,2021-11-16
O0002915,C01045,2021-12-25,2021,12,Q4,Electronics,3,217.5,0.0,652.49,Organic Search,Mobile,South East,1,2021-12,2021-12-25
O0002916,C01045,2023-02-11,2023,2,Q1,Sports,2,36.71,0.0,73.42,Organic Search,Mobile,South East,1,2023-02,2023-02-11
O0002917,C01045,2023-10-19,2023,10,Q4,Beauty,3,45.06,0.13,117.61,Organic Search,Mobile,South East,1,2023-10,2023-10-19
O0002918,C01046,2023-03-02,2023,3,Q1,Clothing,2,72.0,0.0,144.0,Organic Search,Desktop,London,0,2023-03,2023-03-02
O0002919,C01046,2023-04-04,2023,4,Q2,Clothing,1,32.94,0.0,32.94,Organic Search,Desktop,London,1,2023-04,2023-04-04
O0002920,C01046,2023-06-14,2023,6,Q2,Electronics,4,222.34,0.0,889.38,Organic Search,Desktop,London,1,2023-06,2023-06-14
O0002921,C01047,2024-09-18,2024,9,Q3,Home & Garden,1,59.06,0.0,59.06,Referral,Desktop,Scotland,0,2024-09,2024-09-18
O0002922,C01047,2024-11-24,2024,11,Q4,Home & Garden,4,136.1,0.0,544.4,Referral,Desktop,Scotland,1,2024-11,2024-11-24
O0002923,C01049,2024-10-04,2024,10,Q4,Clothing,2,31.68,0.0,63.36,Direct,Tablet,Scotland,0,2024-10,2024-10-04
O0002924,C01049,2024-10-09,2024,10,Q4,Clothing,2,69.09,0.12,121.6,Direct,Tablet,Scotland,1,2024-10,2024-10-09
O0002925,C01049,2024-10-25,2024,10,Q4,Sports,1,57.42,0.0,57.42,Direct,Tablet,Scotland,1,2024-10,2024-10-25
O0002926,C01050,2022-10-31,2022,10,Q4,Books,4,26.63,0.0,106.53,Email,Mobile,North West,0,2022-10,2022-10-31
O0002927,C01050,2023-10-27,2023,10,Q4,Electronics,4,170.57,0.0,682.29,Email,Mobile,North West,1,2023-10,2023-10-27
O0002928,C01050,2024-05-10,2024,5,Q2,Books,4,21.09,0.2,67.49,Email,Mobile,North West,1,2024-05,2024-05-10
O0002929,C01051,2022-10-07,2022,10,Q4,Electronics,3,131.28,0.0,393.85,Organic Search,Mobile,Scotland,0,2022-10,2022-10-07
O0002930,C01051,2023-01-23,2023,1,Q1,Clothing,2,40.43,0.01,80.06,Organic Search,Mobile,Scotland,1,2023-01,2023-01-23
O0002931,C01051,2024-04-04,2024,4,Q2,Sports,2,82.89,0.0,165.77,Organic Search,Mobile,Scotland,1,2024-04,2024-04-04
O0002932,C01052,2023-01-03,2023,1,Q1,Clothing,4,54.18,0.0,216.73,Organic Search,Desktop,Yorkshire,0,2023-01,2023-01-03
O0002933,C01054,2022-09-02,2022,9,Q3,Clothing,4,47.38,0.0,189.53,Organic Search,Mobile,London,0,2022-09,2022-09-02
O0002934,C01055,2024-10-07,2024,10,Q4,Electronics,1,19.34,0.0,19.34,Email,Desktop,South East,0,2024-10,2024-10-07
O0002935,C01056,2024-12-24,2024,12,Q4,Clothing,3,120.96,0.22,283.05,Paid Search,Mobile,North West,0,2024-12,2024-12-24
O0002936,C01058,2023-12-15,2023,12,Q4,Home & Garden,2,80.5,0.0,160.99,Paid Search,Desktop,South East,0,2023-12,2023-12-15
O0002937,C01058,2024-01-24,2024,1,Q1,Home & Garden,3,60.48,0.05,172.37,Paid Search,Desktop,South East,1,2024-01,2024-01-24
O0002938,C01058,2024-05-21,2024,5,Q2,Beauty,3,39.81,0.0,119.42,Paid Search,Desktop,South East,1,2024-05,2024-05-21
O0002939,C01058,2024-12-09,2024,12,Q4,Home & Garden,4,81.46,0.0,325.83,Paid Search,Desktop,South East,1,2024-12,2024-12-09
O0002940,C01059,2024-08-09,2024,8,Q3,Electronics,4,187.65,0.0,750.6,Referral,Mobile,Wales,0,2024-08,2024-08-09
O0002941,C01059,2024-09-10,2024,9,Q3,Electronics,2,130.61,0.0,261.22,Referral,Mobile,Wales,1,2024-09,2024-09-10
O0002942,C01059,2024-10-22,2024,10,Q4,Home & Garden,3,54.26,0.0,162.78,Referral,Mobile,Wales,1,2024-10,2024-10-22
O0002943,C01059,2024-12-26,2024,12,Q4,Electronics,3,187.52,0.0,562.55,Referral,Mobile,Wales,1,2024-12,2024-12-26
O0002944,C01060,2021-05-05,2021,5,Q2,Electronics,2,99.22,0.03,192.49,Paid Search,Desktop,Scotland,0,2021-05,2021-05-05
O0002945,C01060,2021-05-29,2021,5,Q2,Books,2,25.99,0.0,51.98,Paid Search,Desktop,Scotland,1,2021-05,2021-05-29
O0002946,C01060,2022-02-07,2022,2,Q1,Clothing,3,81.61,0.21,193.43,Paid Search,Desktop,Scotland,1,2022-02,2022-02-07
O0002947,C01060,2023-07-03,2023,7,Q3,Books,4,11.35,0.22,35.41,Paid Search,Desktop,Scotland,1,2023-07,2023-07-03
O0002948,C01060,2023-09-29,2023,9,Q3,Clothing,3,55.02,0.0,165.06,Paid Search,Desktop,Scotland,1,2023-09,2023-09-29
O0002949,C01060,2023-10-17,2023,10,Q4,Books,2,15.04,0.12,26.48,Paid Search,Desktop,Scotland,1,2023-10,2023-10-17
O0002950,C01062,2023-02-19,2023,2,Q1,Beauty,4,44.45,0.11,158.23,Email,Mobile,North East,0,2023-02,2023-02-19
O0002951,C01063,2022-08-20,2022,8,Q3,Home & Garden,1,64.55,0.0,64.55,Organic Search,Mobile,Wales,0,2022-08,2022-08-20
O0002952,C01063,2024-01-18,2024,1,Q1,Home & Garden,2,50.9,0.11,90.61,Organic Search,Mobile,Wales,1,2024-01,2024-01-18
O0002953,C01063,2024-01-26,2024,1,Q1,Home & Garden,4,7.49,0.0,29.96,Organic Search,Mobile,Wales,1,2024-01,2024-01-26
O0002954,C01063,2024-05-25,2024,5,Q2,Home & Garden,4,84.53,0.0,338.11,Organic Search,Mobile,Wales,1,2024-05,2024-05-25
O0002955,C01064,2024-09-04,2024,9,Q3,Beauty,1,28.35,0.0,28.35,Organic Search,Tablet,Scotland,0,2024-09,2024-09-04
O0002956,C01064,2024-09-19,2024,9,Q3,Beauty,2,9.78,0.08,17.99,Organic Search,Tablet,Scotland,1,2024-09,2024-09-19
O0002957,C01064,2024-09-25,2024,9,Q3,Clothing,4,48.32,0.0,193.3,Organic Search,Tablet,Scotland,1,2024-09,2024-09-25
O0002958,C01064,2024-11-01,2024,11,Q4,Beauty,1,49.15,0.0,49.15,Organic Search,Tablet,Scotland,1,2024-11,2024-11-01
O0002959,C01064,2024-11-29,2024,11,Q4,Beauty,3,51.39,0.0,154.17,Organic Search,Tablet,Scotland,1,2024-11,2024-11-29
O0002960,C01064,2024-12-20,2024,12,Q4,Clothing,1,96.5,0.0,96.5,Organic Search,Tablet,Scotland,1,2024-12,2024-12-20
O0002961,C01065,2023-06-01,2023,6,Q2,Beauty,4,39.36,0.0,157.44,Organic Search,Tablet,North East,0,2023-06,2023-06-01
O0002962,C01065,2024-06-11,2024,6,Q2,Home & Garden,3,61.58,0.14,158.87,Organic Search,Tablet,North East,1,2024-06,2024-06-11
O0002963,C01065,2024-09-04,2024,9,Q3,Books,1,19.56,0.0,19.56,Organic Search,Tablet,North East,1,2024-09,2024-09-04
O0002964,C01065,2024-10-30,2024,10,Q4,Books,1,19.1,0.1,17.19,Organic Search,Tablet,North East,1,2024-10,2024-10-30
O0002965,C01065,2024-12-03,2024,12,Q4,Clothing,2,91.37,0.11,162.64,Organic Search,Tablet,North East,1,2024-12,2024-12-03
O0002966,C01065,2024-12-18,2024,12,Q4,Beauty,4,54.42,0.0,217.7,Organic Search,Tablet,North East,1,2024-12,2024-12-18
O0002967,C01066,2023-07-29,2023,7,Q3,Clothing,4,58.98,0.0,235.92,Paid Search,Desktop,London,0,2023-07,2023-07-29
O0002968,C01067,2022-12-23,2022,12,Q4,Electronics,4,253.36,0.14,871.57,Paid Search,Mobile,Scotland,0,2022-12,2022-12-23
O0002969,C01067,2023-02-05,2023,2,Q1,Electronics,3,111.12,0.12,293.35,Paid Search,Mobile,Scotland,1,2023-02,2023-02-05
O0002970,C01067,2023-03-15,2023,3,Q1,Electronics,3,116.8,0.0,350.41,Paid Search,Mobile,Scotland,1,2023-03,2023-03-15
O0002971,C01067,2023-03-22,2023,3,Q1,Clothing,1,49.3,0.17,40.92,Paid Search,Mobile,Scotland,1,2023-03,2023-03-22
O0002972,C01067,2023-09-29,2023,9,Q3,Electronics,3,134.99,0.05,384.71,Paid Search,Mobile,Scotland,1,2023-09,2023-09-29
O0002973,C01068,2023-08-21,2023,8,Q3,Home & Garden,3,73.73,0.0,221.19,Paid Search,Mobile,Scotland,0,2023-08,2023-08-21
O0002974,C01068,2024-04-25,2024,4,Q2,Home & Garden,3,64.47,0.0,193.4,Paid Search,Mobile,Scotland,1,2024-04,2024-04-25
O0002975,C01068,2024-09-12,2024,9,Q3,Home & Garden,2,58.63,0.0,117.26,Paid Search,Mobile,Scotland,1,2024-09,2024-09-12
O0002976,C01069,2023-06-01,2023,6,Q2,Sports,2,45.84,0.0,91.68,Social Media,Mobile,Scotland,0,2023-06,2023-06-01
O0002977,C01069,2024-01-08,2024,1,Q1,Books,4,34.53,0.0,138.11,Social Media,Mobile,Scotland,1,2024-01,2024-01-08
O0002978,C01069,2024-04-27,2024,4,Q2,Electronics,1,134.69,0.0,134.69,Social Media,Mobile,Scotland,1,2024-04,2024-04-27
O0002979,C01069,2024-08-17,2024,8,Q3,Beauty,2,49.01,0.0,98.01,Social Media,Mobile,Scotland,1,2024-08,2024-08-17
O0002980,C01070,2024-08-20,2024,8,Q3,Beauty,1,31.5,0.0,31.5,Social Media,Mobile,Wales,0,2024-08,2024-08-20
O0002981,C01070,2024-08-31,2024,8,Q3,Sports,3,58.75,0.0,176.24,Social Media,Mobile,Wales,1,2024-08,2024-08-31
O0002982,C01070,2024-12-25,2024,12,Q4,Sports,2,63.86,0.05,121.34,Social Media,Mobile,Wales,1,2024-12,2024-12-25
O0002983,C01071,2023-12-30,2023,12,Q4,Electronics,3,257.22,0.0,771.65,Paid Search,Mobile,South East,0,2023-12,2023-12-30
O0002984,C01071,2024-01-18,2024,1,Q1,Electronics,4,100.56,0.05,382.14,Paid Search,Mobile,South East,1,2024-01,2024-01-18
O0002985,C01071,2024-05-13,2024,5,Q2,Electronics,3,136.29,0.02,400.71,Paid Search,Mobile,South East,1,2024-05,2024-05-13
O0002986,C01071,2024-10-30,2024,10,Q4,Electronics,3,173.19,0.0,519.56,Paid Search,Mobile,South East,1,2024-10,2024-10-30
O0002987,C01075,2021-09-01,2021,9,Q3,Clothing,3,75.62,0.0,226.86,Paid Search,Mobile,Scotland,0,2021-09,2021-09-01
O0002988,C01075,2023-01-06,2023,1,Q1,Clothing,2,46.77,0.16,78.58,Paid Search,Mobile,Scotland,1,2023-01,2023-01-06
O0002989,C01075,2023-08-07,2023,8,Q3,Electronics,4,151.0,0.16,507.35,Paid Search,Mobile,Scotland,1,2023-08,2023-08-07
O0002990,C01075,2023-08-20,2023,8,Q3,Electronics,4,201.81,0.0,807.25,Paid Search,Mobile,Scotland,1,2023-08,2023-08-20
O0002991,C01076,2023-07-14,2023,7,Q3,Beauty,4,36.72,0.0,146.87,Organic Search,Mobile,London,0,2023-07,2023-07-14
O0002992,C01077,2024-03-05,2024,3,Q1,Beauty,4,36.07,0.18,118.31,Direct,Tablet,South East,0,2024-03,2024-03-05
O0002993,C01077,2024-09-25,2024,9,Q3,Sports,4,42.29,0.04,162.41,Direct,Tablet,South East,1,2024-09,2024-09-25
O0002994,C01078,2023-12-07,2023,12,Q4,Toys,1,53.77,0.16,45.17,Organic Search,Desktop,Midlands,0,2023-12,2023-12-07
O0002995,C01078,2023-12-28,2023,12,Q4,Electronics,1,196.46,0.0,196.46,Organic Search,Desktop,Midlands,1,2023-12,2023-12-28
O0002996,C01079,2022-11-18,2022,11,Q4,Toys,1,29.49,0.0,29.49,Organic Search,Desktop,South West,0,2022-11,2022-11-18
O0002997,C01079,2023-02-04,2023,2,Q1,Electronics,3,139.4,0.01,414.01,Organic Search,Desktop,South West,1,2023-02,2023-02-04
O0002998,C01080,2023-10-28,2023,10,Q4,Electronics,2,87.36,0.0,174.71,Organic Search,Mobile,Midlands,0,2023-10,2023-10-28
O0002999,C01080,2024-01-20,2024,1,Q1,Home & Garden,1,61.37,0.0,61.37,Organic Search,Mobile,Midlands,1,2024-01,2024-01-20
O0003000,C01080,2024-07-20,2024,7,Q3,Home & Garden,4,74.18,0.0,296.72,Organic Search,Mobile,Midlands,1,2024-07,2024-07-20
O0003001,C01080,2024-08-03,2024,8,Q3,Home & Garden,4,67.58,0.0,270.31,Organic Search,Mobile,Midlands,1,2024-08,2024-08-03
O0003002,C01080,2024-08-07,2024,8,Q3,Home & Garden,2,39.4,0.0,78.8,Organic Search,Mobile,Midlands,1,2024-08,2024-08-07
O0003003,C01080,2024-10-22,2024,10,Q4,Home & Garden,2,87.95,0.0,175.9,Organic Search,Mobile,Midlands,1,2024-10,2024-10-22
O0003004,C01081,2024-08-03,2024,8,Q3,Home & Garden,3,66.66,0.0,199.98,Paid Search,Desktop,North West,0,2024-08,2024-08-03
O0003005,C01081,2024-09-04,2024,9,Q3,Clothing,2,32.1,0.0,64.21,Paid Search,Desktop,North West,1,2024-09,2024-09-04
O0003006,C01081,2024-10-28,2024,10,Q4,Books,3,19.42,0.0,58.25,Paid Search,Desktop,North West,1,2024-10,2024-10-28
O0003007,C01081,2024-12-01,2024,12,Q4,Beauty,4,70.35,0.0,281.38,Paid Search,Desktop,North West,1,2024-12,2024-12-01
O0003008,C01082,2022-07-28,2022,7,Q3,Electronics,1,85.36,0.19,69.14,Organic Search,Desktop,London,0,2022-07,2022-07-28
O0003009,C01083,2021-05-21,2021,5,Q2,Clothing,4,75.77,0.18,248.53,Paid Search,Desktop,North West,0,2021-05,2021-05-21
O0003010,C01083,2023-06-01,2023,6,Q2,Clothing,4,32.71,0.0,130.86,Paid Search,Desktop,North West,1,2023-06,2023-06-01
O0003011,C01083,2023-10-18,2023,10,Q4,Clothing,3,46.15,0.0,138.46,Paid Search,Desktop,North West,1,2023-10,2023-10-18
O0003012,C01083,2023-12-23,2023,12,Q4,Clothing,4,103.57,0.0,414.29,Paid Search,Desktop,North West,1,2023-12,2023-12-23
O0003013,C01083,2024-01-23,2024,1,Q1,Home & Garden,3,85.29,0.0,255.86,Paid Search,Desktop,North West,1,2024-01,2024-01-23
O0003014,C01083,2024-10-04,2024,10,Q4,Clothing,1,79.2,0.09,72.07,Paid Search,Desktop,North West,1,2024-10,2024-10-04
O0003015,C01083,2024-12-06,2024,12,Q4,Clothing,3,83.58,0.14,215.63,Paid Search,Desktop,North West,1,2024-12,2024-12-06
O0003016,C01084,2023-10-03,2023,10,Q4,Electronics,2,220.94,0.0,441.88,Organic Search,Mobile,Scotland,0,2023-10,2023-10-03
O0003017,C01085,2023-07-17,2023,7,Q3,Home & Garden,4,81.99,0.0,327.95,Organic Search,Desktop,South East,0,2023-07,2023-07-17
O0003018,C01086,2022-08-16,2022,8,Q3,Clothing,3,53.6,0.04,154.38,Email,Desktop,Scotland,0,2022-08,2022-08-16
O0003019,C01086,2023-07-02,2023,7,Q3,Sports,3,75.9,0.02,223.14,Email,Desktop,Scotland,1,2023-07,2023-07-02
O0003020,C01087,2024-01-22,2024,1,Q1,Clothing,1,37.04,0.09,33.71,Social Media,Mobile,Scotland,0,2024-01,2024-01-22
O0003021,C01089,2024-04-14,2024,4,Q2,Books,2,10.54,0.0,21.07,Direct,Mobile,South East,0,2024-04,2024-04-14
O0003022,C01089,2024-07-05,2024,7,Q3,Electronics,1,86.75,0.0,86.75,Direct,Mobile,South East,1,2024-07,2024-07-05
O0003023,C01089,2024-08-31,2024,8,Q3,Books,1,20.64,0.0,20.64,Direct,Mobile,South East,1,2024-08,2024-08-31
O0003024,C01090,2024-05-21,2024,5,Q2,Beauty,1,52.73,0.23,40.6,Organic Search,Mobile,North West,0,2024-05,2024-05-21
O0003025,C01091,2024-03-24,2024,3,Q1,Books,1,19.36,0.0,19.36,Organic Search,Desktop,Wales,0,2024-03,2024-03-24
O0003026,C01091,2024-04-10,2024,4,Q2,Electronics,3,72.62,0.22,169.92,Organic Search,Desktop,Wales,1,2024-04,2024-04-10
O0003027,C01091,2024-07-03,2024,7,Q3,Clothing,3,62.26,0.09,169.97,Organic Search,Desktop,Wales,1,2024-07,2024-07-03
O0003028,C01091,2024-07-23,2024,7,Q3,Home & Garden,4,86.85,0.25,260.54,Organic Search,Desktop,Wales,1,2024-07,2024-07-23
O0003029,C01091,2024-08-08,2024,8,Q3,Electronics,3,156.69,0.0,470.07,Organic Search,Desktop,Wales,1,2024-08,2024-08-08
O0003030,C01091,2024-09-07,2024,9,Q3,Electronics,2,121.87,0.0,243.74,Organic Search,Desktop,Wales,1,2024-09,2024-09-07
O0003031,C01093,2023-06-03,2023,6,Q2,Clothing,4,62.76,0.14,215.89,Email,Mobile,London,0,2023-06,2023-06-03
O0003032,C01093,2024-02-01,2024,2,Q1,Clothing,1,30.87,0.23,23.77,Email,Mobile,London,1,2024-02,2024-02-01
O0003033,C01093,2024-02-28,2024,2,Q1,Clothing,2,39.04,0.0,78.08,Email,Mobile,London,1,2024-02,2024-02-28
O0003034,C01093,2024-12-20,2024,12,Q4,Electronics,3,207.5,0.16,522.91,Email,Mobile,London,1,2024-12,2024-12-20
O0003035,C01095,2024-08-18,2024,8,Q3,Clothing,4,85.46,0.17,283.72,Paid Search,Mobile,North West,0,2024-08,2024-08-18
O0003036,C01095,2024-09-15,2024,9,Q3,Clothing,3,76.98,0.0,230.94,Paid Search,Mobile,North West,1,2024-09,2024-09-15
O0003037,C01095,2024-11-15,2024,11,Q4,Clothing,4,84.74,0.0,338.98,Paid Search,Mobile,North West,1,2024-11,2024-11-15
O0003038,C01095,2024-11-30,2024,11,Q4,Sports,2,82.09,0.0,164.18,Paid Search,Mobile,North West,1,2024-11,2024-11-30
O0003039,C01096,2022-01-28,2022,1,Q1,Electronics,3,104.32,0.0,312.97,Paid Search,Mobile,Wales,0,2022-01,2022-01-28
O0003040,C01096,2024-09-17,2024,9,Q3,Electronics,4,167.39,0.21,528.94,Paid Search,Mobile,Wales,1,2024-09,2024-09-17
O0003041,C01097,2023-08-19,2023,8,Q3,Beauty,3,28.54,0.09,77.9,Organic Search,Desktop,South West,0,2023-08,2023-08-19
O0003042,C01097,2023-09-20,2023,9,Q3,Beauty,4,27.78,0.0,111.13,Organic Search,Desktop,South West,1,2023-09,2023-09-20
O0003043,C01097,2023-10-22,2023,10,Q4,Beauty,1,41.71,0.0,41.71,Organic Search,Desktop,South West,1,2023-10,2023-10-22
O0003044,C01097,2023-11-14,2023,11,Q4,Home & Garden,2,135.21,0.0,270.42,Organic Search,Desktop,South West,1,2023-11,2023-11-14
O0003045,C01097,2024-04-23,2024,4,Q2,Beauty,2,20.24,0.0,40.48,Organic Search,Desktop,South West,1,2024-04,2024-04-23
O0003046,C01097,2024-05-16,2024,5,Q2,Beauty,2,47.79,0.08,87.93,Organic Search,Desktop,South West,1,2024-05,2024-05-16
O0003047,C01097,2024-08-12,2024,8,Q3,Beauty,4,30.04,0.22,93.71,Organic Search,Desktop,South West,1,2024-08,2024-08-12
O0003048,C01097,2024-10-23,2024,10,Q4,Home & Garden,1,88.33,0.0,88.33,Organic Search,Desktop,South West,1,2024-10,2024-10-23
O0003049,C01098,2024-12-11,2024,12,Q4,Electronics,1,235.46,0.0,235.46,Social Media,Mobile,Midlands,0,2024-12,2024-12-11
O0003050,C01100,2024-06-21,2024,6,Q2,Clothing,2,97.6,0.12,171.77,Email,Mobile,London,0,2024-06,2024-06-21
O0003051,C01100,2024-07-18,2024,7,Q3,Home & Garden,4,63.55,0.0,254.18,Email,Mobile,London,1,2024-07,2024-07-18
O0003052,C01100,2024-07-25,2024,7,Q3,Electronics,4,136.93,0.0,547.72,Email,Mobile,London,1,2024-07,2024-07-25
O0003053,C01101,2023-04-27,2023,4,Q2,Clothing,3,47.23,0.0,141.68,Email,Desktop,Wales,0,2023-04,2023-04-27
O0003054,C01101,2023-12-31,2023,12,Q4,Electronics,1,176.4,0.0,176.4,Email,Desktop,Wales,1,2023-12,2023-12-31
O0003055,C01101,2024-10-28,2024,10,Q4,Electronics,1,144.84,0.24,110.08,Email,Desktop,Wales,1,2024-10,2024-10-28
O0003056,C01102,2024-02-19,2024,2,Q1,Clothing,4,11.15,0.0,44.59,Social Media,Mobile,North West,0,2024-02,2024-02-19
O0003057,C01102,2024-04-19,2024,4,Q2,Clothing,1,15.54,0.0,15.54,Social Media,Mobile,North West,1,2024-04,2024-04-19
O0003058,C01103,2023-01-07,2023,1,Q1,Electronics,4,138.97,0.11,494.73,Organic Search,Desktop,London,0,2023-01,2023-01-07
O0003059,C01103,2023-06-16,2023,6,Q2,Electronics,1,153.72,0.0,153.72,Organic Search,Desktop,London,1,2023-06,2023-06-16
O0003060,C01103,2023-09-02,2023,9,Q3,Electronics,1,98.12,0.0,98.12,Organic Search,Desktop,London,1,2023-09,2023-09-02
O0003061,C01103,2024-02-13,2024,2,Q1,Clothing,3,80.12,0.0,240.37,Organic Search,Desktop,London,1,2024-02,2024-02-13
O0003062,C01103,2024-04-18,2024,4,Q2,Electronics,3,94.19,0.0,282.57,Organic Search,Desktop,London,1,2024-04,2024-04-18
O0003063,C01104,2021-06-07,2021,6,Q2,Electronics,3,108.59,0.12,286.67,Email,Mobile,Yorkshire,0,2021-06,2021-06-07
O0003064,C01104,2023-09-27,2023,9,Q3,Electronics,2,111.43,0.0,222.85,Email,Mobile,Yorkshire,1,2023-09,2023-09-27
O0003065,C01104,2024-03-09,2024,3,Q1,Home & Garden,1,28.39,0.0,28.39,Email,Mobile,Yorkshire,1,2024-03,2024-03-09
O0003066,C01105,2023-03-19,2023,3,Q1,Electronics,3,136.49,0.0,409.48,Paid Search,Mobile,North West,0,2023-03,2023-03-19
O0003067,C01105,2023-03-29,2023,3,Q1,Electronics,2,135.78,0.0,271.57,Paid Search,Mobile,North West,1,2023-03,2023-03-29
O0003068,C01105,2024-02-09,2024,2,Q1,Home & Garden,2,85.83,0.03,166.52,Paid Search,Mobile,North West,1,2024-02,2024-02-09
O0003069,C01105,2024-10-24,2024,10,Q4,Home & Garden,4,64.42,0.0,257.68,Paid Search,Mobile,North West,1,2024-10,2024-10-24
O0003070,C01107,2022-11-15,2022,11,Q4,Electronics,3,164.09,0.0,492.28,Paid Search,Mobile,Yorkshire,0,2022-11,2022-11-15
O0003071,C01108,2022-11-18,2022,11,Q4,Books,3,34.05,0.24,77.62,Organic Search,Mobile,South East,0,2022-11,2022-11-18
O0003072,C01108,2024-05-25,2024,5,Q2,Sports,2,70.1,0.15,119.17,Organic Search,Mobile,South East,1,2024-05,2024-05-25
O0003073,C01109,2024-07-14,2024,7,Q3,Home & Garden,1,85.15,0.07,79.19,Organic Search,Mobile,South East,0,2024-07,2024-07-14
O0003074,C01109,2024-12-03,2024,12,Q4,Home & Garden,4,123.74,0.11,440.51,Organic Search,Mobile,South East,1,2024-12,2024-12-03
O0003075,C01109,2024-12-19,2024,12,Q4,Home & Garden,2,110.86,0.0,221.73,Organic Search,Mobile,South East,1,2024-12,2024-12-19
O0003076,C01110,2023-09-25,2023,9,Q3,Home & Garden,2,86.45,0.15,146.96,Email,Mobile,South West,0,2023-09,2023-09-25
O0003077,C01110,2024-07-22,2024,7,Q3,Clothing,1,67.89,0.0,67.89,Email,Mobile,South West,1,2024-07,2024-07-22
O0003078,C01113,2024-07-28,2024,7,Q3,Sports,2,57.35,0.0,114.69,Direct,Desktop,Midlands,0,2024-07,2024-07-28
O0003079,C01114,2023-05-08,2023,5,Q2,Clothing,2,75.44,0.0,150.89,Organic Search,Desktop,South East,0,2023-05,2023-05-08
O0003080,C01114,2023-09-23,2023,9,Q3,Home & Garden,4,96.36,0.0,385.46,Organic Search,Desktop,South East,1,2023-09,2023-09-23
O0003081,C01114,2024-10-08,2024,10,Q4,Beauty,1,31.59,0.0,31.59,Organic Search,Desktop,South East,1,2024-10,2024-10-08
O0003082,C01115,2022-07-25,2022,7,Q3,Clothing,4,48.84,0.0,195.36,Paid Search,Mobile,Scotland,0,2022-07,2022-07-25
O0003083,C01115,2022-08-04,2022,8,Q3,Clothing,2,76.64,0.12,134.89,Paid Search,Mobile,Scotland,1,2022-08,2022-08-04
O0003084,C01115,2022-09-20,2022,9,Q3,Clothing,2,57.93,0.0,115.86,Paid Search,Mobile,Scotland,1,2022-09,2022-09-20
O0003085,C01115,2024-01-10,2024,1,Q1,Clothing,1,58.72,0.0,58.72,Paid Search,Mobile,Scotland,1,2024-01,2024-01-10
O0003086,C01115,2024-01-18,2024,1,Q1,Beauty,4,24.94,0.0,99.76,Paid Search,Mobile,Scotland,1,2024-01,2024-01-18
O0003087,C01115,2024-02-24,2024,2,Q1,Sports,1,10.66,0.23,8.21,Paid Search,Mobile,Scotland,1,2024-02,2024-02-24
O0003088,C01115,2024-07-21,2024,7,Q3,Home & Garden,2,77.48,0.0,154.97,Paid Search,Mobile,Scotland,1,2024-07,2024-07-21
O0003089,C01115,2024-10-10,2024,10,Q4,Clothing,3,86.29,0.19,209.69,Paid Search,Mobile,Scotland,1,2024-10,2024-10-10
O0003090,C01115,2024-10-20,2024,10,Q4,Books,3,23.06,0.0,69.17,Paid Search,Mobile,Scotland,1,2024-10,2024-10-20
O0003091,C01116,2023-01-10,2023,1,Q1,Books,2,21.63,0.0,43.26,Direct,Desktop,South East,0,2023-01,2023-01-10
O0003092,C01116,2023-11-08,2023,11,Q4,Books,4,22.12,0.0,88.48,Direct,Desktop,South East,1,2023-11,2023-11-08
O0003093,C01116,2024-04-12,2024,4,Q2,Books,3,23.42,0.08,64.65,Direct,Desktop,South East,1,2024-04,2024-04-12
O0003094,C01117,2024-09-22,2024,9,Q3,Sports,2,55.96,0.05,106.32,Paid Search,Mobile,North West,0,2024-09,2024-09-22
O0003095,C01117,2024-10-01,2024,10,Q4,Sports,4,86.4,0.0,345.6,Paid Search,Mobile,North West,1,2024-10,2024-10-01
O0003096,C01119,2021-07-04,2021,7,Q3,Electronics,2,137.87,0.08,253.68,Direct,Mobile,Midlands,0,2021-07,2021-07-04
O0003097,C01119,2021-09-13,2021,9,Q3,Electronics,4,125.6,0.0,502.41,Direct,Mobile,Midlands,1,2021-09,2021-09-13
O0003098,C01119,2022-12-15,2022,12,Q4,Clothing,1,83.31,0.0,83.31,Direct,Mobile,Midlands,1,2022-12,2022-12-15
O0003099,C01119,2023-07-11,2023,7,Q3,Electronics,3,191.05,0.0,573.16,Direct,Mobile,Midlands,1,2023-07,2023-07-11
O0003100,C01119,2023-09-02,2023,9,Q3,Electronics,1,88.18,0.13,76.71,Direct,Mobile,Midlands,1,2023-09,2023-09-02
O0003101,C01119,2023-11-16,2023,11,Q4,Electronics,3,270.39,0.15,689.48,Direct,Mobile,Midlands,1,2023-11,2023-11-16
O0003102,C01120,2022-04-22,2022,4,Q2,Beauty,1,39.87,0.0,39.87,Paid Search,Tablet,South East,0,2022-04,2022-04-22
O0003103,C01120,2023-01-08,2023,1,Q1,Beauty,1,28.31,0.0,28.31,Paid Search,Tablet,South East,1,2023-01,2023-01-08
O0003104,C01120,2024-03-09,2024,3,Q1,Beauty,4,35.54,0.0,142.18,Paid Search,Tablet,South East,1,2024-03,2024-03-09
O0003105,C01120,2024-07-12,2024,7,Q3,Clothing,3,81.48,0.16,205.33,Paid Search,Tablet,South East,1,2024-07,2024-07-12
O0003106,C01121,2023-03-20,2023,3,Q1,Electronics,3,5.0,0.0,15.0,Social Media,Mobile,South East,0,2023-03,2023-03-20
O0003107,C01121,2023-06-20,2023,6,Q2,Clothing,3,64.87,0.0,194.6,Social Media,Mobile,South East,1,2023-06,2023-06-20
O0003108,C01121,2023-09-28,2023,9,Q3,Electronics,4,77.99,0.02,305.73,Social Media,Mobile,South East,1,2023-09,2023-09-28
O0003109,C01121,2024-01-04,2024,1,Q1,Electronics,3,101.13,0.0,303.38,Social Media,Mobile,South East,1,2024-01,2024-01-04
O0003110,C01121,2024-05-20,2024,5,Q2,Electronics,2,164.71,0.1,296.48,Social Media,Mobile,South East,1,2024-05,2024-05-20
O0003111,C01121,2024-05-21,2024,5,Q2,Electronics,1,150.49,0.0,150.49,Social Media,Mobile,South East,1,2024-05,2024-05-21
O0003112,C01121,2024-07-07,2024,7,Q3,Electronics,4,100.99,0.0,403.97,Social Media,Mobile,South East,1,2024-07,2024-07-07
O0003113,C01121,2024-11-05,2024,11,Q4,Clothing,4,90.34,0.06,339.67,Social Media,Mobile,South East,1,2024-11,2024-11-05
O0003114,C01121,2024-12-10,2024,12,Q4,Electronics,1,195.46,0.0,195.46,Social Media,Mobile,South East,1,2024-12,2024-12-10
O0003115,C01123,2023-10-02,2023,10,Q4,Home & Garden,2,93.87,0.0,187.73,Organic Search,Mobile,London,0,2023-10,2023-10-02
O0003116,C01123,2024-01-10,2024,1,Q1,Home & Garden,1,26.82,0.0,26.82,Organic Search,Mobile,London,1,2024-01,2024-01-10
O0003117,C01123,2024-04-13,2024,4,Q2,Home & Garden,4,113.03,0.0,452.11,Organic Search,Mobile,London,1,2024-04,2024-04-13
O0003118,C01124,2021-07-01,2021,7,Q3,Clothing,2,28.62,0.0,57.23,Paid Search,Mobile,North West,0,2021-07,2021-07-01
O0003119,C01124,2021-10-12,2021,10,Q4,Electronics,2,176.38,0.0,352.76,Paid Search,Mobile,North West,1,2021-10,2021-10-12
O0003120,C01124,2023-04-07,2023,4,Q2,Clothing,2,70.8,0.0,141.61,Paid Search,Mobile,North West,1,2023-04,2023-04-07
O0003121,C01124,2023-06-02,2023,6,Q2,Beauty,4,38.8,0.12,136.59,Paid Search,Mobile,North West,1,2023-06,2023-06-02
O0003122,C01124,2024-07-06,2024,7,Q3,Clothing,3,81.03,0.0,243.09,Paid Search,Mobile,North West,1,2024-07,2024-07-06
O0003123,C01126,2023-05-30,2023,5,Q2,Home & Garden,3,104.64,0.0,313.91,Paid Search,Desktop,Midlands,0,2023-05,2023-05-30
O0003124,C01126,2024-06-26,2024,6,Q2,Beauty,3,49.9,0.0,149.69,Paid Search,Desktop,Midlands,1,2024-06,2024-06-26
O0003125,C01127,2022-11-18,2022,11,Q4,Clothing,2,75.43,0.11,134.26,Email,Desktop,Yorkshire,0,2022-11,2022-11-18
O0003126,C01127,2023-07-18,2023,7,Q3,Beauty,3,30.52,0.0,91.56,Email,Desktop,Yorkshire,1,2023-07,2023-07-18
O0003127,C01127,2023-12-16,2023,12,Q4,Beauty,3,49.16,0.0,147.47,Email,Desktop,Yorkshire,1,2023-12,2023-12-16
O0003128,C01127,2024-06-07,2024,6,Q2,Toys,3,49.19,0.05,140.21,Email,Desktop,Yorkshire,1,2024-06,2024-06-07
O0003129,C01128,2022-08-24,2022,8,Q3,Electronics,2,100.81,0.1,181.46,Direct,Desktop,Yorkshire,0,2022-08,2022-08-24
O0003130,C01128,2023-02-09,2023,2,Q1,Clothing,4,46.61,0.0,186.44,Direct,Desktop,Yorkshire,1,2023-02,2023-02-09
O0003131,C01129,2022-04-27,2022,4,Q2,Electronics,4,90.65,0.0,362.6,Email,Desktop,Wales,0,2022-04,2022-04-27
O0003132,C01129,2023-12-11,2023,12,Q4,Electronics,1,163.61,0.2,130.89,Email,Desktop,Wales,1,2023-12,2023-12-11
O0003133,C01129,2024-03-18,2024,3,Q1,Electronics,3,191.52,0.07,534.33,Email,Desktop,Wales,1,2024-03,2024-03-18
O0003134,C01130,2024-04-05,2024,4,Q2,Beauty,2,25.14,0.21,39.72,Direct,Desktop,South West,0,2024-04,2024-04-05
O0003135,C01131,2024-10-24,2024,10,Q4,Toys,3,25.64,0.14,66.14,Paid Search,Mobile,South West,0,2024-10,2024-10-24
O0003136,C01132,2023-12-16,2023,12,Q4,Sports,1,89.18,0.1,80.26,Social Media,Desktop,South East,0,2023-12,2023-12-16
O0003137,C01132,2024-03-29,2024,3,Q1,Clothing,2,75.25,0.0,150.51,Social Media,Desktop,South East,1,2024-03,2024-03-29
O0003138,C01132,2024-06-04,2024,6,Q2,Sports,3,32.93,0.0,98.8,Social Media,Desktop,South East,1,2024-06,2024-06-04
O0003139,C01132,2024-07-05,2024,7,Q3,Electronics,2,122.4,0.0,244.8,Social Media,Desktop,South East,1,2024-07,2024-07-05
O0003140,C01132,2024-07-07,2024,7,Q3,Sports,3,46.29,0.0,138.88,Social Media,Desktop,South East,1,2024-07,2024-07-07
O0003141,C01132,2024-08-18,2024,8,Q3,Books,4,21.63,0.0,86.54,Social Media,Desktop,South East,1,2024-08,2024-08-18
O0003142,C01132,2024-08-26,2024,8,Q3,Electronics,1,111.82,0.0,111.82,Social Media,Desktop,South East,1,2024-08,2024-08-26
O0003143,C01132,2024-11-19,2024,11,Q4,Sports,1,72.93,0.0,72.93,Social Media,Desktop,South East,1,2024-11,2024-11-19
O0003144,C01132,2024-12-06,2024,12,Q4,Sports,1,87.35,0.0,87.35,Social Media,Desktop,South East,1,2024-12,2024-12-06
O0003145,C01133,2022-07-10,2022,7,Q3,Electronics,2,103.8,0.0,207.59,Organic Search,Desktop,North West,0,2022-07,2022-07-10
O0003146,C01133,2024-02-25,2024,2,Q1,Clothing,2,72.55,0.0,145.1,Organic Search,Desktop,North West,1,2024-02,2024-02-25
O0003147,C01134,2022-12-12,2022,12,Q4,Clothing,2,114.27,0.0,228.54,Paid Search,Desktop,Scotland,0,2022-12,2022-12-12
O0003148,C01135,2023-12-12,2023,12,Q4,Sports,2,88.05,0.24,133.84,Organic Search,Desktop,Midlands,0,2023-12,2023-12-12
O0003149,C01135,2023-12-24,2023,12,Q4,Sports,2,79.82,0.0,159.64,Organic Search,Desktop,Midlands,1,2023-12,2023-12-24
O0003150,C01136,2024-06-15,2024,6,Q2,Clothing,2,67.3,0.0,134.6,Direct,Tablet,London,0,2024-06,2024-06-15
O0003151,C01136,2024-10-23,2024,10,Q4,Clothing,2,41.84,0.0,83.67,Direct,Tablet,London,1,2024-10,2024-10-23
O0003152,C01137,2022-12-15,2022,12,Q4,Sports,2,91.37,0.0,182.74,Paid Search,Desktop,South West,0,2022-12,2022-12-15
O0003153,C01137,2023-06-15,2023,6,Q2,Clothing,1,73.63,0.1,66.27,Paid Search,Desktop,South West,1,2023-06,2023-06-15
O0003154,C01137,2024-03-20,2024,3,Q1,Sports,2,35.83,0.0,71.65,Paid Search,Desktop,South West,1,2024-03,2024-03-20
O0003155,C01137,2024-06-22,2024,6,Q2,Sports,2,20.15,0.04,38.7,Paid Search,Desktop,South West,1,2024-06,2024-06-22
O0003156,C01137,2024-10-15,2024,10,Q4,Sports,2,69.69,0.0,139.38,Paid Search,Desktop,South West,1,2024-10,2024-10-15
O0003157,C01138,2024-01-12,2024,1,Q1,Sports,4,54.06,0.12,190.3,Organic Search,Mobile,Midlands,0,2024-01,2024-01-12
O0003158,C01138,2024-04-24,2024,4,Q2,Sports,3,28.84,0.18,70.94,Organic Search,Mobile,Midlands,1,2024-04,2024-04-24
O0003159,C01138,2024-12-10,2024,12,Q4,Sports,2,108.44,0.0,216.89,Organic Search,Mobile,Midlands,1,2024-12,2024-12-10
O0003160,C01138,2024-12-22,2024,12,Q4,Sports,2,93.04,0.0,186.08,Organic Search,Mobile,Midlands,1,2024-12,2024-12-22
O0003161,C01139,2023-08-24,2023,8,Q3,Clothing,4,36.52,0.22,113.94,Email,Mobile,North West,0,2023-08,2023-08-24
O0003162,C01139,2023-10-10,2023,10,Q4,Clothing,4,78.82,0.0,315.28,Email,Mobile,North West,1,2023-10,2023-10-10
O0003163,C01139,2023-12-04,2023,12,Q4,Clothing,1,110.66,0.0,110.66,Email,Mobile,North West,1,2023-12,2023-12-04
O0003164,C01139,2023-12-19,2023,12,Q4,Books,4,33.96,0.0,135.84,Email,Mobile,North West,1,2023-12,2023-12-19
O0003165,C01139,2024-03-16,2024,3,Q1,Clothing,4,42.01,0.24,127.72,Email,Mobile,North West,1,2024-03,2024-03-16
O0003166,C01140,2024-04-05,2024,4,Q2,Home & Garden,3,62.33,0.0,186.99,Organic Search,Desktop,South East,0,2024-04,2024-04-05
O0003167,C01141,2024-08-21,2024,8,Q3,Home & Garden,4,95.63,0.0,382.52,Organic Search,Desktop,North East,0,2024-08,2024-08-21
O0003168,C01142,2021-12-08,2021,12,Q4,Beauty,4,69.07,0.2,221.03,Organic Search,Desktop,North East,0,2021-12,2021-12-08
O0003169,C01142,2022-03-30,2022,3,Q1,Beauty,1,45.61,0.22,35.58,Organic Search,Desktop,North East,1,2022-03,2022-03-30
O0003170,C01142,2024-05-01,2024,5,Q2,Clothing,4,71.8,0.0,287.19,Organic Search,Desktop,North East,1,2024-05,2024-05-01
O0003171,C01144,2024-05-19,2024,5,Q2,Sports,4,51.84,0.0,207.38,Paid Search,Tablet,London,0,2024-05,2024-05-19
O0003172,C01144,2024-07-01,2024,7,Q3,Toys,1,40.42,0.0,40.42,Paid Search,Tablet,London,1,2024-07,2024-07-01
O0003173,C01144,2024-10-03,2024,10,Q4,Toys,1,24.44,0.0,24.44,Paid Search,Tablet,London,1,2024-10,2024-10-03
O0003174,C01146,2024-06-13,2024,6,Q2,Electronics,4,140.12,0.09,510.02,Social Media,Desktop,London,0,2024-06,2024-06-13
O0003175,C01146,2024-07-30,2024,7,Q3,Electronics,4,80.89,0.12,284.74,Social Media,Desktop,London,1,2024-07,2024-07-30
O0003176,C01147,2022-06-16,2022,6,Q2,Clothing,2,27.15,0.24,41.27,Direct,Desktop,London,0,2022-06,2022-06-16
O0003177,C01148,2024-10-28,2024,10,Q4,Beauty,2,46.54,0.0,93.08,Organic Search,Tablet,North West,0,2024-10,2024-10-28
O0003178,C01148,2024-11-05,2024,11,Q4,Beauty,3,38.11,0.0,114.32,Organic Search,Tablet,North West,1,2024-11,2024-11-05
O0003179,C01148,2024-12-11,2024,12,Q4,Beauty,2,53.36,0.03,103.51,Organic Search,Tablet,North West,1,2024-12,2024-12-11
O0003180,C01148,2024-12-29,2024,12,Q4,Books,3,38.67,0.2,92.81,Organic Search,Tablet,North West,1,2024-12,2024-12-29
O0003181,C01149,2023-06-21,2023,6,Q2,Electronics,2,196.18,0.17,325.67,Paid Search,Mobile,Scotland,0,2023-06,2023-06-21
O0003182,C01149,2023-06-27,2023,6,Q2,Electronics,1,256.84,0.0,256.84,Paid Search,Mobile,Scotland,1,2023-06,2023-06-27
O0003183,C01149,2023-07-15,2023,7,Q3,Clothing,2,36.0,0.0,72.01,Paid Search,Mobile,Scotland,1,2023-07,2023-07-15
O0003184,C01149,2024-01-21,2024,1,Q1,Electronics,1,112.78,0.04,108.27,Paid Search,Mobile,Scotland,1,2024-01,2024-01-21
O0003185,C01149,2024-04-03,2024,4,Q2,Electronics,4,107.08,0.0,428.33,Paid Search,Mobile,Scotland,1,2024-04,2024-04-03
O0003186,C01150,2023-11-01,2023,11,Q4,Clothing,1,68.16,0.0,68.16,Organic Search,Mobile,North West,0,2023-11,2023-11-01
O0003187,C01150,2024-02-08,2024,2,Q1,Clothing,1,25.98,0.0,25.98,Organic Search,Mobile,North West,1,2024-02,2024-02-08
O0003188,C01150,2024-05-24,2024,5,Q2,Clothing,3,92.13,0.18,226.65,Organic Search,Mobile,North West,1,2024-05,2024-05-24
O0003189,C01150,2024-08-10,2024,8,Q3,Clothing,3,54.03,0.02,158.86,Organic Search,Mobile,North West,1,2024-08,2024-08-10
O0003190,C01150,2024-09-12,2024,9,Q3,Clothing,3,28.85,0.0,86.56,Organic Search,Mobile,North West,1,2024-09,2024-09-12
O0003191,C01150,2024-10-11,2024,10,Q4,Sports,3,25.57,0.0,76.72,Organic Search,Mobile,North West,1,2024-10,2024-10-11
O0003192,C01150,2024-12-20,2024,12,Q4,Clothing,1,82.32,0.0,82.32,Organic Search,Mobile,North West,1,2024-12,2024-12-20
O0003193,C01151,2024-02-01,2024,2,Q1,Electronics,3,52.19,0.0,156.56,Email,Mobile,London,0,2024-02,2024-02-01
O0003194,C01151,2024-04-01,2024,4,Q2,Electronics,4,164.13,0.0,656.53,Email,Mobile,London,1,2024-04,2024-04-01
O0003195,C01154,2023-03-14,2023,3,Q1,Clothing,2,30.66,0.0,61.32,Organic Search,Desktop,South West,0,2023-03,2023-03-14
O0003196,C01154,2024-02-29,2024,2,Q1,Clothing,4,20.54,0.05,78.06,Organic Search,Desktop,South West,1,2024-02,2024-02-29
O0003197,C01154,2024-05-21,2024,5,Q2,Electronics,4,115.17,0.01,456.06,Organic Search,Desktop,South West,1,2024-05,2024-05-21
O0003198,C01154,2024-09-04,2024,9,Q3,Clothing,2,82.83,0.0,165.66,Organic Search,Desktop,South West,1,2024-09,2024-09-04
O0003199,C01155,2022-01-20,2022,1,Q1,Electronics,2,100.12,0.0,200.24,Organic Search,Desktop,Midlands,0,2022-01,2022-01-20
O0003200,C01155,2022-08-07,2022,8,Q3,Books,4,25.67,0.0,102.69,Organic Search,Desktop,Midlands,1,2022-08,2022-08-07
O0003201,C01155,2023-08-04,2023,8,Q3,Electronics,3,118.1,0.0,354.31,Organic Search,Desktop,Midlands,1,2023-08,2023-08-04
O0003202,C01155,2024-03-05,2024,3,Q1,Electronics,4,153.76,0.19,498.2,Organic Search,Desktop,Midlands,1,2024-03,2024-03-05
O0003203,C01156,2024-10-10,2024,10,Q4,Home & Garden,1,70.57,0.16,59.28,Direct,Mobile,Scotland,0,2024-10,2024-10-10
O0003204,C01158,2024-09-15,2024,9,Q3,Sports,4,43.65,0.0,174.62,Email,Desktop,Wales,0,2024-09,2024-09-15
O0003205,C01159,2022-10-07,2022,10,Q4,Clothing,2,46.7,0.0,93.4,Organic Search,Mobile,South West,0,2022-10,2022-10-07
O0003206,C01159,2024-03-08,2024,3,Q1,Electronics,3,134.07,0.0,402.22,Organic Search,Mobile,South West,1,2024-03,2024-03-08
O0003207,C01159,2024-10-09,2024,10,Q4,Clothing,2,32.04,0.0,64.09,Organic Search,Mobile,South West,1,2024-10,2024-10-09
O0003208,C01160,2022-11-15,2022,11,Q4,Clothing,4,84.18,0.0,336.71,Paid Search,Tablet,North East,0,2022-11,2022-11-15
O0003209,C01160,2023-02-19,2023,2,Q1,Home & Garden,2,104.63,0.0,209.26,Paid Search,Tablet,North East,1,2023-02,2023-02-19
O0003210,C01160,2023-03-21,2023,3,Q1,Home & Garden,1,35.65,0.0,35.65,Paid Search,Tablet,North East,1,2023-03,2023-03-21
O0003211,C01160,2024-03-04,2024,3,Q1,Home & Garden,2,72.42,0.0,144.84,Paid Search,Tablet,North East,1,2024-03,2024-03-04
O0003212,C01160,2024-05-13,2024,5,Q2,Home & Garden,4,60.01,0.0,240.03,Paid Search,Tablet,North East,1,2024-05,2024-05-13
O0003213,C01160,2024-07-22,2024,7,Q3,Home & Garden,4,58.28,0.0,233.13,Paid Search,Tablet,North East,1,2024-07,2024-07-22
O0003214,C01161,2022-11-24,2022,11,Q4,Books,1,29.28,0.0,29.28,Paid Search,Mobile,Wales,0,2022-11,2022-11-24
O0003215,C01161,2023-02-27,2023,2,Q1,Toys,4,25.31,0.22,78.98,Paid Search,Mobile,Wales,1,2023-02,2023-02-27
O0003216,C01161,2023-04-14,2023,4,Q2,Books,2,23.29,0.0,46.58,Paid Search,Mobile,Wales,1,2023-04,2023-04-14
O0003217,C01161,2023-06-01,2023,6,Q2,Electronics,4,193.92,0.0,775.69,Paid Search,Mobile,Wales,1,2023-06,2023-06-01
O0003218,C01161,2023-09-13,2023,9,Q3,Beauty,1,41.69,0.0,41.69,Paid Search,Mobile,Wales,1,2023-09,2023-09-13
O0003219,C01161,2023-09-26,2023,9,Q3,Books,1,15.11,0.0,15.11,Paid Search,Mobile,Wales,1,2023-09,2023-09-26
O0003220,C01161,2024-01-17,2024,1,Q1,Sports,1,34.16,0.07,31.77,Paid Search,Mobile,Wales,1,2024-01,2024-01-17
O0003221,C01161,2024-03-26,2024,3,Q1,Books,3,15.88,0.0,47.63,Paid Search,Mobile,Wales,1,2024-03,2024-03-26
O0003222,C01161,2024-04-01,2024,4,Q2,Books,4,13.29,0.0,53.17,Paid Search,Mobile,Wales,1,2024-04,2024-04-01
O0003223,C01161,2024-07-22,2024,7,Q3,Clothing,1,31.03,0.0,31.03,Paid Search,Mobile,Wales,1,2024-07,2024-07-22
O0003224,C01161,2024-08-05,2024,8,Q3,Books,4,13.12,0.0,52.46,Paid Search,Mobile,Wales,1,2024-08,2024-08-05
O0003225,C01162,2023-12-10,2023,12,Q4,Books,3,35.28,0.0,105.83,Referral,Desktop,South East,0,2023-12,2023-12-10
O0003226,C01162,2024-02-11,2024,2,Q1,Beauty,3,43.63,0.13,113.87,Referral,Desktop,South East,1,2024-02,2024-02-11
O0003227,C01162,2024-10-06,2024,10,Q4,Clothing,2,53.38,0.03,103.56,Referral,Desktop,South East,1,2024-10,2024-10-06
O0003228,C01163,2023-05-03,2023,5,Q2,Clothing,4,87.63,0.0,350.52,Organic Search,Mobile,London,0,2023-05,2023-05-03
O0003229,C01164,2023-02-04,2023,2,Q1,Sports,3,38.06,0.0,114.17,Organic Search,Desktop,London,0,2023-02,2023-02-04
O0003230,C01164,2023-07-31,2023,7,Q3,Sports,1,17.64,0.09,16.05,Organic Search,Desktop,London,1,2023-07,2023-07-31
O0003231,C01164,2023-11-14,2023,11,Q4,Sports,2,53.24,0.09,96.89,Organic Search,Desktop,London,1,2023-11,2023-11-14
O0003232,C01164,2023-12-08,2023,12,Q4,Sports,4,79.72,0.0,318.88,Organic Search,Desktop,London,1,2023-12,2023-12-08
O0003233,C01165,2024-06-08,2024,6,Q2,Sports,2,55.69,0.22,86.88,Email,Mobile,North West,0,2024-06,2024-06-08
O0003234,C01165,2024-07-15,2024,7,Q3,Electronics,1,210.42,0.12,185.17,Email,Mobile,North West,1,2024-07,2024-07-15
O0003235,C01165,2024-12-24,2024,12,Q4,Electronics,4,178.37,0.21,563.64,Email,Mobile,North West,1,2024-12,2024-12-24
O0003236,C01166,2024-05-19,2024,5,Q2,Electronics,4,98.89,0.0,395.56,Direct,Mobile,Wales,0,2024-05,2024-05-19
O0003237,C01166,2024-10-29,2024,10,Q4,Toys,3,37.34,0.13,97.45,Direct,Mobile,Wales,1,2024-10,2024-10-29
O0003238,C01166,2024-11-01,2024,11,Q4,Electronics,2,213.83,0.0,427.66,Direct,Mobile,Wales,1,2024-11,2024-11-01
O0003239,C01167,2023-11-04,2023,11,Q4,Electronics,4,143.78,0.0,575.12,Direct,Mobile,Scotland,0,2023-11,2023-11-04
O0003240,C01167,2024-10-29,2024,10,Q4,Electronics,2,153.0,0.09,278.46,Direct,Mobile,Scotland,1,2024-10,2024-10-29
O0003241,C01168,2023-07-23,2023,7,Q3,Home & Garden,4,83.21,0.0,332.85,Organic Search,Mobile,Scotland,0,2023-07,2023-07-23
O0003242,C01169,2024-06-01,2024,6,Q2,Electronics,2,158.01,0.0,316.02,Direct,Mobile,North West,0,2024-06,2024-06-01
O0003243,C01169,2024-07-21,2024,7,Q3,Electronics,3,173.66,0.02,510.55,Direct,Mobile,North West,1,2024-07,2024-07-21
O0003244,C01169,2024-07-25,2024,7,Q3,Home & Garden,1,93.05,0.0,93.05,Direct,Mobile,North West,1,2024-07,2024-07-25
O0003245,C01169,2024-08-22,2024,8,Q3,Electronics,1,206.43,0.08,189.91,Direct,Mobile,North West,1,2024-08,2024-08-22
O0003246,C01169,2024-09-27,2024,9,Q3,Home & Garden,4,134.0,0.12,471.69,Direct,Mobile,North West,1,2024-09,2024-09-27
O0003247,C01169,2024-12-28,2024,12,Q4,Clothing,4,84.23,0.01,333.57,Direct,Mobile,North West,1,2024-12,2024-12-28
O0003248,C01170,2024-02-01,2024,2,Q1,Electronics,2,142.3,0.13,247.6,Organic Search,Desktop,Scotland,0,2024-02,2024-02-01
O0003249,C01170,2024-05-21,2024,5,Q2,Clothing,2,20.64,0.0,41.28,Organic Search,Desktop,Scotland,1,2024-05,2024-05-21
O0003250,C01171,2024-11-22,2024,11,Q4,Electronics,4,305.4,0.0,1221.62,Social Media,Mobile,South West,0,2024-11,2024-11-22
O0003251,C01172,2024-11-05,2024,11,Q4,Electronics,4,132.42,0.0,529.69,Direct,Mobile,South West,0,2024-11,2024-11-05
O0003252,C01172,2024-11-10,2024,11,Q4,Electronics,2,240.8,0.0,481.59,Direct,Mobile,South West,1,2024-11,2024-11-10
O0003253,C01172,2024-11-13,2024,11,Q4,Electronics,3,239.0,0.0,716.99,Direct,Mobile,South West,1,2024-11,2024-11-13
O0003254,C01172,2024-12-13,2024,12,Q4,Electronics,3,182.57,0.0,547.72,Direct,Mobile,South West,1,2024-12,2024-12-13
O0003255,C01173,2024-08-13,2024,8,Q3,Toys,2,47.37,0.0,94.75,Organic Search,Mobile,North West,0,2024-08,2024-08-13
O0003256,C01175,2024-11-28,2024,11,Q4,Electronics,4,187.76,0.04,721.0,Paid Search,Mobile,South East,0,2024-11,2024-11-28
O0003257,C01175,2024-12-12,2024,12,Q4,Electronics,4,264.75,0.08,974.29,Paid Search,Mobile,South East,1,2024-12,2024-12-12
O0003258,C01175,2024-12-13,2024,12,Q4,Beauty,3,59.0,0.0,177.01,Paid Search,Mobile,South East,1,2024-12,2024-12-13
O0003259,C01177,2023-07-09,2023,7,Q3,Beauty,2,38.15,0.0,76.3,Organic Search,Mobile,Scotland,0,2023-07,2023-07-09
O0003260,C01177,2024-08-06,2024,8,Q3,Electronics,1,60.05,0.0,60.05,Organic Search,Mobile,Scotland,1,2024-08,2024-08-06
O0003261,C01178,2024-10-18,2024,10,Q4,Sports,3,52.32,0.0,156.97,Organic Search,Desktop,Yorkshire,0,2024-10,2024-10-18
O0003262,C01178,2024-10-23,2024,10,Q4,Home & Garden,2,75.13,0.03,145.75,Organic Search,Desktop,Yorkshire,1,2024-10,2024-10-23
O0003263,C01178,2024-12-01,2024,12,Q4,Clothing,4,91.57,0.09,333.3,Organic Search,Desktop,Yorkshire,1,2024-12,2024-12-01
O0003264,C01178,2024-12-04,2024,12,Q4,Home & Garden,1,110.36,0.0,110.36,Organic Search,Desktop,Yorkshire,1,2024-12,2024-12-04
O0003265,C01178,2024-12-10,2024,12,Q4,Home & Garden,4,121.87,0.0,487.46,Organic Search,Desktop,Yorkshire,1,2024-12,2024-12-10
O0003266,C01178,2024-12-16,2024,12,Q4,Home & Garden,3,96.57,0.24,220.17,Organic Search,Desktop,Yorkshire,1,2024-12,2024-12-16
O0003267,C01179,2022-08-18,2022,8,Q3,Sports,4,44.48,0.0,177.91,Organic Search,Mobile,Yorkshire,0,2022-08,2022-08-18
O0003268,C01179,2022-10-27,2022,10,Q4,Electronics,4,196.19,0.22,612.1,Organic Search,Mobile,Yorkshire,1,2022-10,2022-10-27
O0003269,C01180,2023-05-24,2023,5,Q2,Clothing,1,53.93,0.0,53.93,Paid Search,Mobile,Scotland,0,2023-05,2023-05-24
O0003270,C01180,2023-12-08,2023,12,Q4,Home & Garden,1,114.47,0.0,114.47,Paid Search,Mobile,Scotland,1,2023-12,2023-12-08
O0003271,C01180,2024-05-06,2024,5,Q2,Clothing,1,6.53,0.0,6.53,Paid Search,Mobile,Scotland,1,2024-05,2024-05-06
O0003272,C01181,2024-03-23,2024,3,Q1,Books,1,19.05,0.0,19.05,Paid Search,Desktop,Yorkshire,0,2024-03,2024-03-23
O0003273,C01182,2024-10-11,2024,10,Q4,Sports,2,90.32,0.24,137.29,Direct,Mobile,London,0,2024-10,2024-10-11
O0003274,C01182,2024-10-24,2024,10,Q4,Sports,3,62.76,0.0,188.27,Direct,Mobile,London,1,2024-10,2024-10-24
O0003275,C01182,2024-11-04,2024,11,Q4,Sports,3,94.02,0.0,282.07,Direct,Mobile,London,1,2024-11,2024-11-04
O0003276,C01182,2024-11-06,2024,11,Q4,Home & Garden,4,126.32,0.24,384.03,Direct,Mobile,London,1,2024-11,2024-11-06
O0003277,C01182,2024-11-16,2024,11,Q4,Electronics,1,247.47,0.1,222.73,Direct,Mobile,London,1,2024-11,2024-11-16
O0003278,C01182,2024-11-25,2024,11,Q4,Sports,1,90.02,0.1,81.02,Direct,Mobile,London,1,2024-11,2024-11-25
O0003279,C01182,2024-11-27,2024,11,Q4,Sports,2,86.24,0.0,172.49,Direct,Mobile,London,1,2024-11,2024-11-27
O0003280,C01183,2022-11-03,2022,11,Q4,Toys,4,60.53,0.06,227.6,Social Media,Mobile,London,0,2022-11,2022-11-03
O0003281,C01183,2024-11-20,2024,11,Q4,Clothing,3,121.11,0.0,363.32,Social Media,Mobile,London,1,2024-11,2024-11-20
O0003282,C01184,2023-01-21,2023,1,Q1,Electronics,3,100.92,0.0,302.77,Email,Mobile,Yorkshire,0,2023-01,2023-01-21
O0003283,C01184,2023-12-09,2023,12,Q4,Beauty,4,57.45,0.19,186.15,Email,Mobile,Yorkshire,1,2023-12,2023-12-09
O0003284,C01184,2024-06-07,2024,6,Q2,Electronics,1,187.39,0.0,187.39,Email,Mobile,Yorkshire,1,2024-06,2024-06-07
O0003285,C01184,2024-07-30,2024,7,Q3,Electronics,1,65.99,0.13,57.41,Email,Mobile,Yorkshire,1,2024-07,2024-07-30
O0003286,C01185,2021-12-07,2021,12,Q4,Toys,4,44.88,0.0,179.51,Organic Search,Desktop,South East,0,2021-12,2021-12-07
O0003287,C01185,2023-02-09,2023,2,Q1,Beauty,1,43.02,0.0,43.02,Organic Search,Desktop,South East,1,2023-02,2023-02-09
O0003288,C01185,2023-04-14,2023,4,Q2,Toys,3,30.18,0.0,90.54,Organic Search,Desktop,South East,1,2023-04,2023-04-14
O0003289,C01185,2023-07-05,2023,7,Q3,Toys,2,48.18,0.14,82.87,Organic Search,Desktop,South East,1,2023-07,2023-07-05
O0003290,C01185,2023-07-16,2023,7,Q3,Home & Garden,4,68.19,0.0,272.77,Organic Search,Desktop,South East,1,2023-07,2023-07-16
O0003291,C01187,2024-02-08,2024,2,Q1,Clothing,1,36.15,0.14,31.09,Direct,Tablet,Scotland,0,2024-02,2024-02-08
O0003292,C01187,2024-05-10,2024,5,Q2,Clothing,3,70.44,0.0,211.32,Direct,Tablet,Scotland,1,2024-05,2024-05-10
O0003293,C01188,2023-09-28,2023,9,Q3,Beauty,2,54.53,0.0,109.05,Organic Search,Mobile,Scotland,0,2023-09,2023-09-28
O0003294,C01189,2024-11-19,2024,11,Q4,Books,3,37.86,0.02,111.31,Email,Mobile,Wales,0,2024-11,2024-11-19
O0003295,C01190,2024-11-11,2024,11,Q4,Sports,2,78.29,0.01,155.02,Organic Search,Mobile,North West,0,2024-11,2024-11-11
O0003296,C01190,2024-11-15,2024,11,Q4,Sports,3,64.55,0.0,193.65,Organic Search,Mobile,North West,1,2024-11,2024-11-15
O0003297,C01190,2024-12-18,2024,12,Q4,Sports,3,89.2,0.0,267.61,Organic Search,Mobile,North West,1,2024-12,2024-12-18
O0003298,C01190,2024-12-29,2024,12,Q4,Sports,3,95.06,0.0,285.18,Organic Search,Mobile,North West,1,2024-12,2024-12-29
O0003299,C01191,2023-09-24,2023,9,Q3,Beauty,1,30.62,0.0,30.62,Paid Search,Desktop,South East,0,2023-09,2023-09-24
O0003300,C01191,2023-11-09,2023,11,Q4,Clothing,3,85.26,0.0,255.77,Paid Search,Desktop,South East,1,2023-11,2023-11-09
O0003301,C01191,2024-02-14,2024,2,Q1,Beauty,3,24.36,0.0,73.08,Paid Search,Desktop,South East,1,2024-02,2024-02-14
O0003302,C01191,2024-11-04,2024,11,Q4,Beauty,2,53.17,0.12,93.58,Paid Search,Desktop,South East,1,2024-11,2024-11-04
O0003303,C01192,2024-08-21,2024,8,Q3,Electronics,2,142.68,0.0,285.35,Organic Search,Mobile,South West,0,2024-08,2024-08-21
O0003304,C01192,2024-10-03,2024,10,Q4,Electronics,3,99.79,0.09,272.43,Organic Search,Mobile,South West,1,2024-10,2024-10-03
O0003305,C01195,2023-08-17,2023,8,Q3,Home & Garden,1,73.72,0.2,58.98,Social Media,Mobile,South West,0,2023-08,2023-08-17
O0003306,C01195,2023-08-24,2023,8,Q3,Home & Garden,3,94.82,0.03,275.93,Social Media,Mobile,South West,1,2023-08,2023-08-24
O0003307,C01195,2023-10-08,2023,10,Q4,Home & Garden,3,76.36,0.17,190.13,Social Media,Mobile,South West,1,2023-10,2023-10-08
O0003308,C01195,2024-05-06,2024,5,Q2,Electronics,2,143.59,0.0,287.18,Social Media,Mobile,South West,1,2024-05,2024-05-06
O0003309,C01195,2024-11-03,2024,11,Q4,Electronics,2,290.09,0.07,539.56,Social Media,Mobile,South West,1,2024-11,2024-11-03
O0003310,C01195,2024-12-26,2024,12,Q4,Sports,3,107.02,0.0,321.06,Social Media,Mobile,South West,1,2024-12,2024-12-26
O0003311,C01196,2024-06-09,2024,6,Q2,Clothing,3,83.34,0.0,250.02,Paid Search,Desktop,Midlands,0,2024-06,2024-06-09
O0003312,C01196,2024-08-17,2024,8,Q3,Electronics,4,155.68,0.0,622.72,Paid Search,Desktop,Midlands,1,2024-08,2024-08-17
O0003313,C01198,2024-07-05,2024,7,Q3,Clothing,2,70.51,0.0,141.01,Email,Mobile,North West,0,2024-07,2024-07-05
O0003314,C01198,2024-08-01,2024,8,Q3,Clothing,1,82.48,0.0,82.48,Email,Mobile,North West,1,2024-08,2024-08-01
O0003315,C01198,2024-08-29,2024,8,Q3,Home & Garden,2,96.76,0.0,193.53,Email,Mobile,North West,1,2024-08,2024-08-29
O0003316,C01199,2022-05-15,2022,5,Q2,Clothing,4,32.87,0.15,111.77,Social Media,Mobile,South East,0,2022-05,2022-05-15
O0003317,C01199,2022-07-28,2022,7,Q3,Clothing,3,91.05,0.0,273.14,Social Media,Mobile,South East,1,2022-07,2022-07-28
O0003318,C01199,2022-09-10,2022,9,Q3,Clothing,3,78.56,0.0,235.67,Social Media,Mobile,South East,1,2022-09,2022-09-10
O0003319,C01200,2023-11-22,2023,11,Q4,Beauty,1,47.56,0.25,35.67,Paid Search,Mobile,South West,0,2023-11,2023-11-22
O0003320,C01200,2024-07-28,2024,7,Q3,Beauty,2,28.9,0.04,55.48,Paid Search,Mobile,South West,1,2024-07,2024-07-28
O0003321,C01200,2024-09-15,2024,9,Q3,Home & Garden,3,49.24,0.0,147.72,Paid Search,Mobile,South West,1,2024-09,2024-09-15
O0003322,C01201,2024-06-05,2024,6,Q2,Home & Garden,4,120.53,0.24,366.41,Social Media,Desktop,London,0,2024-06,2024-06-05
O0003323,C01201,2024-06-13,2024,6,Q2,Home & Garden,2,64.34,0.0,128.67,Social Media,Desktop,London,1,2024-06,2024-06-13
O0003324,C01201,2024-07-12,2024,7,Q3,Electronics,2,155.19,0.0,310.38,Social Media,Desktop,London,1,2024-07,2024-07-12
O0003325,C01201,2024-07-28,2024,7,Q3,Home & Garden,2,61.79,0.0,123.57,Social Media,Desktop,London,1,2024-07,2024-07-28
O0003326,C01201,2024-08-30,2024,8,Q3,Home & Garden,3,49.47,0.0,148.41,Social Media,Desktop,London,1,2024-08,2024-08-30
O0003327,C01202,2024-10-23,2024,10,Q4,Clothing,1,99.41,0.0,99.41,Email,Desktop,Yorkshire,0,2024-10,2024-10-23
O0003328,C01202,2024-11-22,2024,11,Q4,Clothing,2,106.1,0.04,203.7,Email,Desktop,Yorkshire,1,2024-11,2024-11-22
O0003329,C01204,2024-11-09,2024,11,Q4,Electronics,1,230.66,0.0,230.66,Organic Search,Mobile,South West,0,2024-11,2024-11-09
O0003330,C01204,2024-11-21,2024,11,Q4,Home & Garden,1,108.02,0.0,108.02,Organic Search,Mobile,South West,1,2024-11,2024-11-21
O0003331,C01204,2024-12-08,2024,12,Q4,Sports,4,68.18,0.1,245.43,Organic Search,Mobile,South West,1,2024-12,2024-12-08
O0003332,C01204,2024-12-10,2024,12,Q4,Electronics,3,251.45,0.0,754.34,Organic Search,Mobile,South West,1,2024-12,2024-12-10
O0003333,C01204,2024-12-12,2024,12,Q4,Clothing,3,97.01,0.0,291.02,Organic Search,Mobile,South West,1,2024-12,2024-12-12
O0003334,C01206,2024-04-28,2024,4,Q2,Clothing,2,73.87,0.0,147.74,Referral,Desktop,South West,0,2024-04,2024-04-28
O0003335,C01206,2024-07-05,2024,7,Q3,Clothing,4,56.82,0.0,227.26,Referral,Desktop,South West,1,2024-07,2024-07-05
O0003336,C01206,2024-07-06,2024,7,Q3,Clothing,2,55.26,0.0,110.51,Referral,Desktop,South West,1,2024-07,2024-07-06
O0003337,C01206,2024-07-18,2024,7,Q3,Clothing,4,47.04,0.0,188.16,Referral,Desktop,South West,1,2024-07,2024-07-18
O0003338,C01206,2024-10-05,2024,10,Q4,Sports,3,36.77,0.22,86.04,Referral,Desktop,South West,1,2024-10,2024-10-05
O0003339,C01207,2024-02-10,2024,2,Q1,Electronics,2,125.64,0.25,188.46,Referral,Mobile,Midlands,0,2024-02,2024-02-10
O0003340,C01207,2024-09-29,2024,9,Q3,Books,4,18.03,0.0,72.11,Referral,Mobile,Midlands,1,2024-09,2024-09-29
O0003341,C01208,2022-04-30,2022,4,Q2,Electronics,2,98.61,0.0,197.23,Social Media,Desktop,South East,0,2022-04,2022-04-30
O0003342,C01208,2022-11-06,2022,11,Q4,Clothing,4,74.83,0.01,296.34,Social Media,Desktop,South East,1,2022-11,2022-11-06
O0003343,C01208,2022-12-12,2022,12,Q4,Sports,2,101.37,0.05,192.6,Social Media,Desktop,South East,1,2022-12,2022-12-12
O0003344,C01208,2023-03-03,2023,3,Q1,Home & Garden,3,100.59,0.13,262.54,Social Media,Desktop,South East,1,2023-03,2023-03-03
O0003345,C01211,2022-11-24,2022,11,Q4,Clothing,2,88.66,0.0,177.32,Email,Tablet,Wales,0,2022-11,2022-11-24
O0003346,C01211,2023-07-31,2023,7,Q3,Books,3,22.97,0.0,68.92,Email,Tablet,Wales,1,2023-07,2023-07-31
O0003347,C01211,2024-02-01,2024,2,Q1,Clothing,2,67.01,0.0,134.01,Email,Tablet,Wales,1,2024-02,2024-02-01
O0003348,C01211,2024-07-15,2024,7,Q3,Clothing,4,96.4,0.0,385.59,Email,Tablet,Wales,1,2024-07,2024-07-15
O0003349,C01211,2024-09-20,2024,9,Q3,Sports,3,44.21,0.0,132.63,Email,Tablet,Wales,1,2024-09,2024-09-20
O0003350,C01212,2022-06-06,2022,6,Q2,Home & Garden,1,81.13,0.0,81.13,Organic Search,Mobile,Scotland,0,2022-06,2022-06-06
O0003351,C01212,2022-09-18,2022,9,Q3,Home & Garden,3,47.93,0.0,143.8,Organic Search,Mobile,Scotland,1,2022-09,2022-09-18
O0003352,C01212,2022-10-10,2022,10,Q4,Home & Garden,4,141.08,0.14,485.32,Organic Search,Mobile,Scotland,1,2022-10,2022-10-10
O0003353,C01212,2024-07-19,2024,7,Q3,Electronics,4,185.41,0.0,741.65,Organic Search,Mobile,Scotland,1,2024-07,2024-07-19
O0003354,C01213,2024-02-23,2024,2,Q1,Toys,2,30.34,0.0,60.68,Organic Search,Mobile,South West,0,2024-02,2024-02-23
O0003355,C01214,2023-11-11,2023,11,Q4,Home & Garden,1,121.93,0.18,99.99,Paid Search,Mobile,North West,0,2023-11,2023-11-11
O0003356,C01214,2024-04-14,2024,4,Q2,Home & Garden,1,56.28,0.0,56.28,Paid Search,Mobile,North West,1,2024-04,2024-04-14
O0003357,C01215,2023-03-09,2023,3,Q1,Sports,4,103.6,0.0,414.4,Paid Search,Mobile,Wales,0,2023-03,2023-03-09
O0003358,C01215,2023-06-02,2023,6,Q2,Electronics,3,172.12,0.0,516.37,Paid Search,Mobile,Wales,1,2023-06,2023-06-02
O0003359,C01215,2024-01-05,2024,1,Q1,Home & Garden,4,74.26,0.0,297.03,Paid Search,Mobile,Wales,1,2024-01,2024-01-05
O0003360,C01215,2024-01-16,2024,1,Q1,Home & Garden,3,53.15,0.04,153.08,Paid Search,Mobile,Wales,1,2024-01,2024-01-16
O0003361,C01215,2024-12-20,2024,12,Q4,Home & Garden,2,155.36,0.0,310.72,Paid Search,Mobile,Wales,1,2024-12,2024-12-20
O0003362,C01217,2024-11-22,2024,11,Q4,Electronics,4,219.57,0.24,667.49,Organic Search,Mobile,Wales,0,2024-11,2024-11-22
O0003363,C01217,2024-12-07,2024,12,Q4,Clothing,1,92.53,0.0,92.53,Organic Search,Mobile,Wales,1,2024-12,2024-12-07
O0003364,C01217,2024-12-17,2024,12,Q4,Electronics,3,200.48,0.18,493.18,Organic Search,Mobile,Wales,1,2024-12,2024-12-17
O0003365,C01217,2024-12-22,2024,12,Q4,Electronics,4,265.51,0.0,1062.04,Organic Search,Mobile,Wales,1,2024-12,2024-12-22
O0003366,C01217,2024-12-25,2024,12,Q4,Home & Garden,1,93.64,0.16,78.66,Organic Search,Mobile,Wales,1,2024-12,2024-12-25
O0003367,C01217,2024-12-26,2024,12,Q4,Electronics,2,205.8,0.14,353.98,Organic Search,Mobile,Wales,1,2024-12,2024-12-26
O0003368,C01218,2021-12-07,2021,12,Q4,Beauty,3,48.75,0.19,118.45,Paid Search,Mobile,South West,0,2021-12,2021-12-07
O0003369,C01218,2022-02-25,2022,2,Q1,Sports,4,50.05,0.0,200.2,Paid Search,Mobile,South West,1,2022-02,2022-02-25
O0003370,C01218,2022-07-19,2022,7,Q3,Home & Garden,3,70.48,0.0,211.44,Paid Search,Mobile,South West,1,2022-07,2022-07-19
O0003371,C01218,2022-09-18,2022,9,Q3,Sports,2,26.81,0.13,46.65,Paid Search,Mobile,South West,1,2022-09,2022-09-18
O0003372,C01218,2022-11-22,2022,11,Q4,Clothing,4,93.09,0.01,368.62,Paid Search,Mobile,South West,1,2022-11,2022-11-22
O0003373,C01218,2023-03-31,2023,3,Q1,Toys,4,35.28,0.0,141.14,Paid Search,Mobile,South West,1,2023-03,2023-03-31
O0003374,C01218,2024-07-01,2024,7,Q3,Clothing,4,54.54,0.13,189.8,Paid Search,Mobile,South West,1,2024-07,2024-07-01
O0003375,C01218,2024-07-15,2024,7,Q3,Sports,1,61.09,0.0,61.09,Paid Search,Mobile,South West,1,2024-07,2024-07-15
O0003376,C01219,2023-10-17,2023,10,Q4,Electronics,2,150.0,0.0,300.01,Direct,Tablet,South West,0,2023-10,2023-10-17
O0003377,C01219,2024-02-18,2024,2,Q1,Clothing,3,24.02,0.15,61.24,Direct,Tablet,South West,1,2024-02,2024-02-18
O0003378,C01219,2024-03-04,2024,3,Q1,Clothing,2,74.82,0.0,149.64,Direct,Tablet,South West,1,2024-03,2024-03-04
O0003379,C01220,2023-08-15,2023,8,Q3,Toys,1,26.58,0.03,25.78,Organic Search,Mobile,London,0,2023-08,2023-08-15
O0003380,C01220,2023-09-14,2023,9,Q3,Sports,4,51.3,0.0,205.2,Organic Search,Mobile,London,1,2023-09,2023-09-14
O0003381,C01220,2023-11-09,2023,11,Q4,Toys,4,28.75,0.0,115.02,Organic Search,Mobile,London,1,2023-11,2023-11-09
O0003382,C01220,2023-11-21,2023,11,Q4,Toys,4,40.52,0.0,162.08,Organic Search,Mobile,London,1,2023-11,2023-11-21
O0003383,C01220,2024-03-01,2024,3,Q1,Books,2,17.6,0.0,35.2,Organic Search,Mobile,London,1,2024-03,2024-03-01
O0003384,C01220,2024-11-09,2024,11,Q4,Toys,1,41.32,0.0,41.32,Organic Search,Mobile,London,1,2024-11,2024-11-09
O0003385,C01221,2022-10-05,2022,10,Q4,Home & Garden,2,53.26,0.16,89.47,Email,Mobile,Wales,0,2022-10,2022-10-05
O0003386,C01221,2022-10-07,2022,10,Q4,Sports,2,72.4,0.0,144.81,Email,Mobile,Wales,1,2022-10,2022-10-07
O0003387,C01221,2023-12-12,2023,12,Q4,Sports,2,115.21,0.0,230.43,Email,Mobile,Wales,1,2023-12,2023-12-12
O0003388,C01221,2024-02-16,2024,2,Q1,Sports,4,41.04,0.0,164.17,Email,Mobile,Wales,1,2024-02,2024-02-16
O0003389,C01221,2024-03-18,2024,3,Q1,Sports,2,61.24,0.0,122.49,Email,Mobile,Wales,1,2024-03,2024-03-18
O0003390,C01222,2024-06-28,2024,6,Q2,Electronics,3,123.14,0.0,369.43,Paid Search,Desktop,North West,0,2024-06,2024-06-28
O0003391,C01222,2024-06-29,2024,6,Q2,Electronics,2,149.46,0.08,275.01,Paid Search,Desktop,North West,1,2024-06,2024-06-29
O0003392,C01222,2024-07-27,2024,7,Q3,Electronics,3,194.01,0.0,582.04,Paid Search,Desktop,North West,1,2024-07,2024-07-27
O0003393,C01222,2024-07-27,2024,7,Q3,Electronics,4,60.67,0.2,194.14,Paid Search,Desktop,North West,1,2024-07,2024-07-27
O0003394,C01222,2024-07-31,2024,7,Q3,Electronics,3,185.01,0.16,466.22,Paid Search,Desktop,North West,1,2024-07,2024-07-31
O0003395,C01222,2024-09-11,2024,9,Q3,Beauty,3,38.15,0.04,109.87,Paid Search,Desktop,North West,1,2024-09,2024-09-11
O0003396,C01222,2024-12-19,2024,12,Q4,Electronics,3,159.21,0.24,362.99,Paid Search,Desktop,North West,1,2024-12,2024-12-19
O0003397,C01223,2022-07-24,2022,7,Q3,Clothing,2,70.94,0.0,141.87,Direct,Mobile,North West,0,2022-07,2022-07-24
O0003398,C01223,2023-02-27,2023,2,Q1,Home & Garden,2,41.91,0.21,66.22,Direct,Mobile,North West,1,2023-02,2023-02-27
O0003399,C01224,2022-01-25,2022,1,Q1,Books,1,22.51,0.21,17.78,Social Media,Tablet,Scotland,0,2022-01,2022-01-25
O0003400,C01225,2024-01-04,2024,1,Q1,Electronics,1,41.16,0.0,41.16,Email,Mobile,Yorkshire,0,2024-01,2024-01-04
O0003401,C01226,2022-07-26,2022,7,Q3,Clothing,2,59.42,0.0,118.84,Organic Search,Mobile,London,0,2022-07,2022-07-26
O0003402,C01226,2024-09-22,2024,9,Q3,Clothing,3,71.29,0.0,213.86,Organic Search,Mobile,London,1,2024-09,2024-09-22
O0003403,C01226,2024-09-29,2024,9,Q3,Clothing,2,77.7,0.1,139.86,Organic Search,Mobile,London,1,2024-09,2024-09-29
O0003404,C01227,2021-03-03,2021,3,Q1,Electronics,3,78.2,0.0,234.59,Email,Mobile,Midlands,0,2021-03,2021-03-03
O0003405,C01227,2023-05-04,2023,5,Q2,Electronics,2,181.59,0.0,363.17,Email,Mobile,Midlands,1,2023-05,2023-05-04
O0003406,C01227,2023-12-16,2023,12,Q4,Electronics,4,264.27,0.0,1057.1,Email,Mobile,Midlands,1,2023-12,2023-12-16
O0003407,C01227,2024-07-24,2024,7,Q3,Electronics,2,125.0,0.0,250.01,Email,Mobile,Midlands,1,2024-07,2024-07-24
O0003408,C01228,2023-04-20,2023,4,Q2,Clothing,3,59.16,0.0,177.49,Organic Search,Desktop,Yorkshire,0,2023-04,2023-04-20
O0003409,C01228,2023-07-16,2023,7,Q3,Clothing,4,11.01,0.0,44.06,Organic Search,Desktop,Yorkshire,1,2023-07,2023-07-16
O0003410,C01228,2024-02-22,2024,2,Q1,Clothing,4,43.31,0.0,173.24,Organic Search,Desktop,Yorkshire,1,2024-02,2024-02-22
O0003411,C01229,2024-08-06,2024,8,Q3,Electronics,3,137.27,0.1,370.64,Organic Search,Mobile,South West,0,2024-08,2024-08-06
O0003412,C01229,2024-09-02,2024,9,Q3,Books,3,14.51,0.0,43.53,Organic Search,Mobile,South West,1,2024-09,2024-09-02
O0003413,C01229,2024-10-08,2024,10,Q4,Sports,4,66.8,0.0,267.19,Organic Search,Mobile,South West,1,2024-10,2024-10-08
O0003414,C01229,2024-11-15,2024,11,Q4,Electronics,1,181.31,0.07,168.62,Organic Search,Mobile,South West,1,2024-11,2024-11-15
O0003415,C01229,2024-12-07,2024,12,Q4,Electronics,3,186.25,0.0,558.74,Organic Search,Mobile,South West,1,2024-12,2024-12-07
O0003416,C01230,2024-08-26,2024,8,Q3,Sports,1,29.2,0.15,24.82,Paid Search,Desktop,London,0,2024-08,2024-08-26
O0003417,C01230,2024-09-18,2024,9,Q3,Sports,4,93.02,0.07,346.04,Paid Search,Desktop,London,1,2024-09,2024-09-18
O0003418,C01230,2024-09-20,2024,9,Q3,Sports,3,52.21,0.18,128.43,Paid Search,Desktop,London,1,2024-09,2024-09-20
O0003419,C01230,2024-10-23,2024,10,Q4,Toys,1,42.47,0.03,41.19,Paid Search,Desktop,London,1,2024-10,2024-10-23
O0003420,C01230,2024-10-25,2024,10,Q4,Sports,1,46.54,0.0,46.54,Paid Search,Desktop,London,1,2024-10,2024-10-25
O0003421,C01230,2024-12-17,2024,12,Q4,Clothing,4,91.11,0.0,364.45,Paid Search,Desktop,London,1,2024-12,2024-12-17
O0003422,C01232,2024-06-09,2024,6,Q2,Clothing,4,72.9,0.05,277.03,Paid Search,Desktop,Yorkshire,0,2024-06,2024-06-09
O0003423,C01232,2024-06-25,2024,6,Q2,Clothing,3,63.37,0.13,165.41,Paid Search,Desktop,Yorkshire,1,2024-06,2024-06-25
O0003424,C01232,2024-09-04,2024,9,Q3,Clothing,2,48.23,0.0,96.46,Paid Search,Desktop,Yorkshire,1,2024-09,2024-09-04
O0003425,C01232,2024-10-11,2024,10,Q4,Clothing,1,61.64,0.12,54.25,Paid Search,Desktop,Yorkshire,1,2024-10,2024-10-11
O0003426,C01232,2024-12-11,2024,12,Q4,Clothing,1,93.7,0.0,93.7,Paid Search,Desktop,Yorkshire,1,2024-12,2024-12-11
O0003427,C01233,2022-08-19,2022,8,Q3,Electronics,2,97.56,0.0,195.12,Email,Desktop,North West,0,2022-08,2022-08-19
O0003428,C01233,2022-11-08,2022,11,Q4,Electronics,3,168.96,0.05,481.54,Email,Desktop,North West,1,2022-11,2022-11-08
O0003429,C01233,2022-12-15,2022,12,Q4,Electronics,1,263.63,0.0,263.63,Email,Desktop,North West,1,2022-12,2022-12-15
O0003430,C01233,2023-05-07,2023,5,Q2,Electronics,2,114.1,0.0,228.2,Email,Desktop,North West,1,2023-05,2023-05-07
O0003431,C01233,2023-07-11,2023,7,Q3,Electronics,1,55.14,0.0,55.14,Email,Desktop,North West,1,2023-07,2023-07-11
O0003432,C01233,2023-07-31,2023,7,Q3,Electronics,4,125.34,0.01,496.36,Email,Desktop,North West,1,2023-07,2023-07-31
O0003433,C01233,2023-12-11,2023,12,Q4,Electronics,2,161.47,0.05,306.79,Email,Desktop,North West,1,2023-12,2023-12-11
O0003434,C01233,2024-04-06,2024,4,Q2,Electronics,3,91.38,0.12,241.24,Email,Desktop,North West,1,2024-04,2024-04-06
O0003435,C01234,2023-12-12,2023,12,Q4,Toys,2,54.49,0.09,99.17,Social Media,Mobile,Yorkshire,0,2023-12,2023-12-12
O0003436,C01234,2024-07-02,2024,7,Q3,Clothing,2,57.43,0.12,101.08,Social Media,Mobile,Yorkshire,1,2024-07,2024-07-02
O0003437,C01235,2022-06-14,2022,6,Q2,Sports,1,55.52,0.18,45.52,Organic Search,Desktop,South East,0,2022-06,2022-06-14
O0003438,C01235,2023-12-08,2023,12,Q4,Sports,4,107.81,0.0,431.22,Organic Search,Desktop,South East,1,2023-12,2023-12-08
O0003439,C01235,2024-12-03,2024,12,Q4,Sports,1,84.71,0.0,84.71,Organic Search,Desktop,South East,1,2024-12,2024-12-03
O0003440,C01238,2024-09-11,2024,9,Q3,Beauty,3,41.79,0.0,125.36,Organic Search,Desktop,South East,0,2024-09,2024-09-11
O0003441,C01239,2022-03-03,2022,3,Q1,Electronics,1,98.66,0.0,98.66,Referral,Desktop,Midlands,0,2022-03,2022-03-03
O0003442,C01239,2022-11-04,2022,11,Q4,Sports,1,39.52,0.0,39.52,Referral,Desktop,Midlands,1,2022-11,2022-11-04
O0003443,C01239,2023-10-27,2023,10,Q4,Sports,1,59.41,0.21,46.94,Referral,Desktop,Midlands,1,2023-10,2023-10-27
O0003444,C01239,2024-09-01,2024,9,Q3,Electronics,2,152.9,0.22,238.52,Referral,Desktop,Midlands,1,2024-09,2024-09-01
O0003445,C01239,2024-10-25,2024,10,Q4,Sports,1,59.19,0.0,59.19,Referral,Desktop,Midlands,1,2024-10,2024-10-25
O0003446,C01240,2024-07-12,2024,7,Q3,Electronics,2,155.93,0.04,299.39,Social Media,Desktop,Scotland,0,2024-07,2024-07-12
O0003447,C01240,2024-09-12,2024,9,Q3,Electronics,3,129.69,0.12,342.39,Social Media,Desktop,Scotland,1,2024-09,2024-09-12
O0003448,C01240,2024-10-25,2024,10,Q4,Electronics,1,149.48,0.0,149.48,Social Media,Desktop,Scotland,1,2024-10,2024-10-25
O0003449,C01240,2024-11-03,2024,11,Q4,Electronics,2,272.48,0.18,446.86,Social Media,Desktop,Scotland,1,2024-11,2024-11-03
O0003450,C01240,2024-11-29,2024,11,Q4,Electronics,4,194.49,0.0,777.97,Social Media,Desktop,Scotland,1,2024-11,2024-11-29
O0003451,C01240,2024-12-23,2024,12,Q4,Electronics,1,210.12,0.0,210.12,Social Media,Desktop,Scotland,1,2024-12,2024-12-23
O0003452,C01241,2022-04-03,2022,4,Q2,Sports,4,54.7,0.0,218.82,Social Media,Mobile,Midlands,0,2022-04,2022-04-03
O0003453,C01241,2022-04-21,2022,4,Q2,Home & Garden,4,28.76,0.0,115.06,Social Media,Mobile,Midlands,1,2022-04,2022-04-21
O0003454,C01242,2023-01-05,2023,1,Q1,Electronics,3,63.28,0.15,161.36,Email,Desktop,North East,0,2023-01,2023-01-05
O0003455,C01242,2024-11-17,2024,11,Q4,Electronics,2,196.77,0.0,393.55,Email,Desktop,North East,1,2024-11,2024-11-17
O0003456,C01243,2022-06-16,2022,6,Q2,Home & Garden,2,77.0,0.0,154.0,Paid Search,Desktop,London,0,2022-06,2022-06-16
O0003457,C01243,2022-12-23,2022,12,Q4,Electronics,2,231.21,0.03,448.56,Paid Search,Desktop,London,1,2022-12,2022-12-23
O0003458,C01243,2023-09-14,2023,9,Q3,Home & Garden,4,143.84,0.0,575.37,Paid Search,Desktop,London,1,2023-09,2023-09-14
O0003459,C01243,2024-06-26,2024,6,Q2,Home & Garden,4,58.29,0.0,233.17,Paid Search,Desktop,London,1,2024-06,2024-06-26
O0003460,C01244,2023-01-02,2023,1,Q1,Toys,2,29.01,0.0,58.03,Direct,Mobile,London,0,2023-01,2023-01-02
O0003461,C01244,2023-01-22,2023,1,Q1,Beauty,4,38.81,0.0,155.26,Direct,Mobile,London,1,2023-01,2023-01-22
O0003462,C01244,2023-10-12,2023,10,Q4,Beauty,4,36.09,0.0,144.35,Direct,Mobile,London,1,2023-10,2023-10-12
O0003463,C01244,2024-04-07,2024,4,Q2,Beauty,1,28.96,0.0,28.96,Direct,Mobile,London,1,2024-04,2024-04-07
O0003464,C01244,2024-10-20,2024,10,Q4,Clothing,1,54.38,0.0,54.38,Direct,Mobile,London,1,2024-10,2024-10-20
O0003465,C01245,2023-05-03,2023,5,Q2,Home & Garden,4,63.64,0.25,190.92,Organic Search,Desktop,Scotland,0,2023-05,2023-05-03
O0003466,C01245,2023-10-26,2023,10,Q4,Sports,3,65.81,0.0,197.44,Organic Search,Desktop,Scotland,1,2023-10,2023-10-26
O0003467,C01245,2024-07-05,2024,7,Q3,Home & Garden,4,109.52,0.09,398.67,Organic Search,Desktop,Scotland,1,2024-07,2024-07-05
O0003468,C01246,2023-06-10,2023,6,Q2,Electronics,3,141.29,0.0,423.87,Paid Search,Mobile,Scotland,0,2023-06,2023-06-10
O0003469,C01246,2023-10-22,2023,10,Q4,Sports,1,66.58,0.0,66.58,Paid Search,Mobile,Scotland,1,2023-10,2023-10-22
O0003470,C01246,2024-10-07,2024,10,Q4,Electronics,1,179.1,0.0,179.1,Paid Search,Mobile,Scotland,1,2024-10,2024-10-07
O0003471,C01246,2024-11-29,2024,11,Q4,Clothing,3,89.7,0.1,242.18,Paid Search,Mobile,Scotland,1,2024-11,2024-11-29
O0003472,C01247,2024-11-26,2024,11,Q4,Books,1,28.08,0.0,28.08,Paid Search,Desktop,Yorkshire,0,2024-11,2024-11-26
O0003473,C01247,2024-11-29,2024,11,Q4,Electronics,1,181.9,0.0,181.9,Paid Search,Desktop,Yorkshire,1,2024-11,2024-11-29
O0003474,C01247,2024-12-12,2024,12,Q4,Electronics,4,268.54,0.0,1074.14,Paid Search,Desktop,Yorkshire,1,2024-12,2024-12-12
O0003475,C01247,2024-12-22,2024,12,Q4,Sports,3,79.0,0.0,236.99,Paid Search,Desktop,Yorkshire,1,2024-12,2024-12-22
O0003476,C01248,2022-12-14,2022,12,Q4,Clothing,2,97.98,0.19,158.73,Paid Search,Desktop,London,0,2022-12,2022-12-14
O0003477,C01249,2024-09-06,2024,9,Q3,Clothing,3,63.1,0.0,189.29,Organic Search,Mobile,London,0,2024-09,2024-09-06
O0003478,C01250,2024-03-24,2024,3,Q1,Beauty,2,21.96,0.0,43.91,Social Media,Mobile,London,0,2024-03,2024-03-24
O0003479,C01250,2024-09-19,2024,9,Q3,Home & Garden,2,92.53,0.0,185.07,Social Media,Mobile,London,1,2024-09,2024-09-19
O0003480,C01251,2024-10-04,2024,10,Q4,Books,1,24.14,0.17,20.04,Email,Mobile,London,0,2024-10,2024-10-04
O0003481,C01252,2024-02-12,2024,2,Q1,Sports,1,48.34,0.0,48.34,Paid Search,Desktop,Midlands,0,2024-02,2024-02-12
O0003482,C01252,2024-03-17,2024,3,Q1,Clothing,3,25.73,0.24,58.66,Paid Search,Desktop,Midlands,1,2024-03,2024-03-17
O0003483,C01252,2024-05-28,2024,5,Q2,Books,3,19.43,0.0,58.29,Paid Search,Desktop,Midlands,1,2024-05,2024-05-28
O0003484,C01252,2024-10-16,2024,10,Q4,Books,4,22.85,0.0,91.42,Paid Search,Desktop,Midlands,1,2024-10,2024-10-16
O0003485,C01253,2024-05-20,2024,5,Q2,Sports,3,50.83,0.0,152.49,Paid Search,Desktop,Scotland,0,2024-05,2024-05-20
O0003486,C01254,2023-08-20,2023,8,Q3,Sports,1,28.4,0.0,28.4,Paid Search,Tablet,North West,0,2023-08,2023-08-20
O0003487,C01254,2024-08-27,2024,8,Q3,Clothing,1,30.33,0.0,30.33,Paid Search,Tablet,North West,1,2024-08,2024-08-27
O0003488,C01257,2022-08-07,2022,8,Q3,Sports,3,41.25,0.0,123.74,Email,Mobile,South East,0,2022-08,2022-08-07
O0003489,C01257,2022-11-19,2022,11,Q4,Sports,3,61.98,0.25,139.46,Email,Mobile,South East,1,2022-11,2022-11-19
O0003490,C01257,2023-06-22,2023,6,Q2,Sports,1,87.57,0.04,84.07,Email,Mobile,South East,1,2023-06,2023-06-22
O0003491,C01257,2023-09-05,2023,9,Q3,Sports,3,58.43,0.0,175.3,Email,Mobile,South East,1,2023-09,2023-09-05
O0003492,C01257,2024-01-02,2024,1,Q1,Sports,2,71.13,0.0,142.26,Email,Mobile,South East,1,2024-01,2024-01-02
O0003493,C01257,2024-05-30,2024,5,Q2,Sports,1,76.94,0.14,66.17,Email,Mobile,South East,1,2024-05,2024-05-30
O0003494,C01257,2024-05-31,2024,5,Q2,Sports,3,24.09,0.13,62.88,Email,Mobile,South East,1,2024-05,2024-05-31
O0003495,C01258,2024-03-29,2024,3,Q1,Clothing,1,68.54,0.0,68.54,Email,Mobile,London,0,2024-03,2024-03-29
O0003496,C01258,2024-10-08,2024,10,Q4,Clothing,2,46.51,0.0,93.03,Email,Mobile,London,1,2024-10,2024-10-08
O0003497,C01259,2022-01-19,2022,1,Q1,Sports,1,37.58,0.0,37.58,Email,Mobile,London,0,2022-01,2022-01-19
O0003498,C01260,2022-09-15,2022,9,Q3,Books,4,17.74,0.08,65.28,Email,Desktop,Scotland,0,2022-09,2022-09-15
O0003499,C01260,2022-10-07,2022,10,Q4,Books,2,11.13,0.0,22.27,Email,Desktop,Scotland,1,2022-10,2022-10-07
O0003500,C01260,2023-10-11,2023,10,Q4,Beauty,2,46.36,0.0,92.72,Email,Desktop,Scotland,1,2023-10,2023-10-11
O0003501,C01260,2024-07-01,2024,7,Q3,Books,3,30.22,0.04,87.03,Email,Desktop,Scotland,1,2024-07,2024-07-01
O0003502,C01260,2024-08-19,2024,8,Q3,Clothing,1,61.61,0.21,48.67,Email,Desktop,Scotland,1,2024-08,2024-08-19
O0003503,C01261,2023-06-10,2023,6,Q2,Beauty,4,36.19,0.0,144.78,Organic Search,Desktop,Scotland,0,2023-06,2023-06-10
O0003504,C01261,2023-11-25,2023,11,Q4,Beauty,1,46.08,0.24,35.02,Organic Search,Desktop,Scotland,1,2023-11,2023-11-25
O0003505,C01261,2024-06-16,2024,6,Q2,Beauty,2,45.38,0.0,90.76,Organic Search,Desktop,Scotland,1,2024-06,2024-06-16
O0003506,C01262,2022-08-09,2022,8,Q3,Home & Garden,4,78.55,0.0,314.19,Organic Search,Mobile,Wales,0,2022-08,2022-08-09
O0003507,C01262,2023-01-11,2023,1,Q1,Home & Garden,3,89.32,0.0,267.97,Organic Search,Mobile,Wales,1,2023-01,2023-01-11
O0003508,C01262,2023-06-07,2023,6,Q2,Home & Garden,2,35.72,0.0,71.44,Organic Search,Mobile,Wales,1,2023-06,2023-06-07
O0003509,C01262,2023-09-19,2023,9,Q3,Home & Garden,4,83.49,0.18,273.85,Organic Search,Mobile,Wales,1,2023-09,2023-09-19
O0003510,C01262,2024-07-21,2024,7,Q3,Home & Garden,1,120.96,0.0,120.96,Organic Search,Mobile,Wales,1,2024-07,2024-07-21
O0003511,C01263,2022-03-09,2022,3,Q1,Beauty,2,28.69,0.05,54.52,Paid Search,Mobile,South East,0,2022-03,2022-03-09
O0003512,C01263,2023-01-27,2023,1,Q1,Sports,4,50.04,0.0,200.17,Paid Search,Mobile,South East,1,2023-01,2023-01-27
O0003513,C01264,2024-01-18,2024,1,Q1,Electronics,1,78.02,0.0,78.02,Organic Search,Mobile,North East,0,2024-01,2024-01-18
O0003514,C01266,2024-06-17,2024,6,Q2,Clothing,1,84.17,0.0,84.17,Paid Search,Tablet,London,0,2024-06,2024-06-17
O0003515,C01266,2024-08-05,2024,8,Q3,Electronics,1,44.67,0.1,40.2,Paid Search,Tablet,London,1,2024-08,2024-08-05
O0003516,C01266,2024-11-10,2024,11,Q4,Clothing,1,72.03,0.0,72.03,Paid Search,Tablet,London,1,2024-11,2024-11-10
O0003517,C01266,2024-11-24,2024,11,Q4,Clothing,3,88.75,0.06,250.29,Paid Search,Tablet,London,1,2024-11,2024-11-24
O0003518,C01267,2021-08-06,2021,8,Q3,Electronics,3,130.5,0.09,356.27,Organic Search,Desktop,London,0,2021-08,2021-08-06
O0003519,C01268,2023-11-14,2023,11,Q4,Electronics,2,241.42,0.24,366.95,Social Media,Mobile,South West,0,2023-11,2023-11-14
O0003520,C01268,2023-11-16,2023,11,Q4,Electronics,4,186.34,0.0,745.36,Social Media,Mobile,South West,1,2023-11,2023-11-16
O0003521,C01268,2024-12-08,2024,12,Q4,Electronics,4,229.35,0.02,899.06,Social Media,Mobile,South West,1,2024-12,2024-12-08
O0003522,C01269,2024-10-31,2024,10,Q4,Electronics,2,220.36,0.17,365.8,Social Media,Desktop,South West,0,2024-10,2024-10-31
O0003523,C01269,2024-11-15,2024,11,Q4,Beauty,3,55.59,0.12,146.77,Social Media,Desktop,South West,1,2024-11,2024-11-15
O0003524,C01269,2024-11-24,2024,11,Q4,Toys,1,32.27,0.0,32.27,Social Media,Desktop,South West,1,2024-11,2024-11-24
O0003525,C01269,2024-11-29,2024,11,Q4,Electronics,3,213.87,0.0,641.62,Social Media,Desktop,South West,1,2024-11,2024-11-29
O0003526,C01269,2024-12-01,2024,12,Q4,Electronics,3,195.87,0.0,587.6,Social Media,Desktop,South West,1,2024-12,2024-12-01
O0003527,C01271,2023-11-20,2023,11,Q4,Beauty,1,32.35,0.1,29.11,Organic Search,Mobile,Midlands,0,2023-11,2023-11-20
O0003528,C01272,2023-12-13,2023,12,Q4,Home & Garden,3,115.59,0.0,346.77,Email,Desktop,London,0,2023-12,2023-12-13
O0003529,C01273,2022-07-03,2022,7,Q3,Books,4,26.26,0.0,105.04,Social Media,Desktop,Wales,0,2022-07,2022-07-03
O0003530,C01273,2022-07-05,2022,7,Q3,Sports,4,47.5,0.15,161.5,Social Media,Desktop,Wales,1,2022-07,2022-07-05
O0003531,C01273,2023-06-23,2023,6,Q2,Sports,3,80.67,0.0,242.01,Social Media,Desktop,Wales,1,2023-06,2023-06-23
O0003532,C01273,2023-08-16,2023,8,Q3,Beauty,1,40.46,0.0,40.46,Social Media,Desktop,Wales,1,2023-08,2023-08-16
O0003533,C01273,2023-11-24,2023,11,Q4,Sports,2,73.74,0.0,147.47,Social Media,Desktop,Wales,1,2023-11,2023-11-24
O0003534,C01274,2024-07-21,2024,7,Q3,Electronics,4,164.51,0.2,526.42,Paid Search,Desktop,North West,0,2024-07,2024-07-21
O0003535,C01274,2024-07-24,2024,7,Q3,Clothing,1,74.99,0.18,61.49,Paid Search,Desktop,North West,1,2024-07,2024-07-24
O0003536,C01274,2024-08-22,2024,8,Q3,Electronics,3,143.65,0.0,430.96,Paid Search,Desktop,North West,1,2024-08,2024-08-22
O0003537,C01274,2024-08-30,2024,8,Q3,Beauty,1,28.71,0.1,25.84,Paid Search,Desktop,North West,1,2024-08,2024-08-30
O0003538,C01274,2024-09-28,2024,9,Q3,Electronics,2,136.37,0.13,237.29,Paid Search,Desktop,North West,1,2024-09,2024-09-28
O0003539,C01274,2024-10-09,2024,10,Q4,Electronics,4,279.5,0.13,972.66,Paid Search,Desktop,North West,1,2024-10,2024-10-09
O0003540,C01277,2024-02-26,2024,2,Q1,Electronics,2,99.32,0.0,198.64,Organic Search,Mobile,South East,0,2024-02,2024-02-26
O0003541,C01277,2024-03-29,2024,3,Q1,Electronics,4,104.52,0.13,363.73,Organic Search,Mobile,South East,1,2024-03,2024-03-29
O0003542,C01277,2024-05-09,2024,5,Q2,Electronics,1,120.88,0.08,111.21,Organic Search,Mobile,South East,1,2024-05,2024-05-09
O0003543,C01277,2024-06-03,2024,6,Q2,Home & Garden,3,61.63,0.0,184.88,Organic Search,Mobile,South East,1,2024-06,2024-06-03
O0003544,C01277,2024-08-12,2024,8,Q3,Beauty,1,30.05,0.11,26.74,Organic Search,Mobile,South East,1,2024-08,2024-08-12
O0003545,C01277,2024-08-15,2024,8,Q3,Clothing,1,39.52,0.0,39.52,Organic Search,Mobile,South East,1,2024-08,2024-08-15
O0003546,C01277,2024-08-21,2024,8,Q3,Electronics,1,134.54,0.0,134.54,Organic Search,Mobile,South East,1,2024-08,2024-08-21
O0003547,C01277,2024-08-21,2024,8,Q3,Beauty,1,23.15,0.0,23.15,Organic Search,Mobile,South East,1,2024-08,2024-08-21
O0003548,C01277,2024-08-23,2024,8,Q3,Electronics,4,121.1,0.0,484.38,Organic Search,Mobile,South East,1,2024-08,2024-08-23
O0003549,C01278,2023-01-18,2023,1,Q1,Sports,2,66.07,0.0,132.14,Organic Search,Mobile,North West,0,2023-01,2023-01-18
O0003550,C01278,2023-03-23,2023,3,Q1,Sports,1,56.98,0.0,56.98,Organic Search,Mobile,North West,1,2023-03,2023-03-23
O0003551,C01278,2023-04-11,2023,4,Q2,Sports,3,40.27,0.16,101.48,Organic Search,Mobile,North West,1,2023-04,2023-04-11
O0003552,C01279,2024-12-25,2024,12,Q4,Electronics,4,260.24,0.0,1040.97,Organic Search,Mobile,South West,0,2024-12,2024-12-25
O0003553,C01280,2023-03-01,2023,3,Q1,Beauty,4,22.71,0.18,74.5,Paid Search,Desktop,Yorkshire,0,2023-03,2023-03-01
O0003554,C01280,2023-08-31,2023,8,Q3,Home & Garden,2,61.17,0.03,118.66,Paid Search,Desktop,Yorkshire,1,2023-08,2023-08-31
O0003555,C01280,2024-01-16,2024,1,Q1,Clothing,2,46.31,0.24,70.39,Paid Search,Desktop,Yorkshire,1,2024-01,2024-01-16
O0003556,C01280,2024-07-06,2024,7,Q3,Beauty,2,30.98,0.0,61.95,Paid Search,Desktop,Yorkshire,1,2024-07,2024-07-06
O0003557,C01280,2024-11-14,2024,11,Q4,Beauty,2,64.8,0.0,129.59,Paid Search,Desktop,Yorkshire,1,2024-11,2024-11-14
O0003558,C01281,2022-12-10,2022,12,Q4,Electronics,4,269.83,0.05,1025.34,Paid Search,Desktop,London,0,2022-12,2022-12-10
O0003559,C01281,2022-12-12,2022,12,Q4,Beauty,2,59.84,0.0,119.67,Paid Search,Desktop,London,1,2022-12,2022-12-12
O0003560,C01282,2021-10-16,2021,10,Q4,Home & Garden,1,105.25,0.0,105.25,Paid Search,Mobile,North West,0,2021-10,2021-10-16
O0003561,C01282,2022-01-11,2022,1,Q1,Electronics,2,75.54,0.11,134.45,Paid Search,Mobile,North West,1,2022-01,2022-01-11
O0003562,C01282,2022-07-29,2022,7,Q3,Electronics,1,161.93,0.0,161.93,Paid Search,Mobile,North West,1,2022-07,2022-07-29
O0003563,C01282,2023-05-08,2023,5,Q2,Electronics,1,177.65,0.0,177.65,Paid Search,Mobile,North West,1,2023-05,2023-05-08
O0003564,C01282,2023-10-06,2023,10,Q4,Electronics,1,205.8,0.0,205.8,Paid Search,Mobile,North West,1,2023-10,2023-10-06
O0003565,C01282,2024-01-14,2024,1,Q1,Home & Garden,2,50.28,0.01,99.56,Paid Search,Mobile,North West,1,2024-01,2024-01-14
O0003566,C01282,2024-01-23,2024,1,Q1,Electronics,4,98.26,0.0,393.05,Paid Search,Mobile,North West,1,2024-01,2024-01-23
O0003567,C01283,2024-01-21,2024,1,Q1,Books,2,13.12,0.24,19.94,Paid Search,Desktop,Yorkshire,0,2024-01,2024-01-21
O0003568,C01283,2024-02-12,2024,2,Q1,Clothing,3,37.59,0.11,100.38,Paid Search,Desktop,Yorkshire,1,2024-02,2024-02-12
O0003569,C01283,2024-02-13,2024,2,Q1,Clothing,4,33.2,0.0,132.81,Paid Search,Desktop,Yorkshire,1,2024-02,2024-02-13
O0003570,C01283,2024-06-19,2024,6,Q2,Electronics,1,130.07,0.0,130.07,Paid Search,Desktop,Yorkshire,1,2024-06,2024-06-19
O0003571,C01283,2024-08-09,2024,8,Q3,Clothing,4,55.77,0.0,223.08,Paid Search,Desktop,Yorkshire,1,2024-08,2024-08-09
O0003572,C01283,2024-12-14,2024,12,Q4,Clothing,3,75.52,0.06,212.96,Paid Search,Desktop,Yorkshire,1,2024-12,2024-12-14
O0003573,C01284,2022-12-06,2022,12,Q4,Books,1,34.68,0.0,34.68,Paid Search,Mobile,North West,0,2022-12,2022-12-06
O0003574,C01284,2023-03-08,2023,3,Q1,Books,1,9.29,0.1,8.36,Paid Search,Mobile,North West,1,2023-03,2023-03-08
O0003575,C01284,2023-03-19,2023,3,Q1,Books,2,24.46,0.21,38.65,Paid Search,Mobile,North West,1,2023-03,2023-03-19
O0003576,C01284,2023-05-06,2023,5,Q2,Home & Garden,1,66.18,0.0,66.18,Paid Search,Mobile,North West,1,2023-05,2023-05-06
O0003577,C01284,2024-05-15,2024,5,Q2,Beauty,4,53.52,0.0,214.1,Paid Search,Mobile,North West,1,2024-05,2024-05-15
O0003578,C01286,2024-01-31,2024,1,Q1,Sports,4,48.73,0.19,157.88,Email,Mobile,London,0,2024-01,2024-01-31
O0003579,C01286,2024-08-02,2024,8,Q3,Sports,2,56.61,0.03,109.82,Email,Mobile,London,1,2024-08,2024-08-02
O0003580,C01286,2024-08-25,2024,8,Q3,Sports,3,48.35,0.0,145.06,Email,Mobile,London,1,2024-08,2024-08-25
O0003581,C01287,2022-01-28,2022,1,Q1,Clothing,3,33.63,0.14,86.77,Direct,Mobile,South East,0,2022-01,2022-01-28
O0003582,C01287,2022-02-12,2022,2,Q1,Electronics,4,41.93,0.0,167.73,Direct,Mobile,South East,1,2022-02,2022-02-12
O0003583,C01287,2022-06-18,2022,6,Q2,Toys,1,33.96,0.05,32.26,Direct,Mobile,South East,1,2022-06,2022-06-18
O0003584,C01287,2022-10-21,2022,10,Q4,Clothing,2,62.45,0.0,124.91,Direct,Mobile,South East,1,2022-10,2022-10-21
O0003585,C01288,2024-03-07,2024,3,Q1,Sports,4,38.77,0.0,155.07,Email,Desktop,Yorkshire,0,2024-03,2024-03-07
O0003586,C01288,2024-08-07,2024,8,Q3,Sports,4,78.12,0.0,312.49,Email,Desktop,Yorkshire,1,2024-08,2024-08-07
O0003587,C01288,2024-09-22,2024,9,Q3,Sports,4,75.5,0.14,259.71,Email,Desktop,Yorkshire,1,2024-09,2024-09-22
O0003588,C01288,2024-09-28,2024,9,Q3,Sports,4,53.15,0.0,212.62,Email,Desktop,Yorkshire,1,2024-09,2024-09-28
O0003589,C01288,2024-10-07,2024,10,Q4,Clothing,1,68.01,0.22,53.05,Email,Desktop,Yorkshire,1,2024-10,2024-10-07
O0003590,C01290,2022-02-20,2022,2,Q1,Home & Garden,3,36.47,0.16,91.91,Paid Search,Mobile,South East,0,2022-02,2022-02-20
O0003591,C01290,2024-12-29,2024,12,Q4,Home & Garden,2,119.06,0.0,238.12,Paid Search,Mobile,South East,1,2024-12,2024-12-29
O0003592,C01291,2023-06-03,2023,6,Q2,Electronics,4,168.76,0.06,634.53,Paid Search,Tablet,Scotland,0,2023-06,2023-06-03
O0003593,C01291,2024-07-27,2024,7,Q3,Electronics,3,101.02,0.0,303.06,Paid Search,Tablet,Scotland,1,2024-07,2024-07-27
O0003594,C01291,2024-10-14,2024,10,Q4,Clothing,3,32.61,0.0,97.83,Paid Search,Tablet,Scotland,1,2024-10,2024-10-14
O0003595,C01292,2021-12-11,2021,12,Q4,Beauty,4,56.14,0.06,211.09,Email,Mobile,Yorkshire,0,2021-12,2021-12-11
O0003596,C01292,2022-12-19,2022,12,Q4,Beauty,1,62.42,0.01,61.79,Email,Mobile,Yorkshire,1,2022-12,2022-12-19
O0003597,C01292,2024-05-27,2024,5,Q2,Books,3,25.21,0.13,65.79,Email,Mobile,Yorkshire,1,2024-05,2024-05-27
O0003598,C01292,2024-09-20,2024,9,Q3,Electronics,1,159.34,0.0,159.34,Email,Mobile,Yorkshire,1,2024-09,2024-09-20
O0003599,C01293,2022-11-21,2022,11,Q4,Home & Garden,1,86.79,0.19,70.3,Organic Search,Mobile,London,0,2022-11,2022-11-21
O0003600,C01293,2023-04-08,2023,4,Q2,Electronics,1,140.8,0.04,135.17,Organic Search,Mobile,London,1,2023-04,2023-04-08
O0003601,C01293,2023-07-02,2023,7,Q3,Home & Garden,2,63.62,0.01,125.97,Organic Search,Mobile,London,1,2023-07,2023-07-02
O0003602,C01293,2023-08-07,2023,8,Q3,Home & Garden,3,106.09,0.0,318.28,Organic Search,Mobile,London,1,2023-08,2023-08-07
O0003603,C01293,2023-08-20,2023,8,Q3,Home & Garden,2,34.64,0.0,69.28,Organic Search,Mobile,London,1,2023-08,2023-08-20
O0003604,C01293,2024-01-27,2024,1,Q1,Home & Garden,2,31.51,0.0,63.02,Organic Search,Mobile,London,1,2024-01,2024-01-27
O0003605,C01293,2024-08-23,2024,8,Q3,Home & Garden,1,55.23,0.0,55.23,Organic Search,Mobile,London,1,2024-08,2024-08-23
O0003606,C01294,2021-04-24,2021,4,Q2,Electronics,4,129.59,0.03,502.81,Social Media,Mobile,London,0,2021-04,2021-04-24
O0003607,C01294,2021-11-11,2021,11,Q4,Clothing,2,78.34,0.0,156.67,Social Media,Mobile,London,1,2021-11,2021-11-11
O0003608,C01294,2023-09-18,2023,9,Q3,Clothing,3,46.05,0.0,138.16,Social Media,Mobile,London,1,2023-09,2023-09-18
O0003609,C01297,2024-10-25,2024,10,Q4,Home & Garden,2,83.01,0.0,166.01,Email,Mobile,Wales,0,2024-10,2024-10-25
O0003610,C01297,2024-11-20,2024,11,Q4,Home & Garden,1,126.79,0.0,126.79,Email,Mobile,Wales,1,2024-11,2024-11-20
O0003611,C01297,2024-11-22,2024,11,Q4,Home & Garden,3,128.08,0.0,384.23,Email,Mobile,Wales,1,2024-11,2024-11-22
O0003612,C01297,2024-12-08,2024,12,Q4,Sports,3,68.09,0.16,171.58,Email,Mobile,Wales,1,2024-12,2024-12-08
O0003613,C01298,2024-01-06,2024,1,Q1,Clothing,2,70.06,0.0,140.11,Social Media,Desktop,South West,0,2024-01,2024-01-06
O0003614,C01298,2024-02-27,2024,2,Q1,Sports,1,57.6,0.0,57.6,Social Media,Desktop,South West,1,2024-02,2024-02-27
O0003615,C01298,2024-04-22,2024,4,Q2,Sports,1,53.1,0.0,53.1,Social Media,Desktop,South West,1,2024-04,2024-04-22
O0003616,C01298,2024-05-23,2024,5,Q2,Electronics,2,109.13,0.0,218.26,Social Media,Desktop,South West,1,2024-05,2024-05-23
O0003617,C01298,2024-12-09,2024,12,Q4,Sports,4,114.8,0.19,371.94,Social Media,Desktop,South West,1,2024-12,2024-12-09
O0003618,C01298,2024-12-16,2024,12,Q4,Sports,1,71.53,0.0,71.53,Social Media,Desktop,South West,1,2024-12,2024-12-16
O0003619,C01299,2024-02-15,2024,2,Q1,Home & Garden,2,92.74,0.0,185.48,Organic Search,Desktop,Scotland,0,2024-02,2024-02-15
O0003620,C01299,2024-05-23,2024,5,Q2,Electronics,3,189.51,0.0,568.53,Organic Search,Desktop,Scotland,1,2024-05,2024-05-23
O0003621,C01299,2024-10-23,2024,10,Q4,Electronics,4,200.65,0.24,609.99,Organic Search,Desktop,Scotland,1,2024-10,2024-10-23
O0003622,C01300,2023-11-02,2023,11,Q4,Home & Garden,1,97.18,0.0,97.18,Organic Search,Desktop,London,0,2023-11,2023-11-02
O0003623,C01300,2023-11-19,2023,11,Q4,Sports,3,74.99,0.0,224.96,Organic Search,Desktop,London,1,2023-11,2023-11-19
O0003624,C01300,2023-11-27,2023,11,Q4,Sports,1,94.41,0.24,71.76,Organic Search,Desktop,London,1,2023-11,2023-11-27
O0003625,C01300,2023-12-23,2023,12,Q4,Electronics,3,245.62,0.12,648.43,Organic Search,Desktop,London,1,2023-12,2023-12-23
O0003626,C01300,2024-02-18,2024,2,Q1,Clothing,3,37.72,0.0,113.17,Organic Search,Desktop,London,1,2024-02,2024-02-18
O0003627,C01300,2024-05-28,2024,5,Q2,Sports,3,68.87,0.0,206.61,Organic Search,Desktop,London,1,2024-05,2024-05-28
O0003628,C01300,2024-11-26,2024,11,Q4,Sports,3,51.61,0.0,154.84,Organic Search,Desktop,London,1,2024-11,2024-11-26
O0003629,C01301,2023-07-13,2023,7,Q3,Electronics,2,168.47,0.09,306.62,Direct,Desktop,North West,0,2023-07,2023-07-13
O0003630,C01301,2023-10-21,2023,10,Q4,Clothing,3,64.57,0.06,182.08,Direct,Desktop,North West,1,2023-10,2023-10-21
O0003631,C01301,2023-11-07,2023,11,Q4,Electronics,1,176.56,0.0,176.56,Direct,Desktop,North West,1,2023-11,2023-11-07
O0003632,C01301,2024-01-29,2024,1,Q1,Sports,4,57.62,0.0,230.47,Direct,Desktop,North West,1,2024-01,2024-01-29
O0003633,C01301,2024-07-11,2024,7,Q3,Electronics,3,127.06,0.16,320.19,Direct,Desktop,North West,1,2024-07,2024-07-11
O0003634,C01301,2024-09-14,2024,9,Q3,Home & Garden,4,48.63,0.0,194.52,Direct,Desktop,North West,1,2024-09,2024-09-14
O0003635,C01301,2024-11-05,2024,11,Q4,Home & Garden,1,110.81,0.0,110.81,Direct,Desktop,North West,1,2024-11,2024-11-05
O0003636,C01302,2024-02-06,2024,2,Q1,Home & Garden,2,54.27,0.0,108.54,Social Media,Mobile,London,0,2024-02,2024-02-06
O0003637,C01302,2024-04-21,2024,4,Q2,Electronics,1,160.09,0.0,160.09,Social Media,Mobile,London,1,2024-04,2024-04-21
O0003638,C01302,2024-07-16,2024,7,Q3,Electronics,4,101.79,0.0,407.15,Social Media,Mobile,London,1,2024-07,2024-07-16
O0003639,C01302,2024-09-10,2024,9,Q3,Electronics,3,153.99,0.0,461.96,Social Media,Mobile,London,1,2024-09,2024-09-10
O0003640,C01304,2024-01-22,2024,1,Q1,Home & Garden,2,79.62,0.0,159.25,Paid Search,Mobile,London,0,2024-01,2024-01-22
O0003641,C01304,2024-11-05,2024,11,Q4,Books,2,35.17,0.25,52.75,Paid Search,Mobile,London,1,2024-11,2024-11-05
O0003642,C01307,2021-07-13,2021,7,Q3,Books,4,26.61,0.0,106.44,Organic Search,Desktop,Scotland,0,2021-07,2021-07-13
O0003643,C01307,2023-01-07,2023,1,Q1,Beauty,3,22.24,0.15,56.71,Organic Search,Desktop,Scotland,1,2023-01,2023-01-07
O0003644,C01307,2023-04-01,2023,4,Q2,Beauty,4,45.54,0.23,140.26,Organic Search,Desktop,Scotland,1,2023-04,2023-04-01
O0003645,C01307,2023-11-11,2023,11,Q4,Beauty,4,54.73,0.04,210.17,Organic Search,Desktop,Scotland,1,2023-11,2023-11-11
O0003646,C01309,2023-10-27,2023,10,Q4,Electronics,1,122.34,0.0,122.34,Organic Search,Desktop,Wales,0,2023-10,2023-10-27
O0003647,C01309,2024-12-03,2024,12,Q4,Electronics,4,202.67,0.21,640.42,Organic Search,Desktop,Wales,1,2024-12,2024-12-03
O0003648,C01310,2022-01-04,2022,1,Q1,Clothing,3,16.91,0.21,40.08,Paid Search,Mobile,London,0,2022-01,2022-01-04
O0003649,C01310,2022-04-30,2022,4,Q2,Clothing,3,69.99,0.19,170.08,Paid Search,Mobile,London,1,2022-04,2022-04-30
O0003650,C01310,2022-08-09,2022,8,Q3,Clothing,1,53.05,0.16,44.56,Paid Search,Mobile,London,1,2022-08,2022-08-09
O0003651,C01311,2022-03-16,2022,3,Q1,Home & Garden,3,69.95,0.04,201.46,Referral,Mobile,North West,0,2022-03,2022-03-16
O0003652,C01311,2023-07-13,2023,7,Q3,Home & Garden,2,106.65,0.0,213.29,Referral,Mobile,North West,1,2023-07,2023-07-13
O0003653,C01311,2024-04-20,2024,4,Q2,Home & Garden,2,71.77,0.08,132.06,Referral,Mobile,North West,1,2024-04,2024-04-20
O0003654,C01311,2024-06-06,2024,6,Q2,Home & Garden,4,95.13,0.02,372.89,Referral,Mobile,North West,1,2024-06,2024-06-06
O0003655,C01312,2021-03-04,2021,3,Q1,Electronics,4,110.83,0.0,443.3,Paid Search,Mobile,London,0,2021-03,2021-03-04
O0003656,C01312,2021-12-28,2021,12,Q4,Clothing,1,90.03,0.14,77.43,Paid Search,Mobile,London,1,2021-12,2021-12-28
O0003657,C01312,2022-11-15,2022,11,Q4,Electronics,4,232.94,0.0,931.74,Paid Search,Mobile,London,1,2022-11,2022-11-15
O0003658,C01313,2024-07-14,2024,7,Q3,Electronics,2,181.41,0.04,348.31,Email,Desktop,London,0,2024-07,2024-07-14
O0003659,C01313,2024-09-11,2024,9,Q3,Electronics,2,131.07,0.01,259.52,Email,Desktop,London,1,2024-09,2024-09-11
O0003660,C01313,2024-09-27,2024,9,Q3,Clothing,2,49.82,0.0,99.64,Email,Desktop,London,1,2024-09,2024-09-27
O0003661,C01313,2024-10-24,2024,10,Q4,Electronics,2,204.52,0.0,409.04,Email,Desktop,London,1,2024-10,2024-10-24
O0003662,C01314,2024-06-14,2024,6,Q2,Electronics,3,151.41,0.17,377.01,Paid Search,Desktop,South East,0,2024-06,2024-06-14
O0003663,C01314,2024-08-08,2024,8,Q3,Electronics,1,128.72,0.0,128.72,Paid Search,Desktop,South East,1,2024-08,2024-08-08
O0003664,C01314,2024-10-25,2024,10,Q4,Electronics,4,77.32,0.0,309.3,Paid Search,Desktop,South East,1,2024-10,2024-10-25
O0003665,C01315,2024-08-09,2024,8,Q3,Clothing,3,51.83,0.09,141.5,Paid Search,Mobile,South East,0,2024-08,2024-08-09
O0003666,C01315,2024-08-18,2024,8,Q3,Home & Garden,2,81.28,0.21,128.42,Paid Search,Mobile,South East,1,2024-08,2024-08-18
O0003667,C01315,2024-09-15,2024,9,Q3,Home & Garden,3,63.14,0.0,189.43,Paid Search,Mobile,South East,1,2024-09,2024-09-15
O0003668,C01316,2022-12-26,2022,12,Q4,Electronics,1,231.78,0.21,183.11,Paid Search,Desktop,Scotland,0,2022-12,2022-12-26
O0003669,C01316,2023-02-25,2023,2,Q1,Electronics,1,121.53,0.23,93.58,Paid Search,Desktop,Scotland,1,2023-02,2023-02-25
O0003670,C01316,2023-06-02,2023,6,Q2,Electronics,3,106.96,0.13,279.18,Paid Search,Desktop,Scotland,1,2023-06,2023-06-02
O0003671,C01316,2023-06-26,2023,6,Q2,Electronics,1,94.31,0.0,94.31,Paid Search,Desktop,Scotland,1,2023-06,2023-06-26
O0003672,C01316,2024-02-16,2024,2,Q1,Electronics,4,71.13,0.0,284.51,Paid Search,Desktop,Scotland,1,2024-02,2024-02-16
O0003673,C01316,2024-07-17,2024,7,Q3,Beauty,1,33.75,0.0,33.75,Paid Search,Desktop,Scotland,1,2024-07,2024-07-17
O0003674,C01317,2024-10-10,2024,10,Q4,Books,3,18.54,0.0,55.61,Social Media,Mobile,North West,0,2024-10,2024-10-10
O0003675,C01317,2024-11-21,2024,11,Q4,Books,4,19.13,0.0,76.54,Social Media,Mobile,North West,1,2024-11,2024-11-21
O0003676,C01317,2024-12-26,2024,12,Q4,Beauty,2,64.19,0.0,128.38,Social Media,Mobile,North West,1,2024-12,2024-12-26
O0003677,C01318,2022-06-16,2022,6,Q2,Clothing,4,53.07,0.0,212.27,Paid Search,Mobile,North East,0,2022-06,2022-06-16
O0003678,C01318,2023-09-19,2023,9,Q3,Home & Garden,4,12.96,0.0,51.86,Paid Search,Mobile,North East,1,2023-09,2023-09-19
O0003679,C01318,2023-11-08,2023,11,Q4,Home & Garden,4,96.47,0.16,324.13,Paid Search,Mobile,North East,1,2023-11,2023-11-08
O0003680,C01318,2024-11-25,2024,11,Q4,Home & Garden,4,121.6,0.22,379.39,Paid Search,Mobile,North East,1,2024-11,2024-11-25
O0003681,C01318,2024-11-26,2024,11,Q4,Home & Garden,4,116.19,0.13,404.33,Paid Search,Mobile,North East,1,2024-11,2024-11-26
O0003682,C01319,2023-02-27,2023,2,Q1,Electronics,3,136.08,0.0,408.24,Direct,Desktop,North East,0,2023-02,2023-02-27
O0003683,C01319,2023-04-23,2023,4,Q2,Electronics,1,34.32,0.0,34.32,Direct,Desktop,North East,1,2023-04,2023-04-23
O0003684,C01319,2023-06-28,2023,6,Q2,Clothing,2,54.05,0.0,108.1,Direct,Desktop,North East,1,2023-06,2023-06-28
O0003685,C01319,2024-03-30,2024,3,Q1,Home & Garden,1,72.9,0.17,60.51,Direct,Desktop,North East,1,2024-03,2024-03-30
O0003686,C01319,2024-07-27,2024,7,Q3,Electronics,3,93.83,0.0,281.48,Direct,Desktop,North East,1,2024-07,2024-07-27
O0003687,C01319,2024-09-08,2024,9,Q3,Electronics,4,173.72,0.0,694.87,Direct,Desktop,North East,1,2024-09,2024-09-08
O0003688,C01319,2024-12-17,2024,12,Q4,Electronics,1,192.27,0.07,178.81,Direct,Desktop,North East,1,2024-12,2024-12-17
O0003689,C01320,2023-12-08,2023,12,Q4,Electronics,3,247.01,0.0,741.04,Organic Search,Tablet,Yorkshire,0,2023-12,2023-12-08
O0003690,C01320,2024-05-10,2024,5,Q2,Electronics,2,189.32,0.02,371.07,Organic Search,Tablet,Yorkshire,1,2024-05,2024-05-10
O0003691,C01321,2023-12-30,2023,12,Q4,Sports,2,77.14,0.0,154.28,Email,Mobile,Midlands,0,2023-12,2023-12-30
O0003692,C01321,2024-01-04,2024,1,Q1,Sports,4,20.85,0.0,83.41,Email,Mobile,Midlands,1,2024-01,2024-01-04
O0003693,C01321,2024-02-18,2024,2,Q1,Home & Garden,2,76.25,0.17,126.58,Email,Mobile,Midlands,1,2024-02,2024-02-18
O0003694,C01321,2024-03-28,2024,3,Q1,Sports,3,38.27,0.0,114.82,Email,Mobile,Midlands,1,2024-03,2024-03-28
O0003695,C01321,2024-04-19,2024,4,Q2,Beauty,3,37.41,0.18,92.02,Email,Mobile,Midlands,1,2024-04,2024-04-19
O0003696,C01321,2024-08-31,2024,8,Q3,Sports,2,77.83,0.0,155.66,Email,Mobile,Midlands,1,2024-08,2024-08-31
O0003697,C01321,2024-09-12,2024,9,Q3,Sports,3,47.53,0.0,142.59,Email,Mobile,Midlands,1,2024-09,2024-09-12
O0003698,C01322,2022-12-03,2022,12,Q4,Beauty,1,59.04,0.0,59.04,Organic Search,Mobile,Scotland,0,2022-12,2022-12-03
O0003699,C01322,2024-08-15,2024,8,Q3,Beauty,1,41.67,0.0,41.67,Organic Search,Mobile,Scotland,1,2024-08,2024-08-15
O0003700,C01323,2022-08-21,2022,8,Q3,Clothing,4,62.4,0.0,249.62,Organic Search,Tablet,South West,0,2022-08,2022-08-21
O0003701,C01323,2022-11-24,2022,11,Q4,Electronics,3,191.66,0.22,448.49,Organic Search,Tablet,South West,1,2022-11,2022-11-24
O0003702,C01323,2023-01-27,2023,1,Q1,Home & Garden,3,84.14,0.0,252.43,Organic Search,Tablet,South West,1,2023-01,2023-01-27
O0003703,C01323,2023-11-26,2023,11,Q4,Clothing,3,77.51,0.0,232.54,Organic Search,Tablet,South West,1,2023-11,2023-11-26
O0003704,C01323,2023-12-07,2023,12,Q4,Clothing,1,89.28,0.0,89.28,Organic Search,Tablet,South West,1,2023-12,2023-12-07
O0003705,C01323,2024-03-05,2024,3,Q1,Clothing,2,61.14,0.0,122.27,Organic Search,Tablet,South West,1,2024-03,2024-03-05
O0003706,C01323,2024-10-22,2024,10,Q4,Home & Garden,2,74.32,0.21,117.43,Organic Search,Tablet,South West,1,2024-10,2024-10-22
O0003707,C01326,2022-05-08,2022,5,Q2,Electronics,1,120.23,0.01,119.03,Organic Search,Desktop,Scotland,0,2022-05,2022-05-08
O0003708,C01326,2023-11-11,2023,11,Q4,Home & Garden,4,90.64,0.0,362.54,Organic Search,Desktop,Scotland,1,2023-11,2023-11-11
O0003709,C01326,2023-12-20,2023,12,Q4,Home & Garden,3,140.0,0.0,420.0,Organic Search,Desktop,Scotland,1,2023-12,2023-12-20
O0003710,C01327,2023-02-25,2023,2,Q1,Beauty,3,34.18,0.0,102.54,Paid Search,Desktop,Wales,0,2023-02,2023-02-25
O0003711,C01327,2023-03-19,2023,3,Q1,Beauty,1,23.23,0.19,18.82,Paid Search,Desktop,Wales,1,2023-03,2023-03-19
O0003712,C01327,2023-04-09,2023,4,Q2,Beauty,2,42.56,0.12,74.9,Paid Search,Desktop,Wales,1,2023-04,2023-04-09
O0003713,C01327,2023-06-20,2023,6,Q2,Beauty,3,27.61,0.0,82.83,Paid Search,Desktop,Wales,1,2023-06,2023-06-20
O0003714,C01327,2023-12-04,2023,12,Q4,Beauty,4,61.71,0.14,212.3,Paid Search,Desktop,Wales,1,2023-12,2023-12-04
O0003715,C01327,2024-05-30,2024,5,Q2,Clothing,3,26.53,0.0,79.6,Paid Search,Desktop,Wales,1,2024-05,2024-05-30
O0003716,C01327,2024-11-08,2024,11,Q4,Beauty,3,41.37,0.0,124.11,Paid Search,Desktop,Wales,1,2024-11,2024-11-08
O0003717,C01327,2024-11-08,2024,11,Q4,Beauty,1,45.45,0.21,35.91,Paid Search,Desktop,Wales,1,2024-11,2024-11-08
O0003718,C01327,2024-12-14,2024,12,Q4,Beauty,1,59.29,0.14,50.99,Paid Search,Desktop,Wales,1,2024-12,2024-12-14
O0003719,C01329,2024-10-15,2024,10,Q4,Clothing,1,58.61,0.0,58.61,Organic Search,Desktop,Scotland,0,2024-10,2024-10-15
O0003720,C01329,2024-10-22,2024,10,Q4,Electronics,2,180.29,0.24,274.05,Organic Search,Desktop,Scotland,1,2024-10,2024-10-22
O0003721,C01329,2024-11-26,2024,11,Q4,Clothing,2,68.91,0.0,137.82,Organic Search,Desktop,Scotland,1,2024-11,2024-11-26
O0003722,C01329,2024-11-28,2024,11,Q4,Clothing,1,86.48,0.14,74.38,Organic Search,Desktop,Scotland,1,2024-11,2024-11-28
O0003723,C01329,2024-12-05,2024,12,Q4,Clothing,2,106.26,0.0,212.52,Organic Search,Desktop,Scotland,1,2024-12,2024-12-05
O0003724,C01329,2024-12-09,2024,12,Q4,Clothing,1,95.85,0.0,95.85,Organic Search,Desktop,Scotland,1,2024-12,2024-12-09
O0003725,C01329,2024-12-17,2024,12,Q4,Clothing,4,101.97,0.0,407.87,Organic Search,Desktop,Scotland,1,2024-12,2024-12-17
O0003726,C01329,2024-12-19,2024,12,Q4,Clothing,3,124.69,0.0,374.08,Organic Search,Desktop,Scotland,1,2024-12,2024-12-19
O0003727,C01330,2024-12-23,2024,12,Q4,Home & Garden,2,107.5,0.0,215.0,Email,Mobile,Midlands,0,2024-12,2024-12-23
O0003728,C01331,2024-05-18,2024,5,Q2,Clothing,3,51.63,0.0,154.9,Email,Desktop,London,0,2024-05,2024-05-18
O0003729,C01331,2024-09-29,2024,9,Q3,Electronics,4,148.38,0.0,593.51,Email,Desktop,London,1,2024-09,2024-09-29
O0003730,C01331,2024-11-11,2024,11,Q4,Electronics,3,242.48,0.0,727.44,Email,Desktop,London,1,2024-11,2024-11-11
O0003731,C01332,2024-04-06,2024,4,Q2,Home & Garden,3,96.48,0.0,289.45,Email,Desktop,London,0,2024-04,2024-04-06
O0003732,C01332,2024-04-23,2024,4,Q2,Electronics,1,143.43,0.0,143.43,Email,Desktop,London,1,2024-04,2024-04-23
O0003733,C01332,2024-05-26,2024,5,Q2,Home & Garden,3,40.56,0.01,120.45,Email,Desktop,London,1,2024-05,2024-05-26
O0003734,C01332,2024-07-29,2024,7,Q3,Home & Garden,1,82.54,0.0,82.54,Email,Desktop,London,1,2024-07,2024-07-29
O0003735,C01332,2024-08-27,2024,8,Q3,Home & Garden,4,69.46,0.0,277.85,Email,Desktop,London,1,2024-08,2024-08-27
O0003736,C01333,2024-05-19,2024,5,Q2,Sports,4,37.54,0.0,150.15,Paid Search,Mobile,South East,0,2024-05,2024-05-19
O0003737,C01333,2024-07-02,2024,7,Q3,Home & Garden,3,99.85,0.0,299.56,Paid Search,Mobile,South East,1,2024-07,2024-07-02
O0003738,C01334,2023-12-07,2023,12,Q4,Home & Garden,2,105.9,0.18,173.68,Social Media,Tablet,South East,0,2023-12,2023-12-07
O0003739,C01334,2024-03-04,2024,3,Q1,Home & Garden,1,84.11,0.0,84.11,Social Media,Tablet,South East,1,2024-03,2024-03-04
O0003740,C01334,2024-03-21,2024,3,Q1,Home & Garden,2,65.61,0.0,131.23,Social Media,Tablet,South East,1,2024-03,2024-03-21
O0003741,C01334,2024-04-23,2024,4,Q2,Home & Garden,3,37.68,0.1,101.73,Social Media,Tablet,South East,1,2024-04,2024-04-23
O0003742,C01334,2024-07-06,2024,7,Q3,Electronics,3,154.11,0.12,406.84,Social Media,Tablet,South East,1,2024-07,2024-07-06
O0003743,C01334,2024-08-22,2024,8,Q3,Home & Garden,2,78.33,0.0,156.65,Social Media,Tablet,South East,1,2024-08,2024-08-22
O0003744,C01334,2024-09-12,2024,9,Q3,Electronics,2,181.64,0.0,363.29,Social Media,Tablet,South East,1,2024-09,2024-09-12
O0003745,C01335,2023-07-06,2023,7,Q3,Electronics,4,152.01,0.13,529.0,Email,Mobile,London,0,2023-07,2023-07-06
O0003746,C01335,2023-08-27,2023,8,Q3,Electronics,2,67.8,0.0,135.61,Email,Mobile,London,1,2023-08,2023-08-27
O0003747,C01335,2023-10-27,2023,10,Q4,Clothing,4,84.53,0.21,267.12,Email,Mobile,London,1,2023-10,2023-10-27
O0003748,C01335,2023-11-27,2023,11,Q4,Home & Garden,2,49.4,0.0,98.8,Email,Mobile,London,1,2023-11,2023-11-27
O0003749,C01335,2024-10-24,2024,10,Q4,Electronics,3,113.38,0.0,340.14,Email,Mobile,London,1,2024-10,2024-10-24
O0003750,C01335,2024-10-28,2024,10,Q4,Electronics,3,229.67,0.01,682.12,Email,Mobile,London,1,2024-10,2024-10-28
O0003751,C01336,2024-01-05,2024,1,Q1,Home & Garden,4,39.49,0.0,157.97,Social Media,Mobile,North West,0,2024-01,2024-01-05
O0003752,C01336,2024-01-25,2024,1,Q1,Home & Garden,1,82.24,0.07,76.48,Social Media,Mobile,North West,1,2024-01,2024-01-25
O0003753,C01336,2024-05-23,2024,5,Q2,Home & Garden,4,107.5,0.23,331.1,Social Media,Mobile,North West,1,2024-05,2024-05-23
O0003754,C01336,2024-09-19,2024,9,Q3,Home & Garden,2,86.85,0.0,173.71,Social Media,Mobile,North West,1,2024-09,2024-09-19
O0003755,C01336,2024-10-04,2024,10,Q4,Home & Garden,3,128.57,0.14,331.72,Social Media,Mobile,North West,1,2024-10,2024-10-04
O0003756,C01337,2023-05-14,2023,5,Q2,Electronics,3,135.9,0.08,375.09,Social Media,Mobile,Midlands,0,2023-05,2023-05-14
O0003757,C01337,2023-05-25,2023,5,Q2,Clothing,1,27.78,0.0,27.78,Social Media,Mobile,Midlands,1,2023-05,2023-05-25
O0003758,C01337,2024-05-14,2024,5,Q2,Clothing,1,52.42,0.0,52.42,Social Media,Mobile,Midlands,1,2024-05,2024-05-14
O0003759,C01337,2024-07-18,2024,7,Q3,Clothing,1,76.89,0.01,76.12,Social Media,Mobile,Midlands,1,2024-07,2024-07-18
O0003760,C01337,2024-10-31,2024,10,Q4,Clothing,3,55.27,0.0,165.8,Social Media,Mobile,Midlands,1,2024-10,2024-10-31
O0003761,C01338,2023-02-23,2023,2,Q1,Electronics,2,120.87,0.03,234.48,Paid Search,Mobile,London,0,2023-02,2023-02-23
O0003762,C01338,2023-12-28,2023,12,Q4,Home & Garden,1,135.49,0.0,135.49,Paid Search,Mobile,London,1,2023-12,2023-12-28
O0003763,C01339,2024-11-18,2024,11,Q4,Home & Garden,4,151.94,0.0,607.74,Email,Desktop,North East,0,2024-11,2024-11-18
O0003764,C01340,2023-09-13,2023,9,Q3,Electronics,4,153.42,0.0,613.67,Email,Mobile,Scotland,0,2023-09,2023-09-13
O0003765,C01340,2024-03-12,2024,3,Q1,Toys,1,29.54,0.0,29.54,Email,Mobile,Scotland,1,2024-03,2024-03-12
O0003766,C01340,2024-10-30,2024,10,Q4,Electronics,4,153.25,0.12,539.43,Email,Mobile,Scotland,1,2024-10,2024-10-30
O0003767,C01341,2024-05-18,2024,5,Q2,Toys,1,33.98,0.0,33.98,Paid Search,Mobile,South East,0,2024-05,2024-05-18
O0003768,C01342,2024-02-29,2024,2,Q1,Sports,3,27.58,0.0,82.75,Organic Search,Desktop,London,0,2024-02,2024-02-29
O0003769,C01342,2024-03-02,2024,3,Q1,Sports,3,26.62,0.14,68.69,Organic Search,Desktop,London,1,2024-03,2024-03-02
O0003770,C01342,2024-06-10,2024,6,Q2,Sports,3,70.53,0.06,198.9,Organic Search,Desktop,London,1,2024-06,2024-06-10
O0003771,C01342,2024-06-17,2024,6,Q2,Beauty,3,26.15,0.0,78.46,Organic Search,Desktop,London,1,2024-06,2024-06-17
O0003772,C01342,2024-07-31,2024,7,Q3,Sports,4,58.65,0.0,234.6,Organic Search,Desktop,London,1,2024-07,2024-07-31
O0003773,C01342,2024-08-03,2024,8,Q3,Sports,1,47.02,0.0,47.02,Organic Search,Desktop,London,1,2024-08,2024-08-03
O0003774,C01342,2024-09-04,2024,9,Q3,Sports,2,5.0,0.0,10.0,Organic Search,Desktop,London,1,2024-09,2024-09-04
O0003775,C01342,2024-09-16,2024,9,Q3,Sports,2,49.04,0.0,98.07,Organic Search,Desktop,London,1,2024-09,2024-09-16
O0003776,C01342,2024-09-19,2024,9,Q3,Clothing,1,47.19,0.0,47.19,Organic Search,Desktop,London,1,2024-09,2024-09-19
O0003777,C01342,2024-11-04,2024,11,Q4,Electronics,4,125.73,0.05,477.78,Organic Search,Desktop,London,1,2024-11,2024-11-04
O0003778,C01342,2024-12-06,2024,12,Q4,Sports,1,107.62,0.0,107.62,Organic Search,Desktop,London,1,2024-12,2024-12-06
O0003779,C01343,2023-12-12,2023,12,Q4,Electronics,1,260.24,0.0,260.24,Paid Search,Mobile,Midlands,0,2023-12,2023-12-12
O0003780,C01345,2023-07-29,2023,7,Q3,Home & Garden,4,89.29,0.0,357.17,Paid Search,Mobile,Scotland,0,2023-07,2023-07-29
O0003781,C01345,2024-02-27,2024,2,Q1,Home & Garden,4,63.08,0.0,252.31,Paid Search,Mobile,Scotland,1,2024-02,2024-02-27
O0003782,C01345,2024-07-31,2024,7,Q3,Home & Garden,1,66.47,0.0,66.47,Paid Search,Mobile,Scotland,1,2024-07,2024-07-31
O0003783,C01345,2024-09-03,2024,9,Q3,Home & Garden,1,67.68,0.07,62.94,Paid Search,Mobile,Scotland,1,2024-09,2024-09-03
O0003784,C01345,2024-09-11,2024,9,Q3,Home & Garden,1,58.85,0.23,45.31,Paid Search,Mobile,Scotland,1,2024-09,2024-09-11
O0003785,C01346,2024-08-16,2024,8,Q3,Electronics,1,180.17,0.0,180.17,Organic Search,Mobile,North West,0,2024-08,2024-08-16
O0003786,C01347,2023-09-20,2023,9,Q3,Electronics,2,128.11,0.0,256.22,Social Media,Mobile,Yorkshire,0,2023-09,2023-09-20
O0003787,C01347,2024-04-24,2024,4,Q2,Books,3,13.86,0.0,41.59,Social Media,Mobile,Yorkshire,1,2024-04,2024-04-24
O0003788,C01349,2024-01-05,2024,1,Q1,Electronics,3,74.8,0.0,224.4,Referral,Tablet,North West,0,2024-01,2024-01-05
O0003789,C01350,2023-11-06,2023,11,Q4,Clothing,2,103.31,0.23,159.09,Referral,Desktop,Midlands,0,2023-11,2023-11-06
O0003790,C01350,2024-05-14,2024,5,Q2,Clothing,3,13.06,0.0,39.17,Referral,Desktop,Midlands,1,2024-05,2024-05-14
O0003791,C01351,2023-06-06,2023,6,Q2,Electronics,2,170.02,0.1,306.03,Social Media,Desktop,Wales,0,2023-06,2023-06-06
O0003792,C01352,2022-12-23,2022,12,Q4,Clothing,4,91.76,0.0,367.05,Paid Search,Desktop,Wales,0,2022-12,2022-12-23
O0003793,C01352,2023-01-13,2023,1,Q1,Clothing,2,50.37,0.0,100.73,Paid Search,Desktop,Wales,1,2023-01,2023-01-13
O0003794,C01352,2023-03-13,2023,3,Q1,Clothing,4,92.8,0.11,330.36,Paid Search,Desktop,Wales,1,2023-03,2023-03-13
O0003795,C01352,2023-10-17,2023,10,Q4,Clothing,2,80.28,0.0,160.57,Paid Search,Desktop,Wales,1,2023-10,2023-10-17
O0003796,C01352,2024-02-16,2024,2,Q1,Clothing,4,42.49,0.0,169.97,Paid Search,Desktop,Wales,1,2024-02,2024-02-16
O0003797,C01352,2024-04-02,2024,4,Q2,Clothing,1,72.55,0.11,64.57,Paid Search,Desktop,Wales,1,2024-04,2024-04-02
O0003798,C01352,2024-04-03,2024,4,Q2,Clothing,2,78.18,0.0,156.37,Paid Search,Desktop,Wales,1,2024-04,2024-04-03
O0003799,C01352,2024-08-27,2024,8,Q3,Clothing,3,66.02,0.0,198.05,Paid Search,Desktop,Wales,1,2024-08,2024-08-27
O0003800,C01352,2024-09-27,2024,9,Q3,Clothing,3,71.98,0.0,215.95,Paid Search,Desktop,Wales,1,2024-09,2024-09-27
O0003801,C01353,2024-11-08,2024,11,Q4,Beauty,4,44.55,0.0,178.19,Social Media,Desktop,North East,0,2024-11,2024-11-08
O0003802,C01353,2024-11-19,2024,11,Q4,Home & Garden,1,101.32,0.0,101.32,Social Media,Desktop,North East,1,2024-11,2024-11-19
O0003803,C01353,2024-12-21,2024,12,Q4,Beauty,2,65.52,0.0,131.05,Social Media,Desktop,North East,1,2024-12,2024-12-21
O0003804,C01354,2023-08-24,2023,8,Q3,Beauty,3,40.11,0.0,120.32,Social Media,Mobile,Scotland,0,2023-08,2023-08-24
O0003805,C01354,2024-02-22,2024,2,Q1,Beauty,2,35.31,0.25,52.96,Social Media,Mobile,Scotland,1,2024-02,2024-02-22
O0003806,C01354,2024-09-08,2024,9,Q3,Beauty,1,34.88,0.07,32.44,Social Media,Mobile,Scotland,1,2024-09,2024-09-08
O0003807,C01355,2022-07-31,2022,7,Q3,Clothing,2,90.26,0.09,164.27,Email,Mobile,South East,0,2022-07,2022-07-31
O0003808,C01355,2023-12-07,2023,12,Q4,Clothing,2,83.27,0.17,138.23,Email,Mobile,South East,1,2023-12,2023-12-07
O0003809,C01355,2024-08-27,2024,8,Q3,Clothing,1,47.56,0.0,47.56,Email,Mobile,South East,1,2024-08,2024-08-27
O0003810,C01357,2024-10-26,2024,10,Q4,Clothing,2,60.47,0.13,105.22,Paid Search,Desktop,Scotland,0,2024-10,2024-10-26
O0003811,C01357,2024-12-12,2024,12,Q4,Clothing,1,124.83,0.0,124.83,Paid Search,Desktop,Scotland,1,2024-12,2024-12-12
O0003812,C01358,2022-02-15,2022,2,Q1,Beauty,2,24.69,0.2,39.5,Paid Search,Mobile,North West,0,2022-02,2022-02-15
O0003813,C01358,2022-11-09,2022,11,Q4,Electronics,1,155.87,0.0,155.87,Paid Search,Mobile,North West,1,2022-11,2022-11-09
O0003814,C01358,2023-10-05,2023,10,Q4,Beauty,1,24.67,0.0,24.67,Paid Search,Mobile,North West,1,2023-10,2023-10-05
O0003815,C01359,2024-02-22,2024,2,Q1,Sports,2,39.78,0.11,70.81,Paid Search,Desktop,North West,0,2024-02,2024-02-22
O0003816,C01359,2024-07-01,2024,7,Q3,Toys,1,35.97,0.18,29.5,Paid Search,Desktop,North West,1,2024-07,2024-07-01
O0003817,C01360,2024-08-30,2024,8,Q3,Beauty,2,30.64,0.0,61.28,Email,Desktop,Yorkshire,0,2024-08,2024-08-30
O0003818,C01360,2024-09-03,2024,9,Q3,Books,1,21.48,0.0,21.48,Email,Desktop,Yorkshire,1,2024-09,2024-09-03
O0003819,C01361,2024-07-14,2024,7,Q3,Electronics,1,168.28,0.0,168.28,Direct,Mobile,South West,0,2024-07,2024-07-14
O0003820,C01362,2022-07-13,2022,7,Q3,Electronics,2,121.75,0.0,243.5,Email,Desktop,North East,0,2022-07,2022-07-13
O0003821,C01362,2023-01-10,2023,1,Q1,Electronics,4,95.1,0.0,380.4,Email,Desktop,North East,1,2023-01,2023-01-10
O0003822,C01362,2024-03-01,2024,3,Q1,Toys,2,39.77,0.14,68.4,Email,Desktop,North East,1,2024-03,2024-03-01
O0003823,C01362,2024-03-12,2024,3,Q1,Electronics,4,83.99,0.0,335.95,Email,Desktop,North East,1,2024-03,2024-03-12
O0003824,C01362,2024-10-28,2024,10,Q4,Electronics,2,176.46,0.21,278.8,Email,Desktop,North East,1,2024-10,2024-10-28
O0003825,C01363,2024-12-10,2024,12,Q4,Clothing,1,85.2,0.0,85.2,Email,Mobile,Midlands,0,2024-12,2024-12-10
O0003826,C01366,2024-07-27,2024,7,Q3,Clothing,3,52.87,0.0,158.61,Direct,Mobile,London,0,2024-07,2024-07-27
O0003827,C01367,2024-06-18,2024,6,Q2,Clothing,2,36.3,0.23,55.9,Organic Search,Mobile,London,0,2024-06,2024-06-18
O0003828,C01368,2024-01-27,2024,1,Q1,Home & Garden,1,96.98,0.0,96.98,Email,Mobile,Midlands,0,2024-01,2024-01-27
O0003829,C01369,2023-09-16,2023,9,Q3,Clothing,1,19.61,0.01,19.41,Organic Search,Desktop,North West,0,2023-09,2023-09-16
O0003830,C01369,2023-12-31,2023,12,Q4,Beauty,2,54.95,0.0,109.89,Organic Search,Desktop,North West,1,2023-12,2023-12-31
O0003831,C01369,2024-04-03,2024,4,Q2,Home & Garden,2,78.25,0.0,156.5,Organic Search,Desktop,North West,1,2024-04,2024-04-03
O0003832,C01369,2024-09-22,2024,9,Q3,Clothing,3,63.77,0.1,172.19,Organic Search,Desktop,North West,1,2024-09,2024-09-22
O0003833,C01370,2022-11-06,2022,11,Q4,Electronics,4,160.74,0.0,642.95,Referral,Desktop,South East,0,2022-11,2022-11-06
O0003834,C01370,2023-01-15,2023,1,Q1,Electronics,4,113.72,0.07,423.05,Referral,Desktop,South East,1,2023-01,2023-01-15
O0003835,C01370,2023-10-05,2023,10,Q4,Electronics,4,147.18,0.0,588.72,Referral,Desktop,South East,1,2023-10,2023-10-05
O0003836,C01370,2023-11-02,2023,11,Q4,Electronics,3,69.39,0.0,208.17,Referral,Desktop,South East,1,2023-11,2023-11-02
O0003837,C01370,2024-02-21,2024,2,Q1,Electronics,4,86.43,0.0,345.7,Referral,Desktop,South East,1,2024-02,2024-02-21
O0003838,C01370,2024-08-07,2024,8,Q3,Clothing,3,81.72,0.0,245.15,Referral,Desktop,South East,1,2024-08,2024-08-07
O0003839,C01371,2022-12-24,2022,12,Q4,Books,1,36.46,0.16,30.63,Organic Search,Desktop,Scotland,0,2022-12,2022-12-24
O0003840,C01371,2023-10-26,2023,10,Q4,Clothing,3,63.08,0.0,189.25,Organic Search,Desktop,Scotland,1,2023-10,2023-10-26
O0003841,C01371,2024-02-13,2024,2,Q1,Books,3,20.81,0.0,62.42,Organic Search,Desktop,Scotland,1,2024-02,2024-02-13
O0003842,C01371,2024-05-15,2024,5,Q2,Electronics,1,125.48,0.0,125.48,Organic Search,Desktop,Scotland,1,2024-05,2024-05-15
O0003843,C01371,2024-06-19,2024,6,Q2,Books,4,23.5,0.06,88.36,Organic Search,Desktop,Scotland,1,2024-06,2024-06-19
O0003844,C01371,2024-06-30,2024,6,Q2,Books,4,24.19,0.0,96.78,Organic Search,Desktop,Scotland,1,2024-06,2024-06-30
O0003845,C01371,2024-09-05,2024,9,Q3,Books,3,25.69,0.0,77.08,Organic Search,Desktop,Scotland,1,2024-09,2024-09-05
O0003846,C01372,2024-06-21,2024,6,Q2,Home & Garden,1,58.14,0.0,58.14,Email,Mobile,Yorkshire,0,2024-06,2024-06-21
O0003847,C01373,2022-01-21,2022,1,Q1,Clothing,4,73.97,0.14,254.45,Paid Search,Mobile,Wales,0,2022-01,2022-01-21
O0003848,C01373,2022-03-01,2022,3,Q1,Home & Garden,4,101.2,0.13,352.16,Paid Search,Mobile,Wales,1,2022-03,2022-03-01
O0003849,C01373,2023-02-15,2023,2,Q1,Home & Garden,1,79.1,0.24,60.12,Paid Search,Mobile,Wales,1,2023-02,2023-02-15
O0003850,C01373,2023-03-13,2023,3,Q1,Home & Garden,2,71.87,0.0,143.73,Paid Search,Mobile,Wales,1,2023-03,2023-03-13
O0003851,C01373,2023-04-24,2023,4,Q2,Home & Garden,4,104.03,0.18,341.2,Paid Search,Mobile,Wales,1,2023-04,2023-04-24
O0003852,C01374,2023-10-17,2023,10,Q4,Books,1,21.59,0.0,21.59,Paid Search,Mobile,London,0,2023-10,2023-10-17
O0003853,C01374,2023-12-22,2023,12,Q4,Books,2,35.2,0.04,67.59,Paid Search,Mobile,London,1,2023-12,2023-12-22
O0003854,C01374,2024-03-04,2024,3,Q1,Books,1,11.49,0.1,10.34,Paid Search,Mobile,London,1,2024-03,2024-03-04
O0003855,C01374,2024-05-13,2024,5,Q2,Books,4,26.37,0.0,105.5,Paid Search,Mobile,London,1,2024-05,2024-05-13
O0003856,C01376,2024-03-03,2024,3,Q1,Electronics,4,127.99,0.0,511.96,Paid Search,Desktop,Scotland,0,2024-03,2024-03-03
O0003857,C01376,2024-06-10,2024,6,Q2,Home & Garden,2,122.59,0.0,245.18,Paid Search,Desktop,Scotland,1,2024-06,2024-06-10
O0003858,C01376,2024-06-28,2024,6,Q2,Electronics,3,104.25,0.21,247.07,Paid Search,Desktop,Scotland,1,2024-06,2024-06-28
O0003859,C01377,2022-04-24,2022,4,Q2,Home & Garden,4,6.36,0.07,23.66,Social Media,Mobile,London,0,2022-04,2022-04-24
O0003860,C01377,2023-05-27,2023,5,Q2,Home & Garden,1,67.35,0.11,59.94,Social Media,Mobile,London,1,2023-05,2023-05-27
O0003861,C01377,2023-07-25,2023,7,Q3,Toys,3,21.35,0.0,64.04,Social Media,Mobile,London,1,2023-07,2023-07-25
O0003862,C01377,2023-11-03,2023,11,Q4,Clothing,1,76.22,0.0,76.22,Social Media,Mobile,London,1,2023-11,2023-11-03
O0003863,C01377,2024-04-26,2024,4,Q2,Clothing,1,66.49,0.0,66.49,Social Media,Mobile,London,1,2024-04,2024-04-26
O0003864,C01377,2024-07-25,2024,7,Q3,Home & Garden,3,82.27,0.0,246.8,Social Media,Mobile,London,1,2024-07,2024-07-25
O0003865,C01378,2023-02-13,2023,2,Q1,Home & Garden,3,76.63,0.0,229.9,Email,Desktop,North West,0,2023-02,2023-02-13
O0003866,C01378,2023-10-05,2023,10,Q4,Beauty,1,35.46,0.12,31.21,Email,Desktop,North West,1,2023-10,2023-10-05
O0003867,C01378,2023-10-08,2023,10,Q4,Beauty,3,38.95,0.0,116.85,Email,Desktop,North West,1,2023-10,2023-10-08
O0003868,C01378,2023-11-19,2023,11,Q4,Beauty,1,43.75,0.0,43.75,Email,Desktop,North West,1,2023-11,2023-11-19
O0003869,C01378,2024-09-24,2024,9,Q3,Beauty,4,41.75,0.12,146.95,Email,Desktop,North West,1,2024-09,2024-09-24
O0003870,C01379,2023-06-30,2023,6,Q2,Sports,2,50.95,0.09,92.74,Organic Search,Mobile,South East,0,2023-06,2023-06-30
O0003871,C01379,2023-08-05,2023,8,Q3,Sports,2,29.25,0.0,58.5,Organic Search,Mobile,South East,1,2023-08,2023-08-05
O0003872,C01380,2022-05-28,2022,5,Q2,Clothing,1,64.78,0.0,64.78,Social Media,Mobile,South East,0,2022-05,2022-05-28
O0003873,C01380,2023-06-08,2023,6,Q2,Clothing,4,73.77,0.0,295.1,Social Media,Mobile,South East,1,2023-06,2023-06-08
O0003874,C01380,2024-04-13,2024,4,Q2,Clothing,1,59.13,0.13,51.44,Social Media,Mobile,South East,1,2024-04,2024-04-13
O0003875,C01381,2022-03-19,2022,3,Q1,Home & Garden,2,62.62,0.0,125.24,Paid Search,Desktop,Yorkshire,0,2022-03,2022-03-19
O0003876,C01381,2022-11-18,2022,11,Q4,Home & Garden,3,84.7,0.0,254.11,Paid Search,Desktop,Yorkshire,1,2022-11,2022-11-18
O0003877,C01381,2023-02-08,2023,2,Q1,Home & Garden,2,81.8,0.0,163.6,Paid Search,Desktop,Yorkshire,1,2023-02,2023-02-08
O0003878,C01381,2024-06-08,2024,6,Q2,Home & Garden,4,85.75,0.05,325.84,Paid Search,Desktop,Yorkshire,1,2024-06,2024-06-08
O0003879,C01381,2024-10-12,2024,10,Q4,Home & Garden,1,110.36,0.0,110.36,Paid Search,Desktop,Yorkshire,1,2024-10,2024-10-12
O0003880,C01382,2024-06-02,2024,6,Q2,Clothing,4,94.1,0.06,353.81,Referral,Mobile,Midlands,0,2024-06,2024-06-02
O0003881,C01382,2024-10-03,2024,10,Q4,Electronics,2,192.21,0.08,353.66,Referral,Mobile,Midlands,1,2024-10,2024-10-03
O0003882,C01383,2023-04-10,2023,4,Q2,Electronics,2,190.65,0.14,327.92,Social Media,Mobile,North West,0,2023-04,2023-04-10
O0003883,C01383,2023-07-29,2023,7,Q3,Beauty,1,16.86,0.14,14.5,Social Media,Mobile,North West,1,2023-07,2023-07-29
O0003884,C01383,2023-08-17,2023,8,Q3,Sports,2,48.65,0.0,97.31,Social Media,Mobile,North West,1,2023-08,2023-08-17
O0003885,C01383,2024-06-12,2024,6,Q2,Clothing,1,61.17,0.0,61.17,Social Media,Mobile,North West,1,2024-06,2024-06-12
O0003886,C01384,2024-12-29,2024,12,Q4,Clothing,2,83.41,0.0,166.82,Social Media,Tablet,Scotland,0,2024-12,2024-12-29
O0003887,C01385,2024-01-27,2024,1,Q1,Home & Garden,1,43.13,0.0,43.13,Organic Search,Mobile,North West,0,2024-01,2024-01-27
O0003888,C01385,2024-10-06,2024,10,Q4,Home & Garden,2,90.26,0.07,167.89,Organic Search,Mobile,North West,1,2024-10,2024-10-06
O0003889,C01387,2023-09-23,2023,9,Q3,Beauty,2,20.54,0.0,41.08,Social Media,Mobile,Yorkshire,0,2023-09,2023-09-23
O0003890,C01387,2023-12-11,2023,12,Q4,Beauty,3,43.72,0.04,125.92,Social Media,Mobile,Yorkshire,1,2023-12,2023-12-11
O0003891,C01387,2024-12-02,2024,12,Q4,Beauty,4,65.41,0.06,245.93,Social Media,Mobile,Yorkshire,1,2024-12,2024-12-02
O0003892,C01387,2024-12-12,2024,12,Q4,Beauty,1,75.47,0.0,75.47,Social Media,Mobile,Yorkshire,1,2024-12,2024-12-12
O0003893,C01388,2023-04-24,2023,4,Q2,Electronics,2,140.88,0.23,216.96,Paid Search,Mobile,Scotland,0,2023-04,2023-04-24
O0003894,C01391,2024-11-05,2024,11,Q4,Beauty,3,57.34,0.0,172.02,Paid Search,Desktop,South East,0,2024-11,2024-11-05
O0003895,C01392,2024-08-10,2024,8,Q3,Beauty,3,23.37,0.03,68.01,Social Media,Mobile,North West,0,2024-08,2024-08-10
O0003896,C01392,2024-08-25,2024,8,Q3,Home & Garden,1,96.02,0.0,96.02,Social Media,Mobile,North West,1,2024-08,2024-08-25
O0003897,C01392,2024-12-04,2024,12,Q4,Home & Garden,4,98.58,0.03,382.49,Social Media,Mobile,North West,1,2024-12,2024-12-04
O0003898,C01392,2024-12-11,2024,12,Q4,Clothing,3,83.03,0.0,249.08,Social Media,Mobile,North West,1,2024-12,2024-12-11
O0003899,C01393,2023-06-02,2023,6,Q2,Clothing,4,68.96,0.16,231.69,Social Media,Desktop,Midlands,0,2023-06,2023-06-02
O0003900,C01393,2024-10-07,2024,10,Q4,Electronics,2,161.74,0.0,323.47,Social Media,Desktop,Midlands,1,2024-10,2024-10-07
O0003901,C01395,2024-08-27,2024,8,Q3,Books,4,30.78,0.15,104.65,Paid Search,Desktop,South West,0,2024-08,2024-08-27
O0003902,C01395,2024-09-27,2024,9,Q3,Clothing,2,44.23,0.0,88.46,Paid Search,Desktop,South West,1,2024-09,2024-09-27
O0003903,C01396,2024-06-24,2024,6,Q2,Clothing,2,66.94,0.0,133.87,Social Media,Mobile,Midlands,0,2024-06,2024-06-24
O0003904,C01396,2024-07-15,2024,7,Q3,Clothing,2,35.2,0.0,70.41,Social Media,Mobile,Midlands,1,2024-07,2024-07-15
O0003905,C01397,2024-11-07,2024,11,Q4,Electronics,2,211.21,0.0,422.43,Email,Desktop,Scotland,0,2024-11,2024-11-07
O0003906,C01397,2024-12-15,2024,12,Q4,Clothing,2,93.41,0.0,186.82,Email,Desktop,Scotland,1,2024-12,2024-12-15
O0003907,C01398,2024-06-20,2024,6,Q2,Sports,3,26.32,0.0,78.96,Email,Mobile,South East,0,2024-06,2024-06-20
O0003908,C01398,2024-06-27,2024,6,Q2,Sports,4,76.61,0.0,306.45,Email,Mobile,South East,1,2024-06,2024-06-27
O0003909,C01398,2024-08-07,2024,8,Q3,Sports,1,29.26,0.0,29.26,Email,Mobile,South East,1,2024-08,2024-08-07
O0003910,C01398,2024-10-15,2024,10,Q4,Clothing,4,77.43,0.0,309.72,Email,Mobile,South East,1,2024-10,2024-10-15
O0003911,C01398,2024-10-24,2024,10,Q4,Books,4,22.24,0.05,84.51,Email,Mobile,South East,1,2024-10,2024-10-24
O0003912,C01398,2024-10-31,2024,10,Q4,Clothing,2,78.34,0.17,130.04,Email,Mobile,South East,1,2024-10,2024-10-31
O0003913,C01398,2024-11-30,2024,11,Q4,Sports,2,92.05,0.0,184.09,Email,Mobile,South East,1,2024-11,2024-11-30
O0003914,C01398,2024-12-05,2024,12,Q4,Sports,1,72.7,0.07,67.61,Email,Mobile,South East,1,2024-12,2024-12-05
O0003915,C01398,2024-12-16,2024,12,Q4,Sports,3,85.42,0.0,256.26,Email,Mobile,South East,1,2024-12,2024-12-16
O0003916,C01398,2024-12-18,2024,12,Q4,Clothing,1,89.35,0.18,73.27,Email,Mobile,South East,1,2024-12,2024-12-18
O0003917,C01399,2022-08-15,2022,8,Q3,Clothing,2,37.49,0.0,74.98,Social Media,Desktop,Wales,0,2022-08,2022-08-15
O0003918,C01399,2024-03-09,2024,3,Q1,Clothing,3,39.53,0.1,106.74,Social Media,Desktop,Wales,1,2024-03,2024-03-09
O0003919,C01400,2024-09-23,2024,9,Q3,Toys,1,22.6,0.07,21.01,Email,Tablet,Yorkshire,0,2024-09,2024-09-23
O0003920,C01400,2024-11-02,2024,11,Q4,Books,4,36.44,0.16,122.45,Email,Tablet,Yorkshire,1,2024-11,2024-11-02
O0003921,C01400,2024-12-14,2024,12,Q4,Toys,3,40.31,0.02,118.51,Email,Tablet,Yorkshire,1,2024-12,2024-12-14
O0003922,C01400,2024-12-19,2024,12,Q4,Toys,1,54.83,0.21,43.31,Email,Tablet,Yorkshire,1,2024-12,2024-12-19
O0003923,C01401,2022-11-08,2022,11,Q4,Home & Garden,3,125.99,0.16,317.48,Social Media,Mobile,South East,0,2022-11,2022-11-08
O0003924,C01401,2023-04-15,2023,4,Q2,Clothing,3,82.87,0.0,248.61,Social Media,Mobile,South East,1,2023-04,2023-04-15
O0003925,C01401,2023-08-09,2023,8,Q3,Clothing,3,79.88,0.0,239.65,Social Media,Mobile,South East,1,2023-08,2023-08-09
O0003926,C01401,2023-10-29,2023,10,Q4,Clothing,3,36.42,0.14,93.97,Social Media,Mobile,South East,1,2023-10,2023-10-29
O0003927,C01401,2024-01-06,2024,1,Q1,Toys,4,19.84,0.17,65.87,Social Media,Mobile,South East,1,2024-01,2024-01-06
O0003928,C01401,2024-08-18,2024,8,Q3,Clothing,3,48.47,0.0,145.4,Social Media,Mobile,South East,1,2024-08,2024-08-18
O0003929,C01401,2024-09-30,2024,9,Q3,Clothing,2,56.49,0.0,112.98,Social Media,Mobile,South East,1,2024-09,2024-09-30
O0003930,C01402,2023-07-31,2023,7,Q3,Clothing,3,69.89,0.0,209.67,Email,Mobile,South East,0,2023-07,2023-07-31
O0003931,C01402,2024-06-05,2024,6,Q2,Clothing,1,51.82,0.0,51.82,Email,Mobile,South East,1,2024-06,2024-06-05
O0003932,C01402,2024-07-30,2024,7,Q3,Home & Garden,3,68.29,0.0,204.88,Email,Mobile,South East,1,2024-07,2024-07-30
O0003933,C01403,2024-05-09,2024,5,Q2,Beauty,3,52.61,0.0,157.84,Email,Mobile,London,0,2024-05,2024-05-09
O0003934,C01403,2024-05-18,2024,5,Q2,Beauty,4,17.8,0.02,69.8,Email,Mobile,London,1,2024-05,2024-05-18
O0003935,C01403,2024-07-15,2024,7,Q3,Electronics,1,241.59,0.0,241.59,Email,Mobile,London,1,2024-07,2024-07-15
O0003936,C01403,2024-11-12,2024,11,Q4,Home & Garden,2,95.19,0.11,169.44,Email,Mobile,London,1,2024-11,2024-11-12
O0003937,C01403,2024-12-07,2024,12,Q4,Clothing,1,85.33,0.0,85.33,Email,Mobile,London,1,2024-12,2024-12-07
O0003938,C01404,2023-11-08,2023,11,Q4,Home & Garden,1,82.95,0.0,82.95,Email,Desktop,Scotland,0,2023-11,2023-11-08
O0003939,C01404,2024-10-06,2024,10,Q4,Clothing,4,49.75,0.1,179.11,Email,Desktop,Scotland,1,2024-10,2024-10-06
O0003940,C01405,2024-07-14,2024,7,Q3,Clothing,1,86.26,0.0,86.26,Paid Search,Tablet,Midlands,0,2024-07,2024-07-14
O0003941,C01405,2024-08-21,2024,8,Q3,Toys,1,27.78,0.0,27.78,Paid Search,Tablet,Midlands,1,2024-08,2024-08-21
O0003942,C01405,2024-10-14,2024,10,Q4,Clothing,4,69.7,0.0,278.8,Paid Search,Tablet,Midlands,1,2024-10,2024-10-14
O0003943,C01405,2024-12-17,2024,12,Q4,Electronics,4,315.04,0.0,1260.17,Paid Search,Tablet,Midlands,1,2024-12,2024-12-17
O0003944,C01406,2023-05-21,2023,5,Q2,Clothing,1,69.64,0.0,69.64,Social Media,Desktop,North West,0,2023-05,2023-05-21
O0003945,C01406,2023-11-06,2023,11,Q4,Clothing,2,77.11,0.02,151.14,Social Media,Desktop,North West,1,2023-11,2023-11-06
O0003946,C01406,2024-03-23,2024,3,Q1,Electronics,2,84.88,0.0,169.77,Social Media,Desktop,North West,1,2024-03,2024-03-23
O0003947,C01408,2022-03-10,2022,3,Q1,Electronics,3,133.24,0.0,399.73,Organic Search,Mobile,London,0,2022-03,2022-03-10
O0003948,C01408,2022-05-19,2022,5,Q2,Clothing,3,61.2,0.0,183.6,Organic Search,Mobile,London,1,2022-05,2022-05-19
O0003949,C01408,2022-10-29,2022,10,Q4,Electronics,2,87.18,0.0,174.36,Organic Search,Mobile,London,1,2022-10,2022-10-29
O0003950,C01408,2023-10-27,2023,10,Q4,Books,3,32.86,0.0,98.57,Organic Search,Mobile,London,1,2023-10,2023-10-27
O0003951,C01408,2024-09-24,2024,9,Q3,Electronics,2,169.86,0.0,339.72,Organic Search,Mobile,London,1,2024-09,2024-09-24
O0003952,C01409,2021-09-01,2021,9,Q3,Beauty,4,22.69,0.0,90.76,Paid Search,Mobile,North West,0,2021-09,2021-09-01
O0003953,C01409,2022-01-01,2022,1,Q1,Home & Garden,4,18.99,0.09,69.14,Paid Search,Mobile,North West,1,2022-01,2022-01-01
O0003954,C01409,2024-10-23,2024,10,Q4,Home & Garden,3,76.32,0.0,228.95,Paid Search,Mobile,North West,1,2024-10,2024-10-23
O0003955,C01409,2024-10-23,2024,10,Q4,Clothing,2,52.77,0.12,92.88,Paid Search,Mobile,North West,1,2024-10,2024-10-23
O0003956,C01410,2024-02-06,2024,2,Q1,Electronics,3,77.98,0.01,231.6,Email,Desktop,London,0,2024-02,2024-02-06
O0003957,C01411,2022-08-04,2022,8,Q3,Sports,2,44.47,0.11,79.15,Social Media,Mobile,London,0,2022-08,2022-08-04
O0003958,C01411,2024-04-26,2024,4,Q2,Sports,3,44.12,0.18,108.52,Social Media,Mobile,London,1,2024-04,2024-04-26
O0003959,C01411,2024-05-27,2024,5,Q2,Clothing,2,58.23,0.0,116.46,Social Media,Mobile,London,1,2024-05,2024-05-27
O0003960,C01412,2023-03-24,2023,3,Q1,Clothing,2,85.58,0.07,159.18,Social Media,Mobile,South East,0,2023-03,2023-03-24
O0003961,C01412,2023-06-20,2023,6,Q2,Beauty,2,36.22,0.0,72.45,Social Media,Mobile,South East,1,2023-06,2023-06-20
O0003962,C01412,2024-03-03,2024,3,Q1,Beauty,4,13.7,0.16,46.04,Social Media,Mobile,South East,1,2024-03,2024-03-03
O0003963,C01412,2024-06-27,2024,6,Q2,Beauty,2,29.48,0.22,45.99,Social Media,Mobile,South East,1,2024-06,2024-06-27
O0003964,C01412,2024-12-19,2024,12,Q4,Beauty,2,65.61,0.0,131.23,Social Media,Mobile,South East,1,2024-12,2024-12-19
O0003965,C01415,2024-07-28,2024,7,Q3,Home & Garden,3,54.09,0.0,162.26,Email,Mobile,Yorkshire,0,2024-07,2024-07-28
O0003966,C01415,2024-09-14,2024,9,Q3,Beauty,4,35.59,0.0,142.36,Email,Mobile,Yorkshire,1,2024-09,2024-09-14
O0003967,C01415,2024-10-01,2024,10,Q4,Clothing,4,81.15,0.23,249.94,Email,Mobile,Yorkshire,1,2024-10,2024-10-01
O0003968,C01415,2024-12-13,2024,12,Q4,Beauty,1,65.78,0.1,59.2,Email,Mobile,Yorkshire,1,2024-12,2024-12-13
O0003969,C01416,2024-07-22,2024,7,Q3,Books,2,19.97,0.0,39.93,Paid Search,Mobile,Yorkshire,0,2024-07,2024-07-22
O0003970,C01416,2024-07-29,2024,7,Q3,Books,3,34.27,0.0,102.81,Paid Search,Mobile,Yorkshire,1,2024-07,2024-07-29
O0003971,C01416,2024-10-06,2024,10,Q4,Books,3,26.79,0.16,67.51,Paid Search,Mobile,Yorkshire,1,2024-10,2024-10-06
O0003972,C01416,2024-10-13,2024,10,Q4,Home & Garden,2,104.02,0.0,208.05,Paid Search,Mobile,Yorkshire,1,2024-10,2024-10-13
O0003973,C01417,2023-11-28,2023,11,Q4,Books,3,28.73,0.0,86.2,Referral,Mobile,Wales,0,2023-11,2023-11-28
O0003974,C01417,2024-06-29,2024,6,Q2,Books,4,19.16,0.2,61.31,Referral,Mobile,Wales,1,2024-06,2024-06-29
O0003975,C01417,2024-07-16,2024,7,Q3,Books,4,11.39,0.0,45.56,Referral,Mobile,Wales,1,2024-07,2024-07-16
O0003976,C01417,2024-11-30,2024,11,Q4,Books,4,23.78,0.0,95.11,Referral,Mobile,Wales,1,2024-11,2024-11-30
O0003977,C01417,2024-12-09,2024,12,Q4,Books,1,27.77,0.0,27.77,Referral,Mobile,Wales,1,2024-12,2024-12-09
O0003978,C01418,2021-11-16,2021,11,Q4,Home & Garden,1,81.41,0.0,81.41,Organic Search,Mobile,South East,0,2021-11,2021-11-16
O0003979,C01418,2023-01-05,2023,1,Q1,Home & Garden,1,82.26,0.0,82.26,Organic Search,Mobile,South East,1,2023-01,2023-01-05
O0003980,C01418,2024-04-29,2024,4,Q2,Home & Garden,1,101.17,0.12,89.03,Organic Search,Mobile,South East,1,2024-04,2024-04-29
O0003981,C01419,2023-05-16,2023,5,Q2,Clothing,4,57.23,0.0,228.91,Email,Mobile,South East,0,2023-05,2023-05-16
O0003982,C01419,2024-04-11,2024,4,Q2,Sports,1,47.76,0.0,47.76,Email,Mobile,South East,1,2024-04,2024-04-11
O0003983,C01419,2024-04-15,2024,4,Q2,Clothing,2,24.6,0.0,49.2,Email,Mobile,South East,1,2024-04,2024-04-15
O0003984,C01420,2024-01-27,2024,1,Q1,Electronics,2,121.78,0.0,243.57,Email,Mobile,Wales,0,2024-01,2024-01-27
O0003985,C01420,2024-05-03,2024,5,Q2,Electronics,2,85.47,0.0,170.93,Email,Mobile,Wales,1,2024-05,2024-05-03
O0003986,C01420,2024-05-30,2024,5,Q2,Electronics,2,122.29,0.0,244.57,Email,Mobile,Wales,1,2024-05,2024-05-30
O0003987,C01421,2021-11-26,2021,11,Q4,Home & Garden,1,138.73,0.0,138.73,Social Media,Tablet,North West,0,2021-11,2021-11-26
O0003988,C01421,2021-12-22,2021,12,Q4,Clothing,4,69.89,0.13,243.21,Social Media,Tablet,North West,1,2021-12,2021-12-22
O0003989,C01421,2022-04-07,2022,4,Q2,Electronics,3,103.73,0.07,289.39,Social Media,Tablet,North West,1,2022-04,2022-04-07
O0003990,C01421,2023-10-07,2023,10,Q4,Clothing,3,52.22,0.16,131.59,Social Media,Tablet,North West,1,2023-10,2023-10-07
O0003991,C01421,2024-05-27,2024,5,Q2,Clothing,2,57.81,0.0,115.61,Social Media,Tablet,North West,1,2024-05,2024-05-27
O0003992,C01422,2022-01-14,2022,1,Q1,Clothing,2,48.42,0.18,79.4,Email,Desktop,Yorkshire,0,2022-01,2022-01-14
O0003993,C01422,2023-03-25,2023,3,Q1,Clothing,2,66.2,0.0,132.4,Email,Desktop,Yorkshire,1,2023-03,2023-03-25
O0003994,C01423,2024-07-25,2024,7,Q3,Clothing,4,62.14,0.0,248.58,Social Media,Mobile,South East,0,2024-07,2024-07-25
O0003995,C01423,2024-08-01,2024,8,Q3,Clothing,4,58.91,0.0,235.64,Social Media,Mobile,South East,1,2024-08,2024-08-01
O0003996,C01423,2024-12-27,2024,12,Q4,Clothing,1,60.01,0.0,60.01,Social Media,Mobile,South East,1,2024-12,2024-12-27
O0003997,C01424,2024-11-03,2024,11,Q4,Books,3,22.24,0.2,53.37,Referral,Mobile,Yorkshire,0,2024-11,2024-11-03
O0003998,C01424,2024-11-15,2024,11,Q4,Beauty,4,40.59,0.01,160.75,Referral,Mobile,Yorkshire,1,2024-11,2024-11-15
O0003999,C01424,2024-11-18,2024,11,Q4,Books,3,17.59,0.0,52.76,Referral,Mobile,Yorkshire,1,2024-11,2024-11-18
O0004000,C01424,2024-11-23,2024,11,Q4,Electronics,3,154.14,0.24,351.44,Referral,Mobile,Yorkshire,1,2024-11,2024-11-23
O0004001,C01424,2024-11-26,2024,11,Q4,Books,1,28.32,0.0,28.32,Referral,Mobile,Yorkshire,1,2024-11,2024-11-26
O0004002,C01424,2024-11-27,2024,11,Q4,Clothing,3,112.32,0.11,299.9,Referral,Mobile,Yorkshire,1,2024-11,2024-11-27
O0004003,C01424,2024-12-08,2024,12,Q4,Books,1,34.08,0.0,34.08,Referral,Mobile,Yorkshire,1,2024-12,2024-12-08
O0004004,C01424,2024-12-12,2024,12,Q4,Books,1,31.56,0.0,31.56,Referral,Mobile,Yorkshire,1,2024-12,2024-12-12
O0004005,C01425,2024-11-19,2024,11,Q4,Beauty,1,64.92,0.17,53.89,Organic Search,Mobile,Scotland,0,2024-11,2024-11-19
O0004006,C01425,2024-12-14,2024,12,Q4,Beauty,4,60.44,0.0,241.75,Organic Search,Mobile,Scotland,1,2024-12,2024-12-14
O0004007,C01427,2022-02-15,2022,2,Q1,Clothing,4,39.94,0.0,159.74,Social Media,Mobile,Yorkshire,0,2022-02,2022-02-15
O0004008,C01428,2022-11-28,2022,11,Q4,Electronics,4,96.16,0.0,384.65,Social Media,Desktop,North West,0,2022-11,2022-11-28
O0004009,C01429,2024-05-21,2024,5,Q2,Clothing,4,61.21,0.21,193.43,Organic Search,Mobile,London,0,2024-05,2024-05-21
O0004010,C01430,2024-01-26,2024,1,Q1,Beauty,3,37.93,0.0,113.78,Paid Search,Mobile,Scotland,0,2024-01,2024-01-26
O0004011,C01431,2021-08-25,2021,8,Q3,Clothing,4,52.88,0.0,211.53,Organic Search,Mobile,Scotland,0,2021-08,2021-08-25
O0004012,C01431,2023-07-29,2023,7,Q3,Clothing,1,40.18,0.2,32.14,Organic Search,Mobile,Scotland,1,2023-07,2023-07-29
O0004013,C01431,2024-05-28,2024,5,Q2,Books,2,13.48,0.0,26.96,Organic Search,Mobile,Scotland,1,2024-05,2024-05-28
O0004014,C01432,2024-02-28,2024,2,Q1,Clothing,3,40.18,0.0,120.54,Organic Search,Desktop,London,0,2024-02,2024-02-28
O0004015,C01432,2024-10-09,2024,10,Q4,Beauty,2,33.04,0.0,66.07,Organic Search,Desktop,London,1,2024-10,2024-10-09
O0004016,C01433,2022-09-19,2022,9,Q3,Home & Garden,1,64.51,0.0,64.51,Email,Mobile,North East,0,2022-09,2022-09-19
O0004017,C01433,2023-08-14,2023,8,Q3,Books,3,17.5,0.0,52.5,Email,Mobile,North East,1,2023-08,2023-08-14
O0004018,C01433,2023-11-28,2023,11,Q4,Books,3,39.15,0.0,117.45,Email,Mobile,North East,1,2023-11,2023-11-28
O0004019,C01433,2024-05-22,2024,5,Q2,Books,2,24.35,0.0,48.7,Email,Mobile,North East,1,2024-05,2024-05-22
O0004020,C01433,2024-08-25,2024,8,Q3,Books,1,17.43,0.0,17.43,Email,Mobile,North East,1,2024-08,2024-08-25
O0004021,C01435,2022-12-21,2022,12,Q4,Electronics,2,294.1,0.0,588.19,Social Media,Mobile,North West,0,2022-12,2022-12-21
O0004022,C01435,2023-08-28,2023,8,Q3,Electronics,3,179.08,0.0,537.24,Social Media,Mobile,North West,1,2023-08,2023-08-28
O0004023,C01435,2023-12-25,2023,12,Q4,Electronics,4,189.48,0.0,757.92,Social Media,Mobile,North West,1,2023-12,2023-12-25
O0004024,C01435,2023-12-29,2023,12,Q4,Home & Garden,3,100.49,0.0,301.48,Social Media,Mobile,North West,1,2023-12,2023-12-29
O0004025,C01435,2024-07-25,2024,7,Q3,Electronics,1,137.28,0.2,109.83,Social Media,Mobile,North West,1,2024-07,2024-07-25
O0004026,C01435,2024-08-21,2024,8,Q3,Electronics,3,197.75,0.0,593.26,Social Media,Mobile,North West,1,2024-08,2024-08-21
O0004027,C01436,2023-10-18,2023,10,Q4,Books,2,26.0,0.0,52.01,Referral,Desktop,Wales,0,2023-10,2023-10-18
O0004028,C01436,2024-01-05,2024,1,Q1,Beauty,4,22.15,0.08,81.51,Referral,Desktop,Wales,1,2024-01,2024-01-05
O0004029,C01436,2024-05-09,2024,5,Q2,Beauty,1,48.01,0.0,48.01,Referral,Desktop,Wales,1,2024-05,2024-05-09
O0004030,C01436,2024-05-25,2024,5,Q2,Clothing,3,72.85,0.0,218.55,Referral,Desktop,Wales,1,2024-05,2024-05-25
O0004031,C01436,2024-11-18,2024,11,Q4,Toys,2,34.5,0.0,69.0,Referral,Desktop,Wales,1,2024-11,2024-11-18
O0004032,C01437,2023-12-17,2023,12,Q4,Clothing,1,106.49,0.0,106.49,Organic Search,Mobile,Wales,0,2023-12,2023-12-17
O0004033,C01437,2024-04-23,2024,4,Q2,Electronics,1,136.04,0.0,136.04,Organic Search,Mobile,Wales,1,2024-04,2024-04-23
O0004034,C01437,2024-04-26,2024,4,Q2,Home & Garden,2,74.49,0.07,138.56,Organic Search,Mobile,Wales,1,2024-04,2024-04-26
O0004035,C01438,2024-06-30,2024,6,Q2,Electronics,2,99.66,0.07,185.36,Paid Search,Mobile,London,0,2024-06,2024-06-30
O0004036,C01438,2024-08-23,2024,8,Q3,Electronics,2,113.66,0.0,227.32,Paid Search,Mobile,London,1,2024-08,2024-08-23
O0004037,C01439,2022-06-14,2022,6,Q2,Sports,3,71.24,0.08,196.63,Organic Search,Mobile,South East,0,2022-06,2022-06-14
O0004038,C01441,2024-01-07,2024,1,Q1,Beauty,1,30.02,0.02,29.42,Organic Search,Mobile,South East,0,2024-01,2024-01-07
O0004039,C01441,2024-01-30,2024,1,Q1,Beauty,2,31.5,0.0,63.01,Organic Search,Mobile,South East,1,2024-01,2024-01-30
O0004040,C01441,2024-03-23,2024,3,Q1,Beauty,2,38.76,0.0,77.51,Organic Search,Mobile,South East,1,2024-03,2024-03-23
O0004041,C01441,2024-04-06,2024,4,Q2,Clothing,4,85.07,0.21,268.81,Organic Search,Mobile,South East,1,2024-04,2024-04-06
O0004042,C01441,2024-05-13,2024,5,Q2,Clothing,2,64.28,0.0,128.56,Organic Search,Mobile,South East,1,2024-05,2024-05-13
O0004043,C01441,2024-12-12,2024,12,Q4,Beauty,1,69.04,0.0,69.04,Organic Search,Mobile,South East,1,2024-12,2024-12-12
O0004044,C01443,2021-07-23,2021,7,Q3,Electronics,3,76.27,0.0,228.8,Paid Search,Desktop,London,0,2021-07,2021-07-23
O0004045,C01443,2021-10-31,2021,10,Q4,Beauty,3,34.54,0.0,103.62,Paid Search,Desktop,London,1,2021-10,2021-10-31
O0004046,C01443,2024-04-19,2024,4,Q2,Electronics,4,61.64,0.05,234.23,Paid Search,Desktop,London,1,2024-04,2024-04-19
O0004047,C01444,2024-11-26,2024,11,Q4,Books,1,28.01,0.0,28.01,Social Media,Mobile,South East,0,2024-11,2024-11-26
O0004048,C01444,2024-12-01,2024,12,Q4,Electronics,4,172.83,0.0,691.31,Social Media,Mobile,South East,1,2024-12,2024-12-01
O0004049,C01444,2024-12-05,2024,12,Q4,Electronics,2,175.05,0.0,350.11,Social Media,Mobile,South East,1,2024-12,2024-12-05
O0004050,C01444,2024-12-13,2024,12,Q4,Toys,3,55.4,0.0,166.2,Social Media,Mobile,South East,1,2024-12,2024-12-13
O0004051,C01445,2023-09-26,2023,9,Q3,Electronics,2,142.68,0.0,285.36,Organic Search,Mobile,London,0,2023-09,2023-09-26
O0004052,C01445,2023-11-07,2023,11,Q4,Home & Garden,4,32.39,0.24,98.46,Organic Search,Mobile,London,1,2023-11,2023-11-07
O0004053,C01445,2023-12-24,2023,12,Q4,Home & Garden,1,145.98,0.02,143.06,Organic Search,Mobile,London,1,2023-12,2023-12-24
O0004054,C01445,2024-02-27,2024,2,Q1,Home & Garden,3,71.42,0.11,190.7,Organic Search,Mobile,London,1,2024-02,2024-02-27
O0004055,C01446,2024-10-03,2024,10,Q4,Electronics,3,196.74,0.0,590.21,Organic Search,Desktop,Midlands,0,2024-10,2024-10-03
O0004056,C01446,2024-10-27,2024,10,Q4,Home & Garden,2,115.27,0.0,230.55,Organic Search,Desktop,Midlands,1,2024-10,2024-10-27
O0004057,C01447,2022-03-09,2022,3,Q1,Home & Garden,1,73.95,0.0,73.95,Email,Desktop,Yorkshire,0,2022-03,2022-03-09
O0004058,C01447,2022-07-21,2022,7,Q3,Home & Garden,2,88.94,0.0,177.88,Email,Desktop,Yorkshire,1,2022-07,2022-07-21
O0004059,C01447,2022-12-21,2022,12,Q4,Clothing,4,122.76,0.12,432.11,Email,Desktop,Yorkshire,1,2022-12,2022-12-21
O0004060,C01447,2024-05-17,2024,5,Q2,Home & Garden,3,58.79,0.0,176.37,Email,Desktop,Yorkshire,1,2024-05,2024-05-17
O0004061,C01448,2024-10-22,2024,10,Q4,Books,1,17.56,0.0,17.56,Email,Mobile,North West,0,2024-10,2024-10-22
O0004062,C01449,2022-09-09,2022,9,Q3,Clothing,2,19.01,0.0,38.03,Organic Search,Desktop,Yorkshire,0,2022-09,2022-09-09
O0004063,C01449,2023-01-31,2023,1,Q1,Clothing,2,47.83,0.06,89.93,Organic Search,Desktop,Yorkshire,1,2023-01,2023-01-31
O0004064,C01449,2023-03-29,2023,3,Q1,Sports,4,35.32,0.0,141.27,Organic Search,Desktop,Yorkshire,1,2023-03,2023-03-29
O0004065,C01449,2023-05-23,2023,5,Q2,Clothing,4,70.37,0.24,213.93,Organic Search,Desktop,Yorkshire,1,2023-05,2023-05-23
O0004066,C01449,2023-08-01,2023,8,Q3,Clothing,1,50.72,0.0,50.72,Organic Search,Desktop,Yorkshire,1,2023-08,2023-08-01
O0004067,C01449,2023-09-09,2023,9,Q3,Clothing,3,65.48,0.0,196.44,Organic Search,Desktop,Yorkshire,1,2023-09,2023-09-09
O0004068,C01449,2024-10-09,2024,10,Q4,Electronics,2,204.96,0.0,409.91,Organic Search,Desktop,Yorkshire,1,2024-10,2024-10-09
O0004069,C01450,2022-02-15,2022,2,Q1,Clothing,1,63.97,0.0,63.97,Social Media,Desktop,Yorkshire,0,2022-02,2022-02-15
O0004070,C01450,2022-04-19,2022,4,Q2,Clothing,1,54.86,0.0,54.86,Social Media,Desktop,Yorkshire,1,2022-04,2022-04-19
O0004071,C01450,2022-05-07,2022,5,Q2,Clothing,1,43.56,0.0,43.56,Social Media,Desktop,Yorkshire,1,2022-05,2022-05-07
O0004072,C01450,2024-10-20,2024,10,Q4,Clothing,4,50.45,0.12,177.58,Social Media,Desktop,Yorkshire,1,2024-10,2024-10-20
O0004073,C01450,2024-11-03,2024,11,Q4,Sports,4,70.36,0.0,281.44,Social Media,Desktop,Yorkshire,1,2024-11,2024-11-03
O0004074,C01451,2023-09-28,2023,9,Q3,Beauty,3,21.52,0.0,64.56,Organic Search,Mobile,South East,0,2023-09,2023-09-28
O0004075,C01451,2023-10-24,2023,10,Q4,Beauty,4,45.3,0.0,181.22,Organic Search,Mobile,South East,1,2023-10,2023-10-24
O0004076,C01451,2024-03-25,2024,3,Q1,Clothing,3,6.06,0.0,18.18,Organic Search,Mobile,South East,1,2024-03,2024-03-25
O0004077,C01451,2024-05-21,2024,5,Q2,Beauty,4,42.3,0.0,169.2,Organic Search,Mobile,South East,1,2024-05,2024-05-21
O0004078,C01451,2024-07-12,2024,7,Q3,Beauty,3,44.32,0.0,132.97,Organic Search,Mobile,South East,1,2024-07,2024-07-12
O0004079,C01452,2024-02-12,2024,2,Q1,Electronics,1,134.03,0.0,134.03,Organic Search,Mobile,South West,0,2024-02,2024-02-12
O0004080,C01453,2024-09-10,2024,9,Q3,Electronics,4,187.16,0.0,748.63,Social Media,Desktop,Yorkshire,0,2024-09,2024-09-10
O0004081,C01453,2024-10-13,2024,10,Q4,Electronics,3,149.53,0.0,448.58,Social Media,Desktop,Yorkshire,1,2024-10,2024-10-13
O0004082,C01453,2024-10-17,2024,10,Q4,Electronics,1,121.27,0.0,121.27,Social Media,Desktop,Yorkshire,1,2024-10,2024-10-17
O0004083,C01453,2024-12-15,2024,12,Q4,Electronics,4,225.13,0.18,738.43,Social Media,Desktop,Yorkshire,1,2024-12,2024-12-15
O0004084,C01454,2022-02-07,2022,2,Q1,Electronics,3,116.51,0.0,349.53,Paid Search,Mobile,Wales,0,2022-02,2022-02-07
O0004085,C01454,2022-03-20,2022,3,Q1,Electronics,1,82.02,0.0,82.02,Paid Search,Mobile,Wales,1,2022-03,2022-03-20
O0004086,C01454,2022-11-10,2022,11,Q4,Electronics,1,200.75,0.02,196.73,Paid Search,Mobile,Wales,1,2022-11,2022-11-10
O0004087,C01454,2022-11-15,2022,11,Q4,Electronics,1,207.56,0.0,207.56,Paid Search,Mobile,Wales,1,2022-11,2022-11-15
O0004088,C01454,2023-03-12,2023,3,Q1,Clothing,4,43.14,0.0,172.55,Paid Search,Mobile,Wales,1,2023-03,2023-03-12
O0004089,C01454,2024-02-29,2024,2,Q1,Electronics,2,103.86,0.0,207.73,Paid Search,Mobile,Wales,1,2024-02,2024-02-29
O0004090,C01454,2024-05-24,2024,5,Q2,Electronics,3,97.02,0.22,227.02,Paid Search,Mobile,Wales,1,2024-05,2024-05-24
O0004091,C01454,2024-07-23,2024,7,Q3,Electronics,1,161.3,0.01,159.69,Paid Search,Mobile,Wales,1,2024-07,2024-07-23
O0004092,C01454,2024-12-20,2024,12,Q4,Electronics,3,229.97,0.02,676.11,Paid Search,Mobile,Wales,1,2024-12,2024-12-20
O0004093,C01456,2024-10-21,2024,10,Q4,Clothing,3,77.84,0.0,233.51,Direct,Desktop,Wales,0,2024-10,2024-10-21
O0004094,C01456,2024-10-24,2024,10,Q4,Toys,1,50.52,0.0,50.52,Direct,Desktop,Wales,1,2024-10,2024-10-24
O0004095,C01456,2024-12-19,2024,12,Q4,Clothing,3,59.66,0.0,178.97,Direct,Desktop,Wales,1,2024-12,2024-12-19
O0004096,C01457,2023-02-02,2023,2,Q1,Clothing,1,42.91,0.0,42.91,Paid Search,Desktop,South East,0,2023-02,2023-02-02
O0004097,C01458,2022-11-10,2022,11,Q4,Electronics,2,205.0,0.0,410.0,Email,Tablet,Yorkshire,0,2022-11,2022-11-10
O0004098,C01458,2023-04-27,2023,4,Q2,Electronics,2,93.97,0.0,187.94,Email,Tablet,Yorkshire,1,2023-04,2023-04-27
O0004099,C01458,2023-09-22,2023,9,Q3,Books,3,21.42,0.0,64.27,Email,Tablet,Yorkshire,1,2023-09,2023-09-22
O0004100,C01458,2023-11-22,2023,11,Q4,Clothing,2,100.32,0.08,184.58,Email,Tablet,Yorkshire,1,2023-11,2023-11-22
O0004101,C01458,2024-01-01,2024,1,Q1,Electronics,3,31.2,0.0,93.61,Email,Tablet,Yorkshire,1,2024-01,2024-01-01
O0004102,C01459,2024-10-04,2024,10,Q4,Clothing,3,32.48,0.24,74.05,Paid Search,Mobile,London,0,2024-10,2024-10-04
O0004103,C01460,2024-11-23,2024,11,Q4,Electronics,2,265.33,0.0,530.66,Organic Search,Mobile,Yorkshire,0,2024-11,2024-11-23
O0004104,C01460,2024-11-28,2024,11,Q4,Home & Garden,3,131.48,0.0,394.45,Organic Search,Mobile,Yorkshire,1,2024-11,2024-11-28
O0004105,C01460,2024-11-28,2024,11,Q4,Home & Garden,4,139.35,0.0,557.38,Organic Search,Mobile,Yorkshire,1,2024-11,2024-11-28
O0004106,C01460,2024-12-09,2024,12,Q4,Home & Garden,3,133.85,0.22,313.2,Organic Search,Mobile,Yorkshire,1,2024-12,2024-12-09
O0004107,C01460,2024-12-17,2024,12,Q4,Home & Garden,1,174.52,0.0,174.52,Organic Search,Mobile,Yorkshire,1,2024-12,2024-12-17
O0004108,C01461,2024-12-12,2024,12,Q4,Electronics,4,227.89,0.25,683.67,Direct,Desktop,Midlands,0,2024-12,2024-12-12
O0004109,C01461,2024-12-29,2024,12,Q4,Beauty,1,70.84,0.0,70.84,Direct,Desktop,Midlands,1,2024-12,2024-12-29
O0004110,C01462,2024-12-13,2024,12,Q4,Beauty,2,67.36,0.0,134.71,Email,Mobile,London,0,2024-12,2024-12-13
O0004111,C01463,2024-08-14,2024,8,Q3,Books,3,22.17,0.0,66.52,Organic Search,Desktop,London,0,2024-08,2024-08-14
O0004112,C01464,2024-11-04,2024,11,Q4,Clothing,3,79.7,0.13,208.01,Email,Mobile,South West,0,2024-11,2024-11-04
O0004113,C01465,2023-02-18,2023,2,Q1,Toys,3,37.11,0.0,111.32,Paid Search,Tablet,Scotland,0,2023-02,2023-02-18
O0004114,C01465,2023-05-30,2023,5,Q2,Electronics,2,86.83,0.0,173.66,Paid Search,Tablet,Scotland,1,2023-05,2023-05-30
O0004115,C01465,2024-11-26,2024,11,Q4,Toys,1,21.27,0.0,21.27,Paid Search,Tablet,Scotland,1,2024-11,2024-11-26
O0004116,C01466,2024-07-29,2024,7,Q3,Electronics,1,154.01,0.11,137.07,Organic Search,Mobile,North West,0,2024-07,2024-07-29
O0004117,C01466,2024-08-14,2024,8,Q3,Books,4,16.31,0.0,65.24,Organic Search,Mobile,North West,1,2024-08,2024-08-14
O0004118,C01466,2024-12-05,2024,12,Q4,Electronics,2,297.08,0.0,594.16,Organic Search,Mobile,North West,1,2024-12,2024-12-05
O0004119,C01467,2024-10-22,2024,10,Q4,Beauty,1,44.67,0.0,44.67,Direct,Mobile,London,0,2024-10,2024-10-22
O0004120,C01467,2024-11-06,2024,11,Q4,Beauty,2,48.05,0.0,96.1,Direct,Mobile,London,1,2024-11,2024-11-06
O0004121,C01467,2024-11-08,2024,11,Q4,Toys,1,41.96,0.0,41.96,Direct,Mobile,London,1,2024-11,2024-11-08
O0004122,C01467,2024-11-14,2024,11,Q4,Beauty,1,69.14,0.0,69.14,Direct,Mobile,London,1,2024-11,2024-11-14
O0004123,C01467,2024-11-15,2024,11,Q4,Books,3,25.96,0.19,63.08,Direct,Mobile,London,1,2024-11,2024-11-15
O0004124,C01467,2024-11-27,2024,11,Q4,Beauty,2,26.93,0.0,53.87,Direct,Mobile,London,1,2024-11,2024-11-27
O0004125,C01467,2024-12-04,2024,12,Q4,Beauty,2,76.0,0.08,139.85,Direct,Mobile,London,1,2024-12,2024-12-04
O0004126,C01467,2024-12-25,2024,12,Q4,Home & Garden,3,109.78,0.0,329.33,Direct,Mobile,London,1,2024-12,2024-12-25
O0004127,C01468,2021-02-20,2021,2,Q1,Home & Garden,4,32.96,0.0,131.83,Social Media,Desktop,North West,0,2021-02,2021-02-20
O0004128,C01470,2021-07-12,2021,7,Q3,Toys,3,23.56,0.06,66.44,Paid Search,Mobile,Midlands,0,2021-07,2021-07-12
O0004129,C01470,2021-08-15,2021,8,Q3,Electronics,2,38.89,0.14,66.89,Paid Search,Mobile,Midlands,1,2021-08,2021-08-15
O0004130,C01470,2021-10-04,2021,10,Q4,Clothing,3,81.48,0.0,244.43,Paid Search,Mobile,Midlands,1,2021-10,2021-10-04
O0004131,C01470,2023-02-05,2023,2,Q1,Sports,2,39.57,0.15,67.27,Paid Search,Mobile,Midlands,1,2023-02,2023-02-05
O0004132,C01470,2023-06-30,2023,6,Q2,Sports,3,48.05,0.0,144.15,Paid Search,Mobile,Midlands,1,2023-06,2023-06-30
O0004133,C01470,2024-04-05,2024,4,Q2,Sports,2,51.74,0.16,86.93,Paid Search,Mobile,Midlands,1,2024-04,2024-04-05
O0004134,C01470,2024-10-25,2024,10,Q4,Clothing,2,62.92,0.1,113.25,Paid Search,Mobile,Midlands,1,2024-10,2024-10-25
O0004135,C01470,2024-11-02,2024,11,Q4,Sports,4,103.45,0.19,335.19,Paid Search,Mobile,Midlands,1,2024-11,2024-11-02
O0004136,C01471,2023-12-20,2023,12,Q4,Electronics,2,239.28,0.11,425.92,Social Media,Desktop,Wales,0,2023-12,2023-12-20
O0004137,C01471,2024-06-04,2024,6,Q2,Electronics,4,112.02,0.0,448.07,Social Media,Desktop,Wales,1,2024-06,2024-06-04
O0004138,C01471,2024-10-19,2024,10,Q4,Electronics,4,155.99,0.0,623.97,Social Media,Desktop,Wales,1,2024-10,2024-10-19
O0004139,C01472,2022-03-13,2022,3,Q1,Electronics,3,83.19,0.0,249.58,Paid Search,Mobile,South East,0,2022-03,2022-03-13
O0004140,C01472,2023-02-17,2023,2,Q1,Sports,4,52.42,0.18,171.92,Paid Search,Mobile,South East,1,2023-02,2023-02-17
O0004141,C01472,2023-11-16,2023,11,Q4,Clothing,2,104.2,0.17,172.98,Paid Search,Mobile,South East,1,2023-11,2023-11-16
O0004142,C01472,2024-02-06,2024,2,Q1,Clothing,3,35.45,0.17,88.28,Paid Search,Mobile,South East,1,2024-02,2024-02-06
O0004143,C01472,2024-04-19,2024,4,Q2,Home & Garden,4,85.64,0.0,342.57,Paid Search,Mobile,South East,1,2024-04,2024-04-19
O0004144,C01472,2024-09-10,2024,9,Q3,Clothing,1,7.71,0.06,7.25,Paid Search,Mobile,South East,1,2024-09,2024-09-10
O0004145,C01473,2021-08-26,2021,8,Q3,Electronics,2,152.39,0.0,304.77,Social Media,Mobile,North West,0,2021-08,2021-08-26
O0004146,C01473,2022-02-21,2022,2,Q1,Electronics,1,81.75,0.0,81.75,Social Media,Mobile,North West,1,2022-02,2022-02-21
O0004147,C01473,2022-04-01,2022,4,Q2,Books,2,28.49,0.0,56.97,Social Media,Mobile,North West,1,2022-04,2022-04-01
O0004148,C01473,2023-09-04,2023,9,Q3,Electronics,3,147.07,0.06,414.74,Social Media,Mobile,North West,1,2023-09,2023-09-04
O0004149,C01473,2024-07-06,2024,7,Q3,Electronics,1,80.14,0.04,76.93,Social Media,Mobile,North West,1,2024-07,2024-07-06
O0004150,C01473,2024-12-08,2024,12,Q4,Electronics,1,182.55,0.0,182.55,Social Media,Mobile,North West,1,2024-12,2024-12-08
O0004151,C01475,2024-03-07,2024,3,Q1,Clothing,1,77.11,0.0,77.11,Referral,Desktop,South East,0,2024-03,2024-03-07
O0004152,C01475,2024-12-02,2024,12,Q4,Beauty,2,55.07,0.0,110.15,Referral,Desktop,South East,1,2024-12,2024-12-02
O0004153,C01475,2024-12-21,2024,12,Q4,Beauty,2,52.69,0.03,102.21,Referral,Desktop,South East,1,2024-12,2024-12-21
O0004154,C01476,2024-01-13,2024,1,Q1,Clothing,3,64.2,0.0,192.6,Social Media,Mobile,South West,0,2024-01,2024-01-13
O0004155,C01476,2024-02-15,2024,2,Q1,Clothing,3,75.6,0.0,226.81,Social Media,Mobile,South West,1,2024-02,2024-02-15
O0004156,C01477,2024-09-02,2024,9,Q3,Books,1,21.89,0.02,21.45,Paid Search,Tablet,Wales,0,2024-09,2024-09-02
O0004157,C01477,2024-09-27,2024,9,Q3,Books,3,14.73,0.0,44.19,Paid Search,Tablet,Wales,1,2024-09,2024-09-27
O0004158,C01477,2024-10-25,2024,10,Q4,Books,2,15.92,0.12,28.01,Paid Search,Tablet,Wales,1,2024-10,2024-10-25
O0004159,C01478,2023-07-18,2023,7,Q3,Books,4,13.68,0.0,54.73,Direct,Mobile,North West,0,2023-07,2023-07-18
O0004160,C01478,2023-10-21,2023,10,Q4,Home & Garden,3,72.22,0.19,175.51,Direct,Mobile,North West,1,2023-10,2023-10-21
O0004161,C01478,2023-12-30,2023,12,Q4,Home & Garden,3,125.47,0.0,376.4,Direct,Mobile,North West,1,2023-12,2023-12-30
O0004162,C01478,2024-03-10,2024,3,Q1,Home & Garden,2,47.27,0.0,94.55,Direct,Mobile,North West,1,2024-03,2024-03-10
O0004163,C01478,2024-04-14,2024,4,Q2,Electronics,1,50.54,0.0,50.54,Direct,Mobile,North West,1,2024-04,2024-04-14
O0004164,C01478,2024-09-13,2024,9,Q3,Home & Garden,4,52.99,0.0,211.96,Direct,Mobile,North West,1,2024-09,2024-09-13
O0004165,C01478,2024-10-24,2024,10,Q4,Home & Garden,2,113.79,0.0,227.58,Direct,Mobile,North West,1,2024-10,2024-10-24
O0004166,C01479,2023-10-24,2023,10,Q4,Electronics,2,143.78,0.0,287.55,Paid Search,Desktop,Wales,0,2023-10,2023-10-24
O0004167,C01479,2023-11-05,2023,11,Q4,Beauty,1,35.87,0.08,33.0,Paid Search,Desktop,Wales,1,2023-11,2023-11-05
O0004168,C01479,2023-11-06,2023,11,Q4,Electronics,3,186.67,0.0,560.0,Paid Search,Desktop,Wales,1,2023-11,2023-11-06
O0004169,C01479,2024-07-15,2024,7,Q3,Electronics,4,128.23,0.21,405.21,Paid Search,Desktop,Wales,1,2024-07,2024-07-15
O0004170,C01479,2024-11-14,2024,11,Q4,Electronics,4,260.21,0.0,1040.83,Paid Search,Desktop,Wales,1,2024-11,2024-11-14
O0004171,C01480,2024-12-12,2024,12,Q4,Beauty,1,59.54,0.05,56.56,Email,Mobile,Midlands,0,2024-12,2024-12-12
O0004172,C01481,2023-10-12,2023,10,Q4,Home & Garden,3,83.71,0.19,203.41,Referral,Desktop,Midlands,0,2023-10,2023-10-12
O0004173,C01481,2024-06-18,2024,6,Q2,Books,3,26.23,0.23,60.6,Referral,Desktop,Midlands,1,2024-06,2024-06-18
O0004174,C01481,2024-09-09,2024,9,Q3,Books,2,28.82,0.22,44.97,Referral,Desktop,Midlands,1,2024-09,2024-09-09
O0004175,C01482,2024-10-04,2024,10,Q4,Clothing,3,47.36,0.0,142.09,Social Media,Desktop,London,0,2024-10,2024-10-04
O0004176,C01483,2024-10-14,2024,10,Q4,Clothing,3,51.93,0.0,155.78,Organic Search,Mobile,South East,0,2024-10,2024-10-14
O0004177,C01483,2024-12-04,2024,12,Q4,Clothing,3,65.17,0.0,195.5,Organic Search,Mobile,South East,1,2024-12,2024-12-04
O0004178,C01483,2024-12-17,2024,12,Q4,Clothing,3,109.88,0.0,329.65,Organic Search,Mobile,South East,1,2024-12,2024-12-17
O0004179,C01484,2022-07-17,2022,7,Q3,Beauty,3,21.42,0.0,64.25,Email,Mobile,Wales,0,2022-07,2022-07-17
O0004180,C01484,2023-03-14,2023,3,Q1,Electronics,2,117.29,0.12,206.43,Email,Mobile,Wales,1,2023-03,2023-03-14
O0004181,C01484,2023-08-06,2023,8,Q3,Beauty,2,46.57,0.0,93.14,Email,Mobile,Wales,1,2023-08,2023-08-06
O0004182,C01484,2024-10-12,2024,10,Q4,Beauty,1,35.02,0.03,33.96,Email,Mobile,Wales,1,2024-10,2024-10-12
O0004183,C01485,2021-08-29,2021,8,Q3,Home & Garden,2,78.44,0.16,131.78,Organic Search,Desktop,South West,0,2021-08,2021-08-29
O0004184,C01485,2022-02-15,2022,2,Q1,Home & Garden,1,56.65,0.0,56.65,Organic Search,Desktop,South West,1,2022-02,2022-02-15
O0004185,C01485,2022-08-01,2022,8,Q3,Toys,1,24.75,0.24,18.81,Organic Search,Desktop,South West,1,2022-08,2022-08-01
O0004186,C01485,2022-10-16,2022,10,Q4,Home & Garden,3,93.52,0.0,280.56,Organic Search,Desktop,South West,1,2022-10,2022-10-16
O0004187,C01485,2023-08-27,2023,8,Q3,Home & Garden,3,85.82,0.18,211.11,Organic Search,Desktop,South West,1,2023-08,2023-08-27
O0004188,C01486,2024-04-23,2024,4,Q2,Clothing,4,39.24,0.0,156.95,Social Media,Desktop,North West,0,2024-04,2024-04-23
O0004189,C01486,2024-06-17,2024,6,Q2,Home & Garden,2,47.8,0.14,82.21,Social Media,Desktop,North West,1,2024-06,2024-06-17
O0004190,C01486,2024-08-18,2024,8,Q3,Clothing,1,61.22,0.0,61.22,Social Media,Desktop,North West,1,2024-08,2024-08-18
O0004191,C01487,2023-10-23,2023,10,Q4,Electronics,3,97.72,0.0,293.16,Referral,Mobile,Wales,0,2023-10,2023-10-23
O0004192,C01487,2023-10-28,2023,10,Q4,Beauty,1,22.58,0.13,19.64,Referral,Mobile,Wales,1,2023-10,2023-10-28
O0004193,C01487,2023-12-10,2023,12,Q4,Books,2,33.65,0.12,59.23,Referral,Mobile,Wales,1,2023-12,2023-12-10
O0004194,C01487,2024-03-16,2024,3,Q1,Electronics,3,146.58,0.01,435.35,Referral,Mobile,Wales,1,2024-03,2024-03-16
O0004195,C01487,2024-08-16,2024,8,Q3,Beauty,4,36.53,0.0,146.11,Referral,Mobile,Wales,1,2024-08,2024-08-16
O0004196,C01488,2021-11-14,2021,11,Q4,Home & Garden,1,98.44,0.23,75.8,Email,Mobile,North West,0,2021-11,2021-11-14
O0004197,C01488,2022-09-08,2022,9,Q3,Home & Garden,3,60.19,0.0,180.57,Email,Mobile,North West,1,2022-09,2022-09-08
O0004198,C01488,2023-05-17,2023,5,Q2,Home & Garden,3,93.24,0.0,279.71,Email,Mobile,North West,1,2023-05,2023-05-17
O0004199,C01489,2024-08-12,2024,8,Q3,Electronics,2,126.79,0.0,253.58,Email,Mobile,Scotland,0,2024-08,2024-08-12
O0004200,C01490,2022-11-21,2022,11,Q4,Electronics,3,70.79,0.0,212.36,Direct,Mobile,Midlands,0,2022-11,2022-11-21
O0004201,C01490,2022-12-23,2022,12,Q4,Books,1,35.69,0.0,35.69,Direct,Mobile,Midlands,1,2022-12,2022-12-23
O0004202,C01490,2023-06-30,2023,6,Q2,Books,4,21.63,0.0,86.52,Direct,Mobile,Midlands,1,2023-06,2023-06-30
O0004203,C01490,2023-10-24,2023,10,Q4,Books,3,27.67,0.0,83.02,Direct,Mobile,Midlands,1,2023-10,2023-10-24
O0004204,C01490,2024-02-03,2024,2,Q1,Electronics,3,65.17,0.23,150.54,Direct,Mobile,Midlands,1,2024-02,2024-02-03
O0004205,C01490,2024-03-04,2024,3,Q1,Clothing,2,37.92,0.0,75.84,Direct,Mobile,Midlands,1,2024-03,2024-03-04
O0004206,C01490,2024-05-08,2024,5,Q2,Books,4,11.32,0.0,45.29,Direct,Mobile,Midlands,1,2024-05,2024-05-08
O0004207,C01491,2023-12-22,2023,12,Q4,Electronics,3,209.85,0.01,623.27,Paid Search,Mobile,Wales,0,2023-12,2023-12-22
O0004208,C01493,2024-02-27,2024,2,Q1,Clothing,1,75.52,0.0,75.52,Paid Search,Mobile,Wales,0,2024-02,2024-02-27
O0004209,C01493,2024-03-30,2024,3,Q1,Clothing,3,38.38,0.0,115.15,Paid Search,Mobile,Wales,1,2024-03,2024-03-30
O0004210,C01494,2021-09-28,2021,9,Q3,Books,1,25.47,0.0,25.47,Email,Desktop,Wales,0,2021-09,2021-09-28
O0004211,C01494,2023-08-10,2023,8,Q3,Books,3,16.21,0.24,36.97,Email,Desktop,Wales,1,2023-08,2023-08-10
O0004212,C01495,2022-03-02,2022,3,Q1,Clothing,2,36.59,0.0,73.18,Organic Search,Mobile,South West,0,2022-03,2022-03-02
O0004213,C01495,2022-03-09,2022,3,Q1,Sports,4,50.24,0.2,160.76,Organic Search,Mobile,South West,1,2022-03,2022-03-09
O0004214,C01495,2022-06-02,2022,6,Q2,Clothing,4,53.69,0.14,184.69,Organic Search,Mobile,South West,1,2022-06,2022-06-02
O0004215,C01495,2023-01-25,2023,1,Q1,Clothing,1,61.36,0.0,61.36,Organic Search,Mobile,South West,1,2023-01,2023-01-25
O0004216,C01496,2023-03-15,2023,3,Q1,Clothing,4,76.6,0.0,306.39,Direct,Tablet,Midlands,0,2023-03,2023-03-15
O0004217,C01499,2024-05-28,2024,5,Q2,Electronics,1,179.32,0.18,147.05,Paid Search,Mobile,Yorkshire,0,2024-05,2024-05-28
O0004218,C01499,2024-11-17,2024,11,Q4,Electronics,4,196.35,0.0,785.4,Paid Search,Mobile,Yorkshire,1,2024-11,2024-11-17
O0004219,C01500,2024-10-02,2024,10,Q4,Home & Garden,4,58.91,0.0,235.66,Organic Search,Mobile,South East,0,2024-10,2024-10-02
O0004220,C01500,2024-12-07,2024,12,Q4,Clothing,3,115.02,0.0,345.05,Organic Search,Mobile,South East,1,2024-12,2024-12-07
O0004221,C01501,2023-02-21,2023,2,Q1,Sports,2,40.35,0.0,80.69,Direct,Desktop,South East,0,2023-02,2023-02-21
O0004222,C01501,2023-05-22,2023,5,Q2,Sports,2,50.42,0.0,100.84,Direct,Desktop,South East,1,2023-05,2023-05-22
O0004223,C01502,2024-09-20,2024,9,Q3,Home & Garden,4,63.55,0.0,254.2,Paid Search,Mobile,London,0,2024-09,2024-09-20
O0004224,C01502,2024-10-02,2024,10,Q4,Home & Garden,4,103.81,0.0,415.25,Paid Search,Mobile,London,1,2024-10,2024-10-02
O0004225,C01502,2024-11-12,2024,11,Q4,Home & Garden,4,84.01,0.22,262.1,Paid Search,Mobile,London,1,2024-11,2024-11-12
O0004226,C01502,2024-12-09,2024,12,Q4,Home & Garden,2,129.22,0.0,258.43,Paid Search,Mobile,London,1,2024-12,2024-12-09
O0004227,C01503,2021-09-30,2021,9,Q3,Home & Garden,2,53.75,0.07,99.98,Email,Mobile,Wales,0,2021-09,2021-09-30
O0004228,C01503,2023-12-21,2023,12,Q4,Home & Garden,1,107.56,0.21,84.97,Email,Mobile,Wales,1,2023-12,2023-12-21
O0004229,C01504,2021-05-27,2021,5,Q2,Home & Garden,1,61.63,0.09,56.09,Email,Mobile,London,0,2021-05,2021-05-27
O0004230,C01504,2022-12-27,2022,12,Q4,Clothing,1,95.26,0.0,95.26,Email,Mobile,London,1,2022-12,2022-12-27
O0004231,C01505,2024-05-16,2024,5,Q2,Home & Garden,4,99.84,0.11,355.42,Social Media,Desktop,North West,0,2024-05,2024-05-16
O0004232,C01505,2024-06-25,2024,6,Q2,Electronics,3,199.92,0.0,599.77,Social Media,Desktop,North West,1,2024-06,2024-06-25
O0004233,C01505,2024-07-06,2024,7,Q3,Electronics,3,137.45,0.0,412.34,Social Media,Desktop,North West,1,2024-07,2024-07-06
O0004234,C01505,2024-07-31,2024,7,Q3,Electronics,2,92.61,0.0,185.23,Social Media,Desktop,North West,1,2024-07,2024-07-31
O0004235,C01506,2023-05-01,2023,5,Q2,Electronics,4,237.56,0.0,950.22,Email,Desktop,South East,0,2023-05,2023-05-01
O0004236,C01506,2023-07-19,2023,7,Q3,Sports,1,69.38,0.0,69.38,Email,Desktop,South East,1,2023-07,2023-07-19
O0004237,C01506,2024-02-04,2024,2,Q1,Clothing,4,53.84,0.0,215.35,Email,Desktop,South East,1,2024-02,2024-02-04
O0004238,C01506,2024-02-20,2024,2,Q1,Electronics,1,116.09,0.0,116.09,Email,Desktop,South East,1,2024-02,2024-02-20
O0004239,C01506,2024-07-24,2024,7,Q3,Beauty,2,48.66,0.0,97.32,Email,Desktop,South East,1,2024-07,2024-07-24
O0004240,C01507,2023-05-03,2023,5,Q2,Home & Garden,3,91.33,0.0,273.99,Email,Desktop,North West,0,2023-05,2023-05-03
O0004241,C01507,2023-09-18,2023,9,Q3,Beauty,3,26.33,0.23,60.82,Email,Desktop,North West,1,2023-09,2023-09-18
O0004242,C01507,2024-03-12,2024,3,Q1,Home & Garden,2,56.91,0.01,112.68,Email,Desktop,North West,1,2024-03,2024-03-12
O0004243,C01508,2023-10-03,2023,10,Q4,Toys,2,38.68,0.11,68.85,Paid Search,Mobile,South West,0,2023-10,2023-10-03
O0004244,C01508,2023-12-14,2023,12,Q4,Clothing,1,91.58,0.0,91.58,Paid Search,Mobile,South West,1,2023-12,2023-12-14
O0004245,C01508,2024-02-15,2024,2,Q1,Clothing,4,30.81,0.0,123.22,Paid Search,Mobile,South West,1,2024-02,2024-02-15
O0004246,C01508,2024-05-01,2024,5,Q2,Clothing,1,44.38,0.0,44.38,Paid Search,Mobile,South West,1,2024-05,2024-05-01
O0004247,C01508,2024-09-02,2024,9,Q3,Toys,2,24.28,0.0,48.56,Paid Search,Mobile,South West,1,2024-09,2024-09-02
O0004248,C01508,2024-10-05,2024,10,Q4,Clothing,3,77.56,0.06,218.72,Paid Search,Mobile,South West,1,2024-10,2024-10-05
O0004249,C01508,2024-11-06,2024,11,Q4,Clothing,3,82.73,0.0,248.2,Paid Search,Mobile,South West,1,2024-11,2024-11-06
O0004250,C01508,2024-11-08,2024,11,Q4,Electronics,4,200.74,0.0,802.96,Paid Search,Mobile,South West,1,2024-11,2024-11-08
O0004251,C01508,2024-11-25,2024,11,Q4,Clothing,2,77.71,0.0,155.42,Paid Search,Mobile,South West,1,2024-11,2024-11-25
O0004252,C01509,2024-09-03,2024,9,Q3,Beauty,2,52.42,0.0,104.83,Organic Search,Tablet,Wales,0,2024-09,2024-09-03
O0004253,C01510,2022-02-27,2022,2,Q1,Home & Garden,4,39.01,0.18,127.96,Paid Search,Desktop,Scotland,0,2022-02,2022-02-27
O0004254,C01510,2022-03-04,2022,3,Q1,Toys,4,35.76,0.0,143.02,Paid Search,Desktop,Scotland,1,2022-03,2022-03-04
O0004255,C01510,2022-05-02,2022,5,Q2,Home & Garden,2,74.13,0.21,117.12,Paid Search,Desktop,Scotland,1,2022-05,2022-05-02
O0004256,C01510,2023-01-12,2023,1,Q1,Electronics,1,128.86,0.05,122.41,Paid Search,Desktop,Scotland,1,2023-01,2023-01-12
O0004257,C01510,2023-09-21,2023,9,Q3,Home & Garden,3,51.45,0.04,148.17,Paid Search,Desktop,Scotland,1,2023-09,2023-09-21
O0004258,C01510,2024-01-22,2024,1,Q1,Clothing,4,53.44,0.0,213.78,Paid Search,Desktop,Scotland,1,2024-01,2024-01-22
O0004259,C01510,2024-03-05,2024,3,Q1,Home & Garden,3,58.23,0.0,174.68,Paid Search,Desktop,Scotland,1,2024-03,2024-03-05
O0004260,C01510,2024-08-12,2024,8,Q3,Home & Garden,3,75.59,0.0,226.76,Paid Search,Desktop,Scotland,1,2024-08,2024-08-12
O0004261,C01510,2024-09-01,2024,9,Q3,Home & Garden,1,101.54,0.0,101.54,Paid Search,Desktop,Scotland,1,2024-09,2024-09-01
O0004262,C01511,2023-07-21,2023,7,Q3,Toys,4,41.81,0.0,167.23,Paid Search,Mobile,Midlands,0,2023-07,2023-07-21
O0004263,C01511,2023-09-21,2023,9,Q3,Home & Garden,3,32.97,0.0,98.9,Paid Search,Mobile,Midlands,1,2023-09,2023-09-21
O0004264,C01511,2023-11-25,2023,11,Q4,Home & Garden,3,106.53,0.0,319.59,Paid Search,Mobile,Midlands,1,2023-11,2023-11-25
O0004265,C01512,2021-04-16,2021,4,Q2,Books,2,17.17,0.0,34.35,Paid Search,Mobile,London,0,2021-04,2021-04-16
O0004266,C01512,2021-05-30,2021,5,Q2,Books,1,34.75,0.0,34.75,Paid Search,Mobile,London,1,2021-05,2021-05-30
O0004267,C01512,2021-10-16,2021,10,Q4,Books,3,20.05,0.0,60.14,Paid Search,Mobile,London,1,2021-10,2021-10-16
O0004268,C01512,2022-12-10,2022,12,Q4,Clothing,2,111.93,0.19,181.33,Paid Search,Mobile,London,1,2022-12,2022-12-10
O0004269,C01512,2024-08-22,2024,8,Q3,Books,3,20.05,0.11,53.52,Paid Search,Mobile,London,1,2024-08,2024-08-22
O0004270,C01513,2023-08-05,2023,8,Q3,Sports,1,64.93,0.0,64.93,Social Media,Mobile,North East,0,2023-08,2023-08-05
O0004271,C01514,2022-03-21,2022,3,Q1,Electronics,1,80.28,0.15,68.24,Organic Search,Desktop,South East,0,2022-03,2022-03-21
O0004272,C01514,2022-04-12,2022,4,Q2,Electronics,2,232.63,0.0,465.27,Organic Search,Desktop,South East,1,2022-04,2022-04-12
O0004273,C01514,2023-08-25,2023,8,Q3,Electronics,2,100.1,0.15,170.17,Organic Search,Desktop,South East,1,2023-08,2023-08-25
O0004274,C01514,2023-10-14,2023,10,Q4,Electronics,4,160.91,0.0,643.65,Organic Search,Desktop,South East,1,2023-10,2023-10-14
O0004275,C01515,2023-09-07,2023,9,Q3,Sports,4,54.08,0.0,216.34,Paid Search,Desktop,London,0,2023-09,2023-09-07
O0004276,C01515,2024-06-29,2024,6,Q2,Sports,4,48.42,0.07,180.13,Paid Search,Desktop,London,1,2024-06,2024-06-29
O0004277,C01515,2024-10-14,2024,10,Q4,Sports,2,80.89,0.11,143.98,Paid Search,Desktop,London,1,2024-10,2024-10-14
O0004278,C01516,2022-03-25,2022,3,Q1,Sports,1,49.95,0.0,49.95,Paid Search,Mobile,South West,0,2022-03,2022-03-25
O0004279,C01516,2022-07-23,2022,7,Q3,Sports,4,39.24,0.16,131.84,Paid Search,Mobile,South West,1,2022-07,2022-07-23
O0004280,C01516,2022-08-31,2022,8,Q3,Sports,3,62.89,0.0,188.68,Paid Search,Mobile,South West,1,2022-08,2022-08-31
O0004281,C01516,2023-06-27,2023,6,Q2,Sports,1,69.27,0.0,69.27,Paid Search,Mobile,South West,1,2023-06,2023-06-27
O0004282,C01516,2023-08-31,2023,8,Q3,Sports,2,16.55,0.0,33.1,Paid Search,Mobile,South West,1,2023-08,2023-08-31
O0004283,C01516,2023-09-22,2023,9,Q3,Sports,2,57.77,0.1,103.99,Paid Search,Mobile,South West,1,2023-09,2023-09-22
O0004284,C01516,2024-03-23,2024,3,Q1,Sports,4,38.94,0.0,155.74,Paid Search,Mobile,South West,1,2024-03,2024-03-23
O0004285,C01516,2024-11-29,2024,11,Q4,Sports,2,100.6,0.0,201.21,Paid Search,Mobile,South West,1,2024-11,2024-11-29
O0004286,C01517,2023-03-26,2023,3,Q1,Sports,2,56.07,0.0,112.14,Organic Search,Mobile,Yorkshire,0,2023-03,2023-03-26
O0004287,C01517,2023-05-28,2023,5,Q2,Clothing,3,86.34,0.0,259.01,Organic Search,Mobile,Yorkshire,1,2023-05,2023-05-28
O0004288,C01517,2024-01-06,2024,1,Q1,Electronics,4,62.92,0.0,251.67,Organic Search,Mobile,Yorkshire,1,2024-01,2024-01-06
O0004289,C01518,2024-12-03,2024,12,Q4,Home & Garden,3,155.3,0.05,442.62,Paid Search,Mobile,North West,0,2024-12,2024-12-03
O0004290,C01518,2024-12-16,2024,12,Q4,Sports,4,79.18,0.0,316.71,Paid Search,Mobile,North West,1,2024-12,2024-12-16
O0004291,C01519,2022-11-09,2022,11,Q4,Electronics,3,183.84,0.25,413.64,Social Media,Desktop,Yorkshire,0,2022-11,2022-11-09
O0004292,C01519,2023-02-03,2023,2,Q1,Sports,3,38.2,0.0,114.59,Social Media,Desktop,Yorkshire,1,2023-02,2023-02-03
O0004293,C01519,2023-05-18,2023,5,Q2,Home & Garden,1,85.48,0.19,69.24,Social Media,Desktop,Yorkshire,1,2023-05,2023-05-18
O0004294,C01519,2023-08-30,2023,8,Q3,Clothing,2,36.25,0.0,72.51,Social Media,Desktop,Yorkshire,1,2023-08,2023-08-30
O0004295,C01519,2024-01-02,2024,1,Q1,Clothing,2,68.02,0.0,136.04,Social Media,Desktop,Yorkshire,1,2024-01,2024-01-02
O0004296,C01519,2024-05-17,2024,5,Q2,Clothing,4,56.26,0.0,225.04,Social Media,Desktop,Yorkshire,1,2024-05,2024-05-17
O0004297,C01519,2024-11-12,2024,11,Q4,Home & Garden,2,69.64,0.0,139.29,Social Media,Desktop,Yorkshire,1,2024-11,2024-11-12
O0004298,C01520,2024-04-04,2024,4,Q2,Books,2,12.23,0.18,20.05,Email,Mobile,Yorkshire,0,2024-04,2024-04-04
O0004299,C01520,2024-06-23,2024,6,Q2,Electronics,1,151.4,0.13,131.72,Email,Mobile,Yorkshire,1,2024-06,2024-06-23
O0004300,C01520,2024-06-25,2024,6,Q2,Electronics,1,94.99,0.0,94.99,Email,Mobile,Yorkshire,1,2024-06,2024-06-25
O0004301,C01520,2024-07-24,2024,7,Q3,Electronics,4,177.88,0.0,711.53,Email,Mobile,Yorkshire,1,2024-07,2024-07-24
O0004302,C01520,2024-10-29,2024,10,Q4,Clothing,1,51.05,0.0,51.05,Email,Mobile,Yorkshire,1,2024-10,2024-10-29
O0004303,C01520,2024-11-18,2024,11,Q4,Electronics,2,221.61,0.1,398.9,Email,Mobile,Yorkshire,1,2024-11,2024-11-18
O0004304,C01520,2024-11-26,2024,11,Q4,Electronics,2,241.46,0.13,420.15,Email,Mobile,Yorkshire,1,2024-11,2024-11-26
O0004305,C01520,2024-12-28,2024,12,Q4,Electronics,1,164.64,0.11,146.53,Email,Mobile,Yorkshire,1,2024-12,2024-12-28
O0004306,C01521,2022-12-12,2022,12,Q4,Clothing,3,91.29,0.0,273.86,Social Media,Desktop,South East,0,2022-12,2022-12-12
O0004307,C01521,2023-05-26,2023,5,Q2,Clothing,4,75.19,0.0,300.75,Social Media,Desktop,South East,1,2023-05,2023-05-26
O0004308,C01522,2023-01-29,2023,1,Q1,Electronics,2,89.69,0.0,179.37,Social Media,Mobile,South East,0,2023-01,2023-01-29
O0004309,C01522,2023-05-02,2023,5,Q2,Clothing,1,76.96,0.24,58.49,Social Media,Mobile,South East,1,2023-05,2023-05-02
O0004310,C01522,2023-06-25,2023,6,Q2,Clothing,3,98.52,0.09,268.97,Social Media,Mobile,South East,1,2023-06,2023-06-25
O0004311,C01524,2023-08-05,2023,8,Q3,Clothing,4,68.67,0.0,274.67,Organic Search,Mobile,South West,0,2023-08,2023-08-05
O0004312,C01524,2023-10-13,2023,10,Q4,Electronics,3,30.58,0.16,77.06,Organic Search,Mobile,South West,1,2023-10,2023-10-13
O0004313,C01524,2024-03-03,2024,3,Q1,Electronics,4,159.67,0.0,638.68,Organic Search,Mobile,South West,1,2024-03,2024-03-03
O0004314,C01524,2024-07-15,2024,7,Q3,Books,3,10.92,0.14,28.18,Organic Search,Mobile,South West,1,2024-07,2024-07-15
O0004315,C01525,2023-05-02,2023,5,Q2,Clothing,3,15.22,0.02,44.73,Social Media,Desktop,Midlands,0,2023-05,2023-05-02
O0004316,C01525,2023-08-19,2023,8,Q3,Clothing,2,24.39,0.0,48.78,Social Media,Desktop,Midlands,1,2023-08,2023-08-19
O0004317,C01525,2024-02-07,2024,2,Q1,Clothing,3,81.87,0.08,225.96,Social Media,Desktop,Midlands,1,2024-02,2024-02-07
O0004318,C01525,2024-09-23,2024,9,Q3,Electronics,3,140.49,0.0,421.46,Social Media,Desktop,Midlands,1,2024-09,2024-09-23
O0004319,C01527,2023-04-06,2023,4,Q2,Clothing,2,41.44,0.0,82.87,Organic Search,Mobile,Scotland,0,2023-04,2023-04-06
O0004320,C01527,2024-07-13,2024,7,Q3,Home & Garden,3,68.7,0.0,206.1,Organic Search,Mobile,Scotland,1,2024-07,2024-07-13
O0004321,C01527,2024-10-29,2024,10,Q4,Clothing,3,68.33,0.0,205.0,Organic Search,Mobile,Scotland,1,2024-10,2024-10-29
O0004322,C01528,2023-01-01,2023,1,Q1,Home & Garden,2,69.3,0.2,110.88,Organic Search,Desktop,Wales,0,2023-01,2023-01-01
O0004323,C01528,2023-01-04,2023,1,Q1,Toys,2,20.46,0.24,31.11,Organic Search,Desktop,Wales,1,2023-01,2023-01-04
O0004324,C01528,2023-04-26,2023,4,Q2,Home & Garden,3,68.73,0.0,206.18,Organic Search,Desktop,Wales,1,2023-04,2023-04-26
O0004325,C01528,2023-11-15,2023,11,Q4,Toys,3,37.15,0.21,88.05,Organic Search,Desktop,Wales,1,2023-11,2023-11-15
O0004326,C01529,2024-02-26,2024,2,Q1,Clothing,3,23.61,0.0,70.84,Direct,Desktop,Scotland,0,2024-02,2024-02-26
O0004327,C01530,2023-01-04,2023,1,Q1,Beauty,1,23.32,0.0,23.32,Paid Search,Mobile,South East,0,2023-01,2023-01-04
O0004328,C01530,2024-06-09,2024,6,Q2,Electronics,2,196.55,0.0,393.1,Paid Search,Mobile,South East,1,2024-06,2024-06-09
O0004329,C01531,2022-05-24,2022,5,Q2,Electronics,3,140.64,0.22,329.09,Paid Search,Mobile,Yorkshire,0,2022-05,2022-05-24
O0004330,C01531,2022-09-21,2022,9,Q3,Home & Garden,4,31.16,0.03,120.88,Paid Search,Mobile,Yorkshire,1,2022-09,2022-09-21
O0004331,C01531,2023-01-18,2023,1,Q1,Beauty,2,45.07,0.0,90.14,Paid Search,Mobile,Yorkshire,1,2023-01,2023-01-18
O0004332,C01532,2024-06-05,2024,6,Q2,Home & Garden,3,67.49,0.1,182.23,Direct,Mobile,London,0,2024-06,2024-06-05
O0004333,C01533,2023-02-09,2023,2,Q1,Toys,4,51.9,0.0,207.58,Paid Search,Tablet,North West,0,2023-02,2023-02-09
O0004334,C01533,2024-02-09,2024,2,Q1,Sports,1,42.28,0.0,42.28,Paid Search,Tablet,North West,1,2024-02,2024-02-09
O0004335,C01533,2024-03-04,2024,3,Q1,Home & Garden,2,99.16,0.04,190.38,Paid Search,Tablet,North West,1,2024-03,2024-03-04
O0004336,C01534,2022-05-31,2022,5,Q2,Clothing,1,45.37,0.0,45.37,Referral,Desktop,London,0,2022-05,2022-05-31
O0004337,C01534,2023-03-20,2023,3,Q1,Clothing,2,64.55,0.0,129.11,Referral,Desktop,London,1,2023-03,2023-03-20
O0004338,C01535,2024-12-26,2024,12,Q4,Home & Garden,4,132.45,0.0,529.82,Paid Search,Tablet,South West,0,2024-12,2024-12-26
O0004339,C01536,2022-10-31,2022,10,Q4,Electronics,3,194.96,0.11,520.55,Social Media,Mobile,North East,0,2022-10,2022-10-31
O0004340,C01536,2023-01-03,2023,1,Q1,Electronics,4,85.46,0.0,341.83,Social Media,Mobile,North East,1,2023-01,2023-01-03
O0004341,C01536,2023-02-09,2023,2,Q1,Electronics,3,104.11,0.0,312.34,Social Media,Mobile,North East,1,2023-02,2023-02-09
O0004342,C01536,2023-05-11,2023,5,Q2,Electronics,3,129.89,0.0,389.67,Social Media,Mobile,North East,1,2023-05,2023-05-11
O0004343,C01536,2023-06-29,2023,6,Q2,Electronics,4,137.99,0.01,546.46,Social Media,Mobile,North East,1,2023-06,2023-06-29
O0004344,C01536,2024-02-15,2024,2,Q1,Clothing,4,52.41,0.0,209.62,Social Media,Mobile,North East,1,2024-02,2024-02-15
O0004345,C01536,2024-02-21,2024,2,Q1,Electronics,4,127.37,0.13,443.23,Social Media,Mobile,North East,1,2024-02,2024-02-21
O0004346,C01536,2024-05-08,2024,5,Q2,Electronics,3,127.44,0.22,298.22,Social Media,Mobile,North East,1,2024-05,2024-05-08
O0004347,C01537,2022-03-23,2022,3,Q1,Electronics,1,121.41,0.0,121.41,Organic Search,Desktop,Scotland,0,2022-03,2022-03-23
O0004348,C01537,2022-11-04,2022,11,Q4,Electronics,4,178.8,0.23,550.7,Organic Search,Desktop,Scotland,1,2022-11,2022-11-04
O0004349,C01537,2022-12-23,2022,12,Q4,Electronics,3,235.5,0.05,671.17,Organic Search,Desktop,Scotland,1,2022-12,2022-12-23
O0004350,C01537,2024-08-14,2024,8,Q3,Electronics,1,261.12,0.0,261.12,Organic Search,Desktop,Scotland,1,2024-08,2024-08-14
O0004351,C01537,2024-09-23,2024,9,Q3,Electronics,4,156.11,0.0,624.45,Organic Search,Desktop,Scotland,1,2024-09,2024-09-23
O0004352,C01537,2024-12-17,2024,12,Q4,Electronics,3,306.35,0.0,919.06,Organic Search,Desktop,Scotland,1,2024-12,2024-12-17
O0004353,C01538,2024-10-25,2024,10,Q4,Electronics,3,124.51,0.04,358.58,Paid Search,Tablet,South East,0,2024-10,2024-10-25
O0004354,C01539,2024-10-06,2024,10,Q4,Books,3,16.45,0.0,49.35,Email,Mobile,South East,0,2024-10,2024-10-06
O0004355,C01539,2024-10-15,2024,10,Q4,Toys,4,33.31,0.25,99.92,Email,Mobile,South East,1,2024-10,2024-10-15
O0004356,C01539,2024-12-05,2024,12,Q4,Books,2,40.8,0.0,81.61,Email,Mobile,South East,1,2024-12,2024-12-05
O0004357,C01542,2024-04-18,2024,4,Q2,Electronics,4,211.49,0.0,845.96,Paid Search,Desktop,South East,0,2024-04,2024-04-18
O0004358,C01542,2024-07-21,2024,7,Q3,Toys,2,36.11,0.0,72.21,Paid Search,Desktop,South East,1,2024-07,2024-07-21
O0004359,C01542,2024-10-12,2024,10,Q4,Toys,4,43.47,0.0,173.86,Paid Search,Desktop,South East,1,2024-10,2024-10-12
O0004360,C01542,2024-10-19,2024,10,Q4,Toys,2,24.39,0.07,45.36,Paid Search,Desktop,South East,1,2024-10,2024-10-19
O0004361,C01543,2024-06-12,2024,6,Q2,Electronics,1,201.56,0.0,201.56,Paid Search,Tablet,North West,0,2024-06,2024-06-12
O0004362,C01543,2024-11-27,2024,11,Q4,Home & Garden,3,96.03,0.0,288.08,Paid Search,Tablet,North West,1,2024-11,2024-11-27
O0004363,C01544,2022-09-14,2022,9,Q3,Electronics,2,142.26,0.18,233.3,Social Media,Mobile,South East,0,2022-09,2022-09-14
O0004364,C01544,2024-06-23,2024,6,Q2,Electronics,2,161.66,0.25,242.48,Social Media,Mobile,South East,1,2024-06,2024-06-23
O0004365,C01544,2024-12-26,2024,12,Q4,Beauty,4,57.52,0.0,230.07,Social Media,Mobile,South East,1,2024-12,2024-12-26
O0004366,C01545,2023-12-18,2023,12,Q4,Home & Garden,1,161.97,0.18,132.81,Email,Desktop,London,0,2023-12,2023-12-18
O0004367,C01546,2022-11-29,2022,11,Q4,Electronics,4,210.17,0.09,765.01,Paid Search,Mobile,North West,0,2022-11,2022-11-29
O0004368,C01546,2023-10-31,2023,10,Q4,Electronics,3,121.38,0.0,364.15,Paid Search,Mobile,North West,1,2023-10,2023-10-31
O0004369,C01547,2023-09-04,2023,9,Q3,Home & Garden,2,74.63,0.03,144.78,Paid Search,Mobile,Scotland,0,2023-09,2023-09-04
O0004370,C01547,2024-01-29,2024,1,Q1,Toys,1,28.9,0.0,28.9,Paid Search,Mobile,Scotland,1,2024-01,2024-01-29
O0004371,C01547,2024-05-23,2024,5,Q2,Electronics,1,79.02,0.0,79.02,Paid Search,Mobile,Scotland,1,2024-05,2024-05-23
O0004372,C01547,2024-06-17,2024,6,Q2,Toys,2,44.69,0.0,89.39,Paid Search,Mobile,Scotland,1,2024-06,2024-06-17
O0004373,C01548,2022-06-29,2022,6,Q2,Sports,1,70.25,0.0,70.25,Social Media,Mobile,South East,0,2022-06,2022-06-29
O0004374,C01548,2024-01-27,2024,1,Q1,Clothing,2,29.75,0.0,59.51,Social Media,Mobile,South East,1,2024-01,2024-01-27
O0004375,C01548,2024-12-07,2024,12,Q4,Sports,4,89.99,0.18,295.17,Social Media,Mobile,South East,1,2024-12,2024-12-07
O0004376,C01550,2024-07-22,2024,7,Q3,Books,2,26.93,0.18,44.16,Paid Search,Tablet,Scotland,0,2024-07,2024-07-22
O0004377,C01551,2023-07-24,2023,7,Q3,Clothing,1,20.33,0.16,17.07,Paid Search,Mobile,Yorkshire,0,2023-07,2023-07-24
O0004378,C01551,2023-08-02,2023,8,Q3,Clothing,3,67.26,0.0,201.79,Paid Search,Mobile,Yorkshire,1,2023-08,2023-08-02
O0004379,C01551,2024-11-18,2024,11,Q4,Home & Garden,3,82.8,0.0,248.41,Paid Search,Mobile,Yorkshire,1,2024-11,2024-11-18
O0004380,C01553,2021-10-03,2021,10,Q4,Clothing,4,51.73,0.0,206.91,Organic Search,Mobile,Wales,0,2021-10,2021-10-03
O0004381,C01553,2023-12-17,2023,12,Q4,Clothing,2,80.01,0.0,160.02,Organic Search,Mobile,Wales,1,2023-12,2023-12-17
O0004382,C01553,2024-01-31,2024,1,Q1,Sports,4,40.43,0.0,161.72,Organic Search,Mobile,Wales,1,2024-01,2024-01-31
O0004383,C01553,2024-07-31,2024,7,Q3,Clothing,4,76.02,0.0,304.1,Organic Search,Mobile,Wales,1,2024-07,2024-07-31
O0004384,C01554,2024-03-23,2024,3,Q1,Electronics,2,176.21,0.0,352.42,Email,Mobile,South West,0,2024-03,2024-03-23
O0004385,C01554,2024-05-05,2024,5,Q2,Electronics,4,164.55,0.0,658.21,Email,Mobile,South West,1,2024-05,2024-05-05
O0004386,C01554,2024-06-25,2024,6,Q2,Electronics,1,168.27,0.0,168.27,Email,Mobile,South West,1,2024-06,2024-06-25
O0004387,C01554,2024-10-11,2024,10,Q4,Home & Garden,3,83.28,0.04,239.85,Email,Mobile,South West,1,2024-10,2024-10-11
O0004388,C01555,2024-01-30,2024,1,Q1,Electronics,3,70.69,0.02,207.83,Social Media,Mobile,North East,0,2024-01,2024-01-30
O0004389,C01555,2024-02-14,2024,2,Q1,Beauty,2,55.88,0.07,103.93,Social Media,Mobile,North East,1,2024-02,2024-02-14
O0004390,C01555,2024-02-20,2024,2,Q1,Electronics,3,159.93,0.0,479.8,Social Media,Mobile,North East,1,2024-02,2024-02-20
O0004391,C01555,2024-04-03,2024,4,Q2,Electronics,3,100.34,0.0,301.02,Social Media,Mobile,North East,1,2024-04,2024-04-03
O0004392,C01555,2024-07-15,2024,7,Q3,Electronics,3,182.77,0.25,411.24,Social Media,Mobile,North East,1,2024-07,2024-07-15
O0004393,C01556,2023-09-03,2023,9,Q3,Clothing,4,22.3,0.0,89.19,Direct,Mobile,Yorkshire,0,2023-09,2023-09-03
O0004394,C01556,2024-12-22,2024,12,Q4,Electronics,4,211.39,0.03,820.18,Direct,Mobile,Yorkshire,1,2024-12,2024-12-22
O0004395,C01557,2023-09-19,2023,9,Q3,Electronics,3,183.99,0.0,551.96,Direct,Desktop,Scotland,0,2023-09,2023-09-19
O0004396,C01557,2023-11-20,2023,11,Q4,Electronics,4,173.87,0.0,695.48,Direct,Desktop,Scotland,1,2023-11,2023-11-20
O0004397,C01557,2023-12-05,2023,12,Q4,Electronics,2,197.29,0.08,363.02,Direct,Desktop,Scotland,1,2023-12,2023-12-05
O0004398,C01557,2024-04-22,2024,4,Q2,Electronics,4,60.65,0.13,211.06,Direct,Desktop,Scotland,1,2024-04,2024-04-22
O0004399,C01557,2024-05-23,2024,5,Q2,Electronics,1,209.12,0.23,161.02,Direct,Desktop,Scotland,1,2024-05,2024-05-23
O0004400,C01557,2024-09-12,2024,9,Q3,Electronics,3,76.63,0.0,229.88,Direct,Desktop,Scotland,1,2024-09,2024-09-12
O0004401,C01557,2024-09-26,2024,9,Q3,Electronics,3,81.24,0.0,243.73,Direct,Desktop,Scotland,1,2024-09,2024-09-26
O0004402,C01557,2024-12-25,2024,12,Q4,Electronics,1,323.43,0.0,323.43,Direct,Desktop,Scotland,1,2024-12,2024-12-25
O0004403,C01558,2024-01-21,2024,1,Q1,Beauty,4,48.24,0.23,148.57,Paid Search,Tablet,South West,0,2024-01,2024-01-21
O0004404,C01558,2024-04-16,2024,4,Q2,Beauty,4,35.23,0.0,140.94,Paid Search,Tablet,South West,1,2024-04,2024-04-16
O0004405,C01558,2024-08-09,2024,8,Q3,Beauty,2,35.7,0.0,71.4,Paid Search,Tablet,South West,1,2024-08,2024-08-09
O0004406,C01561,2024-05-10,2024,5,Q2,Electronics,1,145.05,0.23,111.68,Organic Search,Mobile,London,0,2024-05,2024-05-10
O0004407,C01561,2024-11-29,2024,11,Q4,Electronics,4,174.16,0.0,696.63,Organic Search,Mobile,London,1,2024-11,2024-11-29
O0004408,C01562,2021-09-21,2021,9,Q3,Clothing,4,72.04,0.0,288.16,Paid Search,Mobile,South West,0,2021-09,2021-09-21
O0004409,C01562,2021-11-27,2021,11,Q4,Electronics,3,193.32,0.0,579.97,Paid Search,Mobile,South West,1,2021-11,2021-11-27
O0004410,C01562,2021-12-20,2021,12,Q4,Clothing,2,94.14,0.03,182.64,Paid Search,Mobile,South West,1,2021-12,2021-12-20
O0004411,C01562,2022-05-08,2022,5,Q2,Clothing,2,58.43,0.0,116.86,Paid Search,Mobile,South West,1,2022-05,2022-05-08
O0004412,C01562,2023-09-15,2023,9,Q3,Home & Garden,1,58.8,0.15,49.98,Paid Search,Mobile,South West,1,2023-09,2023-09-15
O0004413,C01563,2023-05-01,2023,5,Q2,Clothing,4,87.26,0.0,349.04,Social Media,Mobile,South West,0,2023-05,2023-05-01
O0004414,C01563,2023-08-22,2023,8,Q3,Clothing,2,47.87,0.11,85.21,Social Media,Mobile,South West,1,2023-08,2023-08-22
O0004415,C01563,2024-02-08,2024,2,Q1,Electronics,3,52.77,0.0,158.3,Social Media,Mobile,South West,1,2024-02,2024-02-08
O0004416,C01564,2023-05-27,2023,5,Q2,Clothing,4,43.67,0.0,174.67,Email,Mobile,Scotland,0,2023-05,2023-05-27
O0004417,C01564,2024-01-12,2024,1,Q1,Books,1,16.07,0.0,16.07,Email,Mobile,Scotland,1,2024-01,2024-01-12
O0004418,C01565,2023-02-23,2023,2,Q1,Electronics,1,131.01,0.0,131.01,Paid Search,Desktop,South East,0,2023-02,2023-02-23
O0004419,C01566,2022-06-25,2022,6,Q2,Beauty,2,47.17,0.0,94.34,Social Media,Mobile,London,0,2022-06,2022-06-25
O0004420,C01566,2022-08-15,2022,8,Q3,Beauty,1,33.92,0.18,27.82,Social Media,Mobile,London,1,2022-08,2022-08-15
O0004421,C01566,2022-11-08,2022,11,Q4,Beauty,3,54.16,0.0,162.48,Social Media,Mobile,London,1,2022-11,2022-11-08
O0004422,C01566,2023-07-02,2023,7,Q3,Beauty,2,38.67,0.25,58.01,Social Media,Mobile,London,1,2023-07,2023-07-02
O0004423,C01566,2023-10-28,2023,10,Q4,Clothing,2,54.75,0.0,109.51,Social Media,Mobile,London,1,2023-10,2023-10-28
O0004424,C01566,2024-01-01,2024,1,Q1,Electronics,4,105.02,0.0,420.09,Social Media,Mobile,London,1,2024-01,2024-01-01
O0004425,C01566,2024-02-14,2024,2,Q1,Beauty,4,30.16,0.11,107.37,Social Media,Mobile,London,1,2024-02,2024-02-14
O0004426,C01566,2024-03-26,2024,3,Q1,Clothing,2,68.36,0.0,136.72,Social Media,Mobile,London,1,2024-03,2024-03-26
O0004427,C01566,2024-11-25,2024,11,Q4,Home & Garden,4,65.92,0.0,263.66,Social Media,Mobile,London,1,2024-11,2024-11-25
O0004428,C01567,2023-11-23,2023,11,Q4,Home & Garden,2,107.25,0.14,184.47,Organic Search,Mobile,South West,0,2023-11,2023-11-23
O0004429,C01568,2024-10-11,2024,10,Q4,Sports,1,51.64,0.0,51.64,Paid Search,Mobile,North West,0,2024-10,2024-10-11
O0004430,C01569,2023-12-25,2023,12,Q4,Electronics,4,194.86,0.0,779.45,Direct,Mobile,South West,0,2023-12,2023-12-25
O0004431,C01569,2024-10-18,2024,10,Q4,Beauty,1,45.95,0.0,45.95,Direct,Mobile,South West,1,2024-10,2024-10-18
O0004432,C01570,2024-05-01,2024,5,Q2,Beauty,1,28.22,0.0,28.22,Organic Search,Desktop,Scotland,0,2024-05,2024-05-01
O0004433,C01570,2024-07-02,2024,7,Q3,Beauty,1,20.39,0.16,17.13,Organic Search,Desktop,Scotland,1,2024-07,2024-07-02
O0004434,C01570,2024-07-10,2024,7,Q3,Beauty,1,23.17,0.0,23.17,Organic Search,Desktop,Scotland,1,2024-07,2024-07-10
O0004435,C01570,2024-08-13,2024,8,Q3,Beauty,3,52.33,0.0,156.99,Organic Search,Desktop,Scotland,1,2024-08,2024-08-13
O0004436,C01570,2024-11-28,2024,11,Q4,Sports,4,114.25,0.05,434.16,Organic Search,Desktop,Scotland,1,2024-11,2024-11-28
O0004437,C01571,2022-06-20,2022,6,Q2,Beauty,2,38.12,0.0,76.25,Paid Search,Mobile,Scotland,0,2022-06,2022-06-20
O0004438,C01571,2022-12-15,2022,12,Q4,Books,1,37.77,0.0,37.77,Paid Search,Mobile,Scotland,1,2022-12,2022-12-15
O0004439,C01571,2023-05-03,2023,5,Q2,Sports,2,54.13,0.09,98.51,Paid Search,Mobile,Scotland,1,2023-05,2023-05-03
O0004440,C01572,2024-09-03,2024,9,Q3,Books,3,10.3,0.22,24.1,Social Media,Desktop,Midlands,0,2024-09,2024-09-03
O0004441,C01572,2024-09-10,2024,9,Q3,Electronics,2,120.5,0.0,240.99,Social Media,Desktop,Midlands,1,2024-09,2024-09-10
O0004442,C01572,2024-10-05,2024,10,Q4,Books,2,16.94,0.14,29.14,Social Media,Desktop,Midlands,1,2024-10,2024-10-05
O0004443,C01572,2024-10-14,2024,10,Q4,Books,3,20.91,0.0,62.72,Social Media,Desktop,Midlands,1,2024-10,2024-10-14
O0004444,C01572,2024-11-07,2024,11,Q4,Books,3,28.97,0.0,86.92,Social Media,Desktop,Midlands,1,2024-11,2024-11-07
O0004445,C01572,2024-12-06,2024,12,Q4,Books,1,34.37,0.07,31.96,Social Media,Desktop,Midlands,1,2024-12,2024-12-06
O0004446,C01572,2024-12-07,2024,12,Q4,Clothing,3,98.6,0.13,257.34,Social Media,Desktop,Midlands,1,2024-12,2024-12-07
O0004447,C01572,2024-12-14,2024,12,Q4,Books,3,27.92,0.0,83.77,Social Media,Desktop,Midlands,1,2024-12,2024-12-14
O0004448,C01574,2024-06-15,2024,6,Q2,Clothing,2,74.1,0.0,148.2,Paid Search,Desktop,London,0,2024-06,2024-06-15
O0004449,C01574,2024-09-09,2024,9,Q3,Clothing,1,68.02,0.06,63.94,Paid Search,Desktop,London,1,2024-09,2024-09-09
O0004450,C01574,2024-10-04,2024,10,Q4,Clothing,4,49.12,0.12,172.89,Paid Search,Desktop,London,1,2024-10,2024-10-04
O0004451,C01575,2023-02-05,2023,2,Q1,Books,2,20.67,0.0,41.33,Organic Search,Mobile,Wales,0,2023-02,2023-02-05
O0004452,C01575,2023-05-10,2023,5,Q2,Clothing,3,35.48,0.0,106.44,Organic Search,Mobile,Wales,1,2023-05,2023-05-10
O0004453,C01575,2023-12-25,2023,12,Q4,Beauty,1,58.5,0.0,58.5,Organic Search,Mobile,Wales,1,2023-12,2023-12-25
O0004454,C01575,2024-04-24,2024,4,Q2,Clothing,2,80.12,0.0,160.25,Organic Search,Mobile,Wales,1,2024-04,2024-04-24
O0004455,C01577,2023-04-02,2023,4,Q2,Books,1,14.81,0.0,14.81,Direct,Tablet,Scotland,0,2023-04,2023-04-02
O0004456,C01577,2024-04-29,2024,4,Q2,Books,3,24.04,0.0,72.11,Direct,Tablet,Scotland,1,2024-04,2024-04-29
O0004457,C01578,2022-08-04,2022,8,Q3,Beauty,4,39.46,0.13,137.34,Direct,Mobile,North West,0,2022-08,2022-08-04
O0004458,C01578,2024-07-13,2024,7,Q3,Home & Garden,1,99.63,0.04,95.64,Direct,Mobile,North West,1,2024-07,2024-07-13
O0004459,C01578,2024-08-08,2024,8,Q3,Home & Garden,3,80.85,0.0,242.55,Direct,Mobile,North West,1,2024-08,2024-08-08
O0004460,C01578,2024-10-28,2024,10,Q4,Home & Garden,4,76.79,0.0,307.16,Direct,Mobile,North West,1,2024-10,2024-10-28
O0004461,C01579,2023-05-02,2023,5,Q2,Beauty,3,39.27,0.0,117.8,Social Media,Mobile,Scotland,0,2023-05,2023-05-02
O0004462,C01579,2024-04-27,2024,4,Q2,Beauty,2,26.29,0.03,50.99,Social Media,Mobile,Scotland,1,2024-04,2024-04-27
O0004463,C01579,2024-05-04,2024,5,Q2,Beauty,1,22.93,0.0,22.93,Social Media,Mobile,Scotland,1,2024-05,2024-05-04
O0004464,C01579,2024-08-08,2024,8,Q3,Electronics,1,139.66,0.0,139.66,Social Media,Mobile,Scotland,1,2024-08,2024-08-08
O0004465,C01579,2024-08-13,2024,8,Q3,Beauty,1,42.58,0.25,31.94,Social Media,Mobile,Scotland,1,2024-08,2024-08-13
O0004466,C01579,2024-09-27,2024,9,Q3,Beauty,4,26.7,0.08,98.26,Social Media,Mobile,Scotland,1,2024-09,2024-09-27
O0004467,C01579,2024-12-27,2024,12,Q4,Beauty,3,21.05,0.0,63.15,Social Media,Mobile,Scotland,1,2024-12,2024-12-27
O0004468,C01580,2023-01-11,2023,1,Q1,Home & Garden,3,78.02,0.24,177.88,Social Media,Mobile,Scotland,0,2023-01,2023-01-11
O0004469,C01580,2023-06-17,2023,6,Q2,Electronics,3,38.99,0.16,98.26,Social Media,Mobile,Scotland,1,2023-06,2023-06-17
O0004470,C01580,2023-08-19,2023,8,Q3,Home & Garden,3,94.19,0.07,262.8,Social Media,Mobile,Scotland,1,2023-08,2023-08-19
O0004471,C01580,2023-10-03,2023,10,Q4,Sports,3,58.21,0.0,174.62,Social Media,Mobile,Scotland,1,2023-10,2023-10-03
O0004472,C01580,2024-08-10,2024,8,Q3,Home & Garden,1,100.2,0.0,100.2,Social Media,Mobile,Scotland,1,2024-08,2024-08-10
O0004473,C01580,2024-12-05,2024,12,Q4,Home & Garden,3,137.09,0.0,411.26,Social Media,Mobile,Scotland,1,2024-12,2024-12-05
O0004474,C01581,2023-06-03,2023,6,Q2,Electronics,3,160.08,0.0,480.25,Email,Desktop,South East,0,2023-06,2023-06-03
O0004475,C01581,2023-08-08,2023,8,Q3,Electronics,3,200.13,0.04,576.37,Email,Desktop,South East,1,2023-08,2023-08-08
O0004476,C01581,2023-10-16,2023,10,Q4,Clothing,4,56.31,0.0,225.25,Email,Desktop,South East,1,2023-10,2023-10-16
O0004477,C01581,2023-10-19,2023,10,Q4,Electronics,4,193.9,0.09,705.79,Email,Desktop,South East,1,2023-10,2023-10-19
O0004478,C01581,2024-01-13,2024,1,Q1,Electronics,1,170.03,0.05,161.53,Email,Desktop,South East,1,2024-01,2024-01-13
O0004479,C01581,2024-08-03,2024,8,Q3,Clothing,4,61.09,0.0,244.37,Email,Desktop,South East,1,2024-08,2024-08-03
O0004480,C01581,2024-12-07,2024,12,Q4,Books,2,39.6,0.0,79.2,Email,Desktop,South East,1,2024-12,2024-12-07
O0004481,C01584,2024-06-09,2024,6,Q2,Electronics,1,56.87,0.05,54.03,Email,Mobile,London,0,2024-06,2024-06-09
O0004482,C01584,2024-07-12,2024,7,Q3,Electronics,1,179.92,0.13,156.53,Email,Mobile,London,1,2024-07,2024-07-12
O0004483,C01584,2024-07-25,2024,7,Q3,Electronics,2,179.49,0.07,333.85,Email,Mobile,London,1,2024-07,2024-07-25
O0004484,C01584,2024-10-22,2024,10,Q4,Electronics,2,131.89,0.08,242.68,Email,Mobile,London,1,2024-10,2024-10-22
O0004485,C01584,2024-11-16,2024,11,Q4,Electronics,3,146.92,0.19,357.01,Email,Mobile,London,1,2024-11,2024-11-16
O0004486,C01584,2024-12-17,2024,12,Q4,Toys,2,39.93,0.0,79.85,Email,Mobile,London,1,2024-12,2024-12-17
O0004487,C01585,2024-01-24,2024,1,Q1,Electronics,1,120.4,0.0,120.4,Email,Mobile,Midlands,0,2024-01,2024-01-24
O0004488,C01586,2021-10-05,2021,10,Q4,Electronics,1,92.56,0.0,92.56,Social Media,Desktop,Yorkshire,0,2021-10,2021-10-05
O0004489,C01587,2022-03-05,2022,3,Q1,Beauty,2,40.52,0.0,81.05,Email,Mobile,South East,0,2022-03,2022-03-05
O0004490,C01588,2023-08-31,2023,8,Q3,Beauty,2,36.15,0.0,72.31,Paid Search,Desktop,North West,0,2023-08,2023-08-31
O0004491,C01588,2024-02-16,2024,2,Q1,Home & Garden,2,69.9,0.0,139.8,Paid Search,Desktop,North West,1,2024-02,2024-02-16
O0004492,C01588,2024-06-06,2024,6,Q2,Clothing,1,32.01,0.23,24.65,Paid Search,Desktop,North West,1,2024-06,2024-06-06
O0004493,C01589,2023-12-10,2023,12,Q4,Beauty,2,64.29,0.0,128.58,Social Media,Desktop,South East,0,2023-12,2023-12-10
O0004494,C01589,2024-11-24,2024,11,Q4,Beauty,4,69.18,0.0,276.71,Social Media,Desktop,South East,1,2024-11,2024-11-24
O0004495,C01591,2022-02-27,2022,2,Q1,Home & Garden,3,28.47,0.02,83.7,Social Media,Mobile,South East,0,2022-02,2022-02-27
O0004496,C01591,2024-03-11,2024,3,Q1,Clothing,2,11.09,0.06,20.84,Social Media,Mobile,South East,1,2024-03,2024-03-11
O0004497,C01591,2024-12-16,2024,12,Q4,Home & Garden,3,120.06,0.0,360.17,Social Media,Mobile,South East,1,2024-12,2024-12-16
O0004498,C01592,2022-11-04,2022,11,Q4,Beauty,2,56.0,0.16,94.08,Organic Search,Mobile,Midlands,0,2022-11,2022-11-04
O0004499,C01592,2024-01-21,2024,1,Q1,Electronics,1,77.18,0.0,77.18,Organic Search,Mobile,Midlands,1,2024-01,2024-01-21
O0004500,C01593,2023-06-22,2023,6,Q2,Clothing,4,60.77,0.0,243.07,Organic Search,Mobile,Wales,0,2023-06,2023-06-22
O0004501,C01593,2023-08-07,2023,8,Q3,Clothing,4,63.63,0.14,218.88,Organic Search,Mobile,Wales,1,2023-08,2023-08-07
O0004502,C01593,2024-03-24,2024,3,Q1,Clothing,1,22.29,0.0,22.29,Organic Search,Mobile,Wales,1,2024-03,2024-03-24
O0004503,C01593,2024-07-16,2024,7,Q3,Clothing,4,40.57,0.05,154.17,Organic Search,Mobile,Wales,1,2024-07,2024-07-16
O0004504,C01593,2024-07-21,2024,7,Q3,Clothing,4,24.93,0.0,99.74,Organic Search,Mobile,Wales,1,2024-07,2024-07-21
O0004505,C01594,2021-11-25,2021,11,Q4,Sports,3,73.16,0.0,219.47,Organic Search,Mobile,London,0,2021-11,2021-11-25
O0004506,C01594,2024-09-14,2024,9,Q3,Clothing,4,53.3,0.0,213.18,Organic Search,Mobile,London,1,2024-09,2024-09-14
O0004507,C01595,2024-08-17,2024,8,Q3,Clothing,4,67.08,0.0,268.32,Social Media,Mobile,Yorkshire,0,2024-08,2024-08-17
O0004508,C01596,2024-06-14,2024,6,Q2,Home & Garden,2,43.83,0.0,87.66,Email,Desktop,London,0,2024-06,2024-06-14
O0004509,C01597,2023-04-10,2023,4,Q2,Clothing,1,69.6,0.12,61.25,Organic Search,Desktop,North East,0,2023-04,2023-04-10
O0004510,C01597,2023-07-08,2023,7,Q3,Clothing,2,53.55,0.0,107.1,Organic Search,Desktop,North East,1,2023-07,2023-07-08
O0004511,C01597,2023-09-17,2023,9,Q3,Toys,1,33.83,0.0,33.83,Organic Search,Desktop,North East,1,2023-09,2023-09-17
O0004512,C01598,2023-03-31,2023,3,Q1,Clothing,3,76.44,0.0,229.32,Organic Search,Desktop,London,0,2023-03,2023-03-31
O0004513,C01598,2024-04-02,2024,4,Q2,Clothing,3,55.92,0.0,167.75,Organic Search,Desktop,London,1,2024-04,2024-04-02
O0004514,C01598,2024-04-25,2024,4,Q2,Clothing,2,64.18,0.17,106.53,Organic Search,Desktop,London,1,2024-04,2024-04-25
O0004515,C01598,2024-09-07,2024,9,Q3,Books,4,16.03,0.0,64.11,Organic Search,Desktop,London,1,2024-09,2024-09-07
O0004516,C01598,2024-09-23,2024,9,Q3,Sports,3,46.37,0.07,129.36,Organic Search,Desktop,London,1,2024-09,2024-09-23
O0004517,C01599,2024-03-15,2024,3,Q1,Electronics,1,149.5,0.0,149.5,Organic Search,Desktop,Scotland,0,2024-03,2024-03-15
O0004518,C01599,2024-04-17,2024,4,Q2,Home & Garden,3,94.16,0.04,271.19,Organic Search,Desktop,Scotland,1,2024-04,2024-04-17
O0004519,C01599,2024-06-09,2024,6,Q2,Beauty,3,38.61,0.02,113.51,Organic Search,Desktop,Scotland,1,2024-06,2024-06-09
O0004520,C01599,2024-07-13,2024,7,Q3,Home & Garden,3,150.59,0.0,451.76,Organic Search,Desktop,Scotland,1,2024-07,2024-07-13
O0004521,C01599,2024-10-04,2024,10,Q4,Sports,1,52.77,0.0,52.77,Organic Search,Desktop,Scotland,1,2024-10,2024-10-04
O0004522,C01599,2024-10-23,2024,10,Q4,Home & Garden,3,57.07,0.22,133.54,Organic Search,Desktop,Scotland,1,2024-10,2024-10-23
O0004523,C01600,2023-03-11,2023,3,Q1,Electronics,1,84.24,0.0,84.24,Social Media,Desktop,Scotland,0,2023-03,2023-03-11
O0004524,C01600,2024-09-05,2024,9,Q3,Electronics,1,163.61,0.0,163.61,Social Media,Desktop,Scotland,1,2024-09,2024-09-05
O0004525,C01601,2023-06-21,2023,6,Q2,Home & Garden,1,96.22,0.0,96.22,Paid Search,Mobile,London,0,2023-06,2023-06-21
O0004526,C01601,2023-07-20,2023,7,Q3,Home & Garden,3,5.0,0.04,14.4,Paid Search,Mobile,London,1,2023-07,2023-07-20
O0004527,C01601,2023-09-13,2023,9,Q3,Home & Garden,2,80.26,0.0,160.51,Paid Search,Mobile,London,1,2023-09,2023-09-13
O0004528,C01601,2024-02-18,2024,2,Q1,Electronics,2,151.48,0.0,302.96,Paid Search,Mobile,London,1,2024-02,2024-02-18
O0004529,C01601,2024-04-30,2024,4,Q2,Home & Garden,4,54.8,0.0,219.19,Paid Search,Mobile,London,1,2024-04,2024-04-30
O0004530,C01601,2024-11-01,2024,11,Q4,Home & Garden,4,175.05,0.0,700.2,Paid Search,Mobile,London,1,2024-11,2024-11-01
O0004531,C01602,2022-01-14,2022,1,Q1,Toys,1,30.1,0.0,30.1,Direct,Desktop,Midlands,0,2022-01,2022-01-14
O0004532,C01602,2022-01-27,2022,1,Q1,Electronics,1,115.46,0.0,115.46,Direct,Desktop,Midlands,1,2022-01,2022-01-27
O0004533,C01602,2022-03-28,2022,3,Q1,Electronics,3,137.93,0.22,322.75,Direct,Desktop,Midlands,1,2022-03,2022-03-28
O0004534,C01602,2022-05-11,2022,5,Q2,Electronics,1,181.97,0.0,181.97,Direct,Desktop,Midlands,1,2022-05,2022-05-11
O0004535,C01602,2024-03-27,2024,3,Q1,Electronics,2,143.81,0.0,287.63,Direct,Desktop,Midlands,1,2024-03,2024-03-27
O0004536,C01602,2024-03-27,2024,3,Q1,Electronics,2,132.53,0.0,265.05,Direct,Desktop,Midlands,1,2024-03,2024-03-27
O0004537,C01602,2024-09-15,2024,9,Q3,Electronics,1,182.46,0.0,182.46,Direct,Desktop,Midlands,1,2024-09,2024-09-15
O0004538,C01603,2024-09-05,2024,9,Q3,Beauty,4,31.35,0.18,102.83,Social Media,Mobile,North West,0,2024-09,2024-09-05
O0004539,C01604,2022-10-14,2022,10,Q4,Clothing,4,57.44,0.04,220.57,Organic Search,Mobile,South West,0,2022-10,2022-10-14
O0004540,C01605,2024-11-21,2024,11,Q4,Home & Garden,4,79.63,0.0,318.5,Paid Search,Mobile,Midlands,0,2024-11,2024-11-21
O0004541,C01605,2024-11-27,2024,11,Q4,Home & Garden,3,103.08,0.0,309.23,Paid Search,Mobile,Midlands,1,2024-11,2024-11-27
O0004542,C01605,2024-12-19,2024,12,Q4,Home & Garden,4,98.76,0.2,316.02,Paid Search,Mobile,Midlands,1,2024-12,2024-12-19
O0004543,C01605,2024-12-20,2024,12,Q4,Home & Garden,3,99.45,0.0,298.35,Paid Search,Mobile,Midlands,1,2024-12,2024-12-20
O0004544,C01605,2024-12-27,2024,12,Q4,Electronics,2,225.1,0.0,450.2,Paid Search,Mobile,Midlands,1,2024-12,2024-12-27
O0004545,C01606,2022-04-09,2022,4,Q2,Home & Garden,2,74.39,0.0,148.79,Direct,Mobile,London,0,2022-04,2022-04-09
O0004546,C01606,2023-05-08,2023,5,Q2,Home & Garden,3,97.13,0.0,291.4,Direct,Mobile,London,1,2023-05,2023-05-08
O0004547,C01606,2023-07-22,2023,7,Q3,Home & Garden,4,59.02,0.01,233.73,Direct,Mobile,London,1,2023-07,2023-07-22
O0004548,C01606,2023-10-02,2023,10,Q4,Home & Garden,3,116.16,0.15,296.2,Direct,Mobile,London,1,2023-10,2023-10-02
O0004549,C01606,2024-07-21,2024,7,Q3,Home & Garden,3,70.96,0.0,212.88,Direct,Mobile,London,1,2024-07,2024-07-21
O0004550,C01606,2024-08-01,2024,8,Q3,Home & Garden,2,89.65,0.0,179.3,Direct,Mobile,London,1,2024-08,2024-08-01
O0004551,C01606,2024-11-28,2024,11,Q4,Home & Garden,1,68.38,0.19,55.38,Direct,Mobile,London,1,2024-11,2024-11-28
O0004552,C01607,2024-12-12,2024,12,Q4,Clothing,3,93.98,0.0,281.94,Paid Search,Desktop,Wales,0,2024-12,2024-12-12
O0004553,C01607,2024-12-20,2024,12,Q4,Beauty,1,72.86,0.0,72.86,Paid Search,Desktop,Wales,1,2024-12,2024-12-20
O0004554,C01608,2023-12-27,2023,12,Q4,Home & Garden,2,109.34,0.01,216.48,Direct,Desktop,South East,0,2023-12,2023-12-27
O0004555,C01608,2024-10-07,2024,10,Q4,Electronics,1,147.96,0.23,113.93,Direct,Desktop,South East,1,2024-10,2024-10-07
O0004556,C01609,2022-08-26,2022,8,Q3,Electronics,3,193.53,0.07,539.95,Organic Search,Mobile,London,0,2022-08,2022-08-26
O0004557,C01609,2024-04-30,2024,4,Q2,Electronics,4,163.51,0.09,595.17,Organic Search,Mobile,London,1,2024-04,2024-04-30
O0004558,C01609,2024-06-21,2024,6,Q2,Clothing,3,32.44,0.0,97.33,Organic Search,Mobile,London,1,2024-06,2024-06-21
O0004559,C01609,2024-07-09,2024,7,Q3,Home & Garden,4,103.12,0.0,412.5,Organic Search,Mobile,London,1,2024-07,2024-07-09
O0004560,C01609,2024-08-17,2024,8,Q3,Electronics,2,76.54,0.0,153.07,Organic Search,Mobile,London,1,2024-08,2024-08-17
O0004561,C01610,2022-05-06,2022,5,Q2,Clothing,4,36.0,0.03,139.7,Organic Search,Tablet,Scotland,0,2022-05,2022-05-06
O0004562,C01610,2022-05-25,2022,5,Q2,Clothing,1,24.87,0.12,21.89,Organic Search,Tablet,Scotland,1,2022-05,2022-05-25
O0004563,C01610,2022-12-19,2022,12,Q4,Clothing,1,95.2,0.0,95.2,Organic Search,Tablet,Scotland,1,2022-12,2022-12-19
O0004564,C01610,2024-05-22,2024,5,Q2,Toys,4,20.37,0.0,81.47,Organic Search,Tablet,Scotland,1,2024-05,2024-05-22
O0004565,C01610,2024-11-18,2024,11,Q4,Clothing,4,79.04,0.0,316.17,Organic Search,Tablet,Scotland,1,2024-11,2024-11-18
O0004566,C01610,2024-11-20,2024,11,Q4,Toys,4,40.55,0.0,162.19,Organic Search,Tablet,Scotland,1,2024-11,2024-11-20
O0004567,C01611,2024-11-17,2024,11,Q4,Beauty,3,60.16,0.0,180.47,Email,Desktop,North East,0,2024-11,2024-11-17
O0004568,C01611,2024-12-24,2024,12,Q4,Beauty,2,65.5,0.06,123.14,Email,Desktop,North East,1,2024-12,2024-12-24
O0004569,C01612,2023-07-23,2023,7,Q3,Clothing,1,30.91,0.0,30.91,Direct,Desktop,Midlands,0,2023-07,2023-07-23
O0004570,C01612,2023-09-01,2023,9,Q3,Clothing,4,45.54,0.0,182.18,Direct,Desktop,Midlands,1,2023-09,2023-09-01
O0004571,C01612,2024-03-18,2024,3,Q1,Clothing,1,75.32,0.22,58.75,Direct,Desktop,Midlands,1,2024-03,2024-03-18
O0004572,C01612,2024-03-28,2024,3,Q1,Clothing,3,73.38,0.0,220.13,Direct,Desktop,Midlands,1,2024-03,2024-03-28
O0004573,C01612,2024-06-14,2024,6,Q2,Clothing,3,68.53,0.0,205.58,Direct,Desktop,Midlands,1,2024-06,2024-06-14
O0004574,C01613,2022-06-29,2022,6,Q2,Home & Garden,3,65.49,0.0,196.47,Organic Search,Desktop,Wales,0,2022-06,2022-06-29
O0004575,C01613,2022-08-16,2022,8,Q3,Home & Garden,1,102.83,0.2,82.26,Organic Search,Desktop,Wales,1,2022-08,2022-08-16
O0004576,C01613,2023-05-17,2023,5,Q2,Home & Garden,3,78.64,0.0,235.92,Organic Search,Desktop,Wales,1,2023-05,2023-05-17
O0004577,C01613,2023-12-26,2023,12,Q4,Home & Garden,1,104.63,0.0,104.63,Organic Search,Desktop,Wales,1,2023-12,2023-12-26
O0004578,C01614,2021-03-12,2021,3,Q1,Beauty,3,57.16,0.19,138.9,Referral,Mobile,London,0,2021-03,2021-03-12
O0004579,C01614,2021-10-15,2021,10,Q4,Clothing,4,73.75,0.0,295.01,Referral,Mobile,London,1,2021-10,2021-10-15
O0004580,C01614,2021-12-01,2021,12,Q4,Clothing,4,114.08,0.03,442.63,Referral,Mobile,London,1,2021-12,2021-12-01
O0004581,C01614,2024-05-23,2024,5,Q2,Clothing,1,67.64,0.0,67.64,Referral,Mobile,London,1,2024-05,2024-05-23
O0004582,C01614,2024-11-17,2024,11,Q4,Electronics,2,240.27,0.0,480.54,Referral,Mobile,London,1,2024-11,2024-11-17
O0004583,C01616,2022-03-26,2022,3,Q1,Sports,4,48.3,0.14,166.15,Organic Search,Mobile,Scotland,0,2022-03,2022-03-26
O0004584,C01616,2024-10-22,2024,10,Q4,Sports,3,73.23,0.0,219.68,Organic Search,Mobile,Scotland,1,2024-10,2024-10-22
O0004585,C01617,2023-06-02,2023,6,Q2,Clothing,2,66.39,0.0,132.77,Paid Search,Mobile,London,0,2023-06,2023-06-02
O0004586,C01618,2023-02-10,2023,2,Q1,Home & Garden,4,55.41,0.0,221.65,Social Media,Mobile,London,0,2023-02,2023-02-10
O0004587,C01618,2024-11-21,2024,11,Q4,Home & Garden,4,79.77,0.0,319.06,Social Media,Mobile,London,1,2024-11,2024-11-21
O0004588,C01620,2024-11-22,2024,11,Q4,Home & Garden,3,87.94,0.0,263.81,Paid Search,Desktop,Scotland,0,2024-11,2024-11-22
O0004589,C01622,2022-08-16,2022,8,Q3,Home & Garden,2,73.41,0.04,140.94,Paid Search,Mobile,Midlands,0,2022-08,2022-08-16
O0004590,C01622,2023-07-15,2023,7,Q3,Home & Garden,3,97.76,0.15,249.29,Paid Search,Mobile,Midlands,1,2023-07,2023-07-15
O0004591,C01623,2024-06-29,2024,6,Q2,Clothing,2,68.4,0.0,136.8,Organic Search,Desktop,Scotland,0,2024-06,2024-06-29
O0004592,C01623,2024-07-25,2024,7,Q3,Clothing,3,49.24,0.03,143.29,Organic Search,Desktop,Scotland,1,2024-07,2024-07-25
O0004593,C01623,2024-10-10,2024,10,Q4,Home & Garden,4,87.09,0.04,334.43,Organic Search,Desktop,Scotland,1,2024-10,2024-10-10
O0004594,C01623,2024-10-19,2024,10,Q4,Clothing,2,29.79,0.2,47.66,Organic Search,Desktop,Scotland,1,2024-10,2024-10-19
O0004595,C01623,2024-11-23,2024,11,Q4,Electronics,2,217.16,0.18,356.14,Organic Search,Desktop,Scotland,1,2024-11,2024-11-23
O0004596,C01623,2024-11-25,2024,11,Q4,Clothing,4,67.12,0.0,268.48,Organic Search,Desktop,Scotland,1,2024-11,2024-11-25
O0004597,C01625,2024-08-21,2024,8,Q3,Toys,4,24.09,0.06,90.59,Email,Desktop,North East,0,2024-08,2024-08-21
O0004598,C01627,2024-06-17,2024,6,Q2,Electronics,3,175.16,0.07,488.7,Paid Search,Desktop,London,0,2024-06,2024-06-17
O0004599,C01627,2024-07-01,2024,7,Q3,Clothing,3,38.33,0.0,114.98,Paid Search,Desktop,London,1,2024-07,2024-07-01
O0004600,C01627,2024-08-13,2024,8,Q3,Clothing,4,54.65,0.0,218.61,Paid Search,Desktop,London,1,2024-08,2024-08-13
O0004601,C01627,2024-09-12,2024,9,Q3,Clothing,1,71.76,0.0,71.76,Paid Search,Desktop,London,1,2024-09,2024-09-12
O0004602,C01628,2024-02-10,2024,2,Q1,Clothing,3,32.86,0.0,98.59,Paid Search,Mobile,London,0,2024-02,2024-02-10
O0004603,C01628,2024-05-10,2024,5,Q2,Clothing,1,99.03,0.02,97.05,Paid Search,Mobile,London,1,2024-05,2024-05-10
O0004604,C01628,2024-12-09,2024,12,Q4,Clothing,4,124.24,0.0,496.95,Paid Search,Mobile,London,1,2024-12,2024-12-09
O0004605,C01629,2022-11-14,2022,11,Q4,Home & Garden,1,99.2,0.0,99.2,Direct,Mobile,Scotland,0,2022-11,2022-11-14
O0004606,C01629,2023-09-23,2023,9,Q3,Clothing,3,41.87,0.0,125.62,Direct,Mobile,Scotland,1,2023-09,2023-09-23
O0004607,C01631,2024-10-17,2024,10,Q4,Beauty,2,30.17,0.0,60.35,Paid Search,Mobile,South East,0,2024-10,2024-10-17
O0004608,C01631,2024-11-14,2024,11,Q4,Beauty,2,41.35,0.0,82.7,Paid Search,Mobile,South East,1,2024-11,2024-11-14
O0004609,C01635,2023-06-04,2023,6,Q2,Clothing,1,42.25,0.0,42.25,Paid Search,Mobile,London,0,2023-06,2023-06-04
O0004610,C01635,2023-09-04,2023,9,Q3,Electronics,4,126.58,0.04,486.06,Paid Search,Mobile,London,1,2023-09,2023-09-04
O0004611,C01635,2024-10-30,2024,10,Q4,Clothing,2,79.13,0.0,158.26,Paid Search,Mobile,London,1,2024-10,2024-10-30
O0004612,C01636,2024-03-14,2024,3,Q1,Home & Garden,1,55.46,0.0,55.46,Social Media,Mobile,Wales,0,2024-03,2024-03-14
O0004613,C01636,2024-04-17,2024,4,Q2,Home & Garden,4,93.08,0.18,305.3,Social Media,Mobile,Wales,1,2024-04,2024-04-17
O0004614,C01636,2024-05-17,2024,5,Q2,Home & Garden,1,41.52,0.0,41.52,Social Media,Mobile,Wales,1,2024-05,2024-05-17
O0004615,C01636,2024-09-29,2024,9,Q3,Electronics,3,152.47,0.08,420.81,Social Media,Mobile,Wales,1,2024-09,2024-09-29
O0004616,C01638,2024-07-09,2024,7,Q3,Books,2,25.55,0.13,44.46,Email,Mobile,London,0,2024-07,2024-07-09
O0004617,C01639,2024-04-04,2024,4,Q2,Home & Garden,2,87.41,0.0,174.81,Direct,Desktop,Yorkshire,0,2024-04,2024-04-04
O0004618,C01640,2024-12-01,2024,12,Q4,Sports,3,91.27,0.0,273.82,Direct,Desktop,London,0,2024-12,2024-12-01
O0004619,C01640,2024-12-15,2024,12,Q4,Sports,3,91.13,0.0,273.38,Direct,Desktop,London,1,2024-12,2024-12-15
O0004620,C01640,2024-12-16,2024,12,Q4,Beauty,1,60.85,0.22,47.47,Direct,Desktop,London,1,2024-12,2024-12-16
O0004621,C01640,2024-12-26,2024,12,Q4,Sports,4,101.75,0.0,407.0,Direct,Desktop,London,1,2024-12,2024-12-26
O0004622,C01640,2024-12-29,2024,12,Q4,Sports,3,70.7,0.0,212.09,Direct,Desktop,London,1,2024-12,2024-12-29
O0004623,C01641,2022-02-07,2022,2,Q1,Electronics,3,99.15,0.0,297.44,Direct,Mobile,South East,0,2022-02,2022-02-07
O0004624,C01641,2022-02-20,2022,2,Q1,Sports,2,49.04,0.14,84.36,Direct,Mobile,South East,1,2022-02,2022-02-20
O0004625,C01641,2022-06-20,2022,6,Q2,Electronics,4,123.27,0.08,453.64,Direct,Mobile,South East,1,2022-06,2022-06-20
O0004626,C01641,2023-01-03,2023,1,Q1,Electronics,4,107.71,0.1,387.76,Direct,Mobile,South East,1,2023-01,2023-01-03
O0004627,C01641,2023-07-28,2023,7,Q3,Electronics,2,87.32,0.0,174.63,Direct,Mobile,South East,1,2023-07,2023-07-28
O0004628,C01641,2023-11-17,2023,11,Q4,Electronics,3,217.4,0.15,554.37,Direct,Mobile,South East,1,2023-11,2023-11-17
O0004629,C01641,2023-11-30,2023,11,Q4,Beauty,1,29.5,0.0,29.5,Direct,Mobile,South East,1,2023-11,2023-11-30
O0004630,C01641,2024-05-31,2024,5,Q2,Electronics,4,157.3,0.07,585.14,Direct,Mobile,South East,1,2024-05,2024-05-31
O0004631,C01643,2022-03-30,2022,3,Q1,Electronics,4,182.44,0.12,642.2,Organic Search,Desktop,South West,0,2022-03,2022-03-30
O0004632,C01643,2022-10-02,2022,10,Q4,Clothing,1,72.28,0.23,55.66,Organic Search,Desktop,South West,1,2022-10,2022-10-02
O0004633,C01643,2022-11-03,2022,11,Q4,Home & Garden,3,114.58,0.0,343.75,Organic Search,Desktop,South West,1,2022-11,2022-11-03
O0004634,C01643,2024-06-12,2024,6,Q2,Home & Garden,4,123.25,0.04,473.28,Organic Search,Desktop,South West,1,2024-06,2024-06-12
O0004635,C01643,2024-10-24,2024,10,Q4,Electronics,4,85.94,0.0,343.76,Organic Search,Desktop,South West,1,2024-10,2024-10-24
O0004636,C01644,2023-04-02,2023,4,Q2,Clothing,3,52.83,0.17,131.54,Organic Search,Mobile,South East,0,2023-04,2023-04-02
O0004637,C01645,2024-11-22,2024,11,Q4,Beauty,2,50.77,0.0,101.54,Direct,Desktop,South East,0,2024-11,2024-11-22
O0004638,C01646,2024-06-30,2024,6,Q2,Electronics,3,230.95,0.0,692.86,Social Media,Mobile,North West,0,2024-06,2024-06-30
O0004639,C01647,2022-03-02,2022,3,Q1,Clothing,3,48.64,0.2,116.74,Email,Desktop,North East,0,2022-03,2022-03-02
O0004640,C01647,2022-06-23,2022,6,Q2,Clothing,1,30.24,0.0,30.24,Email,Desktop,North East,1,2022-06,2022-06-23
O0004641,C01647,2022-10-30,2022,10,Q4,Clothing,2,114.89,0.0,229.79,Email,Desktop,North East,1,2022-10,2022-10-30
O0004642,C01647,2022-12-20,2022,12,Q4,Clothing,3,107.81,0.17,268.44,Email,Desktop,North East,1,2022-12,2022-12-20
O0004643,C01647,2023-11-29,2023,11,Q4,Clothing,1,62.18,0.1,55.96,Email,Desktop,North East,1,2023-11,2023-11-29
O0004644,C01648,2024-12-07,2024,12,Q4,Beauty,3,50.59,0.21,119.91,Organic Search,Desktop,Wales,0,2024-12,2024-12-07
O0004645,C01649,2021-05-12,2021,5,Q2,Home & Garden,1,91.46,0.08,84.14,Organic Search,Mobile,London,0,2021-05,2021-05-12
O0004646,C01649,2024-08-03,2024,8,Q3,Electronics,1,9.35,0.0,9.35,Organic Search,Mobile,London,1,2024-08,2024-08-03
O0004647,C01651,2022-09-11,2022,9,Q3,Toys,2,24.93,0.09,45.38,Organic Search,Desktop,South East,0,2022-09,2022-09-11
O0004648,C01651,2023-08-04,2023,8,Q3,Home & Garden,1,74.41,0.04,71.43,Organic Search,Desktop,South East,1,2023-08,2023-08-04
O0004649,C01653,2022-01-09,2022,1,Q1,Electronics,2,70.93,0.15,120.58,Social Media,Mobile,Wales,0,2022-01,2022-01-09
O0004650,C01653,2023-03-23,2023,3,Q1,Electronics,2,90.07,0.07,167.52,Social Media,Mobile,Wales,1,2023-03,2023-03-23
O0004651,C01653,2023-04-24,2023,4,Q2,Electronics,2,91.83,0.21,145.09,Social Media,Mobile,Wales,1,2023-04,2023-04-24
O0004652,C01653,2024-05-19,2024,5,Q2,Electronics,4,129.14,0.0,516.57,Social Media,Mobile,Wales,1,2024-05,2024-05-19
O0004653,C01654,2022-05-05,2022,5,Q2,Toys,1,34.79,0.0,34.79,Organic Search,Mobile,Midlands,0,2022-05,2022-05-05
O0004654,C01656,2024-12-16,2024,12,Q4,Beauty,4,47.83,0.0,191.32,Organic Search,Mobile,South West,0,2024-12,2024-12-16
O0004655,C01656,2024-12-19,2024,12,Q4,Electronics,4,220.88,0.18,724.48,Organic Search,Mobile,South West,1,2024-12,2024-12-19
O0004656,C01656,2024-12-28,2024,12,Q4,Electronics,4,230.0,0.0,920.01,Organic Search,Mobile,South West,1,2024-12,2024-12-28
O0004657,C01657,2023-12-05,2023,12,Q4,Clothing,1,96.42,0.16,80.99,Direct,Tablet,North West,0,2023-12,2023-12-05
O0004658,C01658,2021-12-06,2021,12,Q4,Home & Garden,4,128.48,0.0,513.91,Direct,Desktop,London,0,2021-12,2021-12-06
O0004659,C01658,2023-08-18,2023,8,Q3,Clothing,2,91.78,0.23,141.34,Direct,Desktop,London,1,2023-08,2023-08-18
O0004660,C01658,2024-03-18,2024,3,Q1,Home & Garden,4,48.28,0.0,193.13,Direct,Desktop,London,1,2024-03,2024-03-18
O0004661,C01660,2022-03-20,2022,3,Q1,Beauty,3,52.9,0.23,122.19,Email,Mobile,South East,0,2022-03,2022-03-20
O0004662,C01660,2024-11-26,2024,11,Q4,Electronics,4,189.24,0.0,756.94,Email,Mobile,South East,1,2024-11,2024-11-26
O0004663,C01661,2023-11-17,2023,11,Q4,Electronics,1,194.45,0.0,194.45,Organic Search,Desktop,North East,0,2023-11,2023-11-17
O0004664,C01661,2024-04-27,2024,4,Q2,Electronics,4,156.19,0.21,493.56,Organic Search,Desktop,North East,1,2024-04,2024-04-27
O0004665,C01661,2024-07-04,2024,7,Q3,Sports,4,27.37,0.0,109.46,Organic Search,Desktop,North East,1,2024-07,2024-07-04
O0004666,C01661,2024-08-08,2024,8,Q3,Home & Garden,4,116.84,0.0,467.38,Organic Search,Desktop,North East,1,2024-08,2024-08-08
O0004667,C01661,2024-08-13,2024,8,Q3,Electronics,1,147.37,0.19,119.37,Organic Search,Desktop,North East,1,2024-08,2024-08-13
O0004668,C01661,2024-12-02,2024,12,Q4,Electronics,4,272.05,0.1,979.38,Organic Search,Desktop,North East,1,2024-12,2024-12-02
O0004669,C01661,2024-12-10,2024,12,Q4,Electronics,4,130.25,0.15,442.85,Organic Search,Desktop,North East,1,2024-12,2024-12-10
O0004670,C01661,2024-12-15,2024,12,Q4,Electronics,4,223.88,0.0,895.51,Organic Search,Desktop,North East,1,2024-12,2024-12-15
O0004671,C01662,2022-01-16,2022,1,Q1,Beauty,2,43.64,0.0,87.28,Organic Search,Desktop,Scotland,0,2022-01,2022-01-16
O0004672,C01662,2022-06-22,2022,6,Q2,Electronics,2,171.07,0.0,342.13,Organic Search,Desktop,Scotland,1,2022-06,2022-06-22
O0004673,C01662,2024-07-05,2024,7,Q3,Electronics,1,121.58,0.0,121.58,Organic Search,Desktop,Scotland,1,2024-07,2024-07-05
O0004674,C01663,2023-03-19,2023,3,Q1,Clothing,1,28.42,0.0,28.42,Organic Search,Tablet,North East,0,2023-03,2023-03-19
O0004675,C01663,2023-06-17,2023,6,Q2,Clothing,2,69.2,0.01,137.02,Organic Search,Tablet,North East,1,2023-06,2023-06-17
O0004676,C01663,2023-06-30,2023,6,Q2,Beauty,4,20.15,0.0,80.6,Organic Search,Tablet,North East,1,2023-06,2023-06-30
O0004677,C01664,2024-04-14,2024,4,Q2,Clothing,3,61.26,0.2,147.02,Paid Search,Mobile,North East,0,2024-04,2024-04-14
O0004678,C01664,2024-06-02,2024,6,Q2,Clothing,2,58.27,0.02,114.21,Paid Search,Mobile,North East,1,2024-06,2024-06-02
O0004679,C01664,2024-06-20,2024,6,Q2,Sports,1,73.89,0.0,73.89,Paid Search,Mobile,North East,1,2024-06,2024-06-20
O0004680,C01664,2024-07-09,2024,7,Q3,Clothing,4,92.24,0.04,354.21,Paid Search,Mobile,North East,1,2024-07,2024-07-09
O0004681,C01665,2024-04-09,2024,4,Q2,Clothing,2,37.01,0.0,74.02,Email,Mobile,North West,0,2024-04,2024-04-09
O0004682,C01667,2023-12-25,2023,12,Q4,Clothing,2,89.13,0.13,155.09,Paid Search,Mobile,Midlands,0,2023-12,2023-12-25
O0004683,C01668,2021-08-27,2021,8,Q3,Clothing,4,50.63,0.0,202.51,Social Media,Mobile,North East,0,2021-08,2021-08-27
O0004684,C01668,2022-10-08,2022,10,Q4,Clothing,3,55.5,0.22,129.87,Social Media,Mobile,North East,1,2022-10,2022-10-08
O0004685,C01668,2023-05-07,2023,5,Q2,Clothing,4,35.59,0.0,142.37,Social Media,Mobile,North East,1,2023-05,2023-05-07
O0004686,C01668,2024-02-02,2024,2,Q1,Clothing,3,31.7,0.0,95.1,Social Media,Mobile,North East,1,2024-02,2024-02-02
O0004687,C01668,2024-02-03,2024,2,Q1,Clothing,1,69.7,0.0,69.7,Social Media,Mobile,North East,1,2024-02,2024-02-03
O0004688,C01671,2022-03-20,2022,3,Q1,Clothing,2,55.92,0.0,111.85,Social Media,Desktop,London,0,2022-03,2022-03-20
O0004689,C01671,2023-03-04,2023,3,Q1,Clothing,2,60.32,0.0,120.63,Social Media,Desktop,London,1,2023-03,2023-03-04
O0004690,C01671,2023-04-15,2023,4,Q2,Clothing,2,50.69,0.06,95.29,Social Media,Desktop,London,1,2023-04,2023-04-15
O0004691,C01671,2024-07-20,2024,7,Q3,Clothing,4,70.76,0.03,274.54,Social Media,Desktop,London,1,2024-07,2024-07-20
O0004692,C01672,2023-08-03,2023,8,Q3,Electronics,3,113.23,0.07,315.92,Paid Search,Tablet,London,0,2023-08,2023-08-03
O0004693,C01672,2023-10-02,2023,10,Q4,Sports,1,54.2,0.03,52.57,Paid Search,Tablet,London,1,2023-10,2023-10-02
O0004694,C01672,2023-12-19,2023,12,Q4,Electronics,3,218.27,0.0,654.81,Paid Search,Tablet,London,1,2023-12,2023-12-19
O0004695,C01672,2024-01-21,2024,1,Q1,Electronics,2,109.27,0.0,218.54,Paid Search,Tablet,London,1,2024-01,2024-01-21
O0004696,C01672,2024-02-27,2024,2,Q1,Electronics,1,95.39,0.0,95.39,Paid Search,Tablet,London,1,2024-02,2024-02-27
O0004697,C01672,2024-04-02,2024,4,Q2,Electronics,2,133.13,0.0,266.25,Paid Search,Tablet,London,1,2024-04,2024-04-02
O0004698,C01672,2024-08-15,2024,8,Q3,Home & Garden,1,77.39,0.0,77.39,Paid Search,Tablet,London,1,2024-08,2024-08-15
O0004699,C01673,2024-11-19,2024,11,Q4,Home & Garden,4,107.46,0.17,356.77,Paid Search,Mobile,Scotland,0,2024-11,2024-11-19
O0004700,C01673,2024-12-08,2024,12,Q4,Beauty,2,65.81,0.0,131.62,Paid Search,Mobile,Scotland,1,2024-12,2024-12-08
O0004701,C01673,2024-12-30,2024,12,Q4,Beauty,3,77.13,0.0,231.39,Paid Search,Mobile,Scotland,1,2024-12,2024-12-30
O0004702,C01674,2023-04-06,2023,4,Q2,Clothing,3,41.05,0.21,97.29,Organic Search,Desktop,North West,0,2023-04,2023-04-06
O0004703,C01674,2024-02-07,2024,2,Q1,Toys,3,31.74,0.0,95.23,Organic Search,Desktop,North West,1,2024-02,2024-02-07
O0004704,C01674,2024-09-08,2024,9,Q3,Sports,3,80.29,0.0,240.88,Organic Search,Desktop,North West,1,2024-09,2024-09-08
O0004705,C01675,2022-06-18,2022,6,Q2,Clothing,3,69.62,0.09,190.07,Direct,Mobile,Yorkshire,0,2022-06,2022-06-18
O0004706,C01675,2022-09-12,2022,9,Q3,Clothing,1,70.11,0.0,70.11,Direct,Mobile,Yorkshire,1,2022-09,2022-09-12
O0004707,C01677,2023-12-22,2023,12,Q4,Sports,3,78.81,0.2,189.13,Email,Desktop,Scotland,0,2023-12,2023-12-22
O0004708,C01677,2024-05-11,2024,5,Q2,Sports,2,37.67,0.19,61.03,Email,Desktop,Scotland,1,2024-05,2024-05-11
O0004709,C01677,2024-06-12,2024,6,Q2,Home & Garden,4,83.63,0.0,334.51,Email,Desktop,Scotland,1,2024-06,2024-06-12
O0004710,C01679,2023-12-20,2023,12,Q4,Home & Garden,4,114.76,0.09,417.71,Paid Search,Desktop,Midlands,0,2023-12,2023-12-20
O0004711,C01679,2024-07-02,2024,7,Q3,Home & Garden,2,102.84,0.0,205.68,Paid Search,Desktop,Midlands,1,2024-07,2024-07-02
O0004712,C01680,2021-06-19,2021,6,Q2,Clothing,3,54.68,0.18,134.51,Email,Mobile,London,0,2021-06,2021-06-19
O0004713,C01680,2021-10-06,2021,10,Q4,Home & Garden,3,107.89,0.0,323.67,Email,Mobile,London,1,2021-10,2021-10-06
O0004714,C01680,2021-10-16,2021,10,Q4,Toys,1,32.7,0.0,32.7,Email,Mobile,London,1,2021-10,2021-10-16
O0004715,C01680,2021-12-09,2021,12,Q4,Beauty,3,53.69,0.0,161.06,Email,Mobile,London,1,2021-12,2021-12-09
O0004716,C01680,2022-08-18,2022,8,Q3,Clothing,4,48.3,0.08,177.76,Email,Mobile,London,1,2022-08,2022-08-18
O0004717,C01680,2023-08-20,2023,8,Q3,Clothing,4,50.7,0.0,202.8,Email,Mobile,London,1,2023-08,2023-08-20
O0004718,C01680,2023-10-26,2023,10,Q4,Beauty,4,33.57,0.05,127.58,Email,Mobile,London,1,2023-10,2023-10-26
O0004719,C01680,2023-11-11,2023,11,Q4,Clothing,1,81.8,0.0,81.8,Email,Mobile,London,1,2023-11,2023-11-11
O0004720,C01680,2023-11-22,2023,11,Q4,Clothing,4,83.99,0.0,335.98,Email,Mobile,London,1,2023-11,2023-11-22
O0004721,C01681,2023-10-21,2023,10,Q4,Electronics,3,231.56,0.0,694.67,Social Media,Mobile,South East,0,2023-10,2023-10-21
O0004722,C01681,2023-10-30,2023,10,Q4,Clothing,3,49.91,0.0,149.74,Social Media,Mobile,South East,1,2023-10,2023-10-30
O0004723,C01681,2024-01-04,2024,1,Q1,Clothing,4,75.21,0.18,246.68,Social Media,Mobile,South East,1,2024-01,2024-01-04
O0004724,C01682,2024-01-25,2024,1,Q1,Electronics,1,174.81,0.0,174.81,Organic Search,Tablet,Scotland,0,2024-01,2024-01-25
O0004725,C01682,2024-02-17,2024,2,Q1,Electronics,1,83.49,0.0,83.49,Organic Search,Tablet,Scotland,1,2024-02,2024-02-17
O0004726,C01682,2024-03-16,2024,3,Q1,Electronics,4,199.96,0.0,799.86,Organic Search,Tablet,Scotland,1,2024-03,2024-03-16
O0004727,C01682,2024-04-24,2024,4,Q2,Electronics,2,192.46,0.1,346.43,Organic Search,Tablet,Scotland,1,2024-04,2024-04-24
O0004728,C01682,2024-06-10,2024,6,Q2,Clothing,3,30.3,0.0,90.89,Organic Search,Tablet,Scotland,1,2024-06,2024-06-10
O0004729,C01682,2024-06-25,2024,6,Q2,Beauty,4,51.8,0.0,207.21,Organic Search,Tablet,Scotland,1,2024-06,2024-06-25
O0004730,C01682,2024-07-15,2024,7,Q3,Electronics,1,69.75,0.13,60.68,Organic Search,Tablet,Scotland,1,2024-07,2024-07-15
O0004731,C01682,2024-08-27,2024,8,Q3,Electronics,3,111.2,0.05,316.91,Organic Search,Tablet,Scotland,1,2024-08,2024-08-27
O0004732,C01682,2024-08-31,2024,8,Q3,Electronics,2,174.13,0.13,302.98,Organic Search,Tablet,Scotland,1,2024-08,2024-08-31
O0004733,C01683,2023-09-04,2023,9,Q3,Sports,1,86.03,0.0,86.03,Paid Search,Mobile,Scotland,0,2023-09,2023-09-04
O0004734,C01683,2024-02-10,2024,2,Q1,Home & Garden,4,66.96,0.0,267.82,Paid Search,Mobile,Scotland,1,2024-02,2024-02-10
O0004735,C01683,2024-06-05,2024,6,Q2,Clothing,2,72.59,0.0,145.18,Paid Search,Mobile,Scotland,1,2024-06,2024-06-05
O0004736,C01683,2024-10-03,2024,10,Q4,Home & Garden,1,55.05,0.0,55.05,Paid Search,Mobile,Scotland,1,2024-10,2024-10-03
O0004737,C01684,2024-12-04,2024,12,Q4,Clothing,3,88.82,0.0,266.45,Organic Search,Mobile,South West,0,2024-12,2024-12-04
O0004738,C01685,2024-07-23,2024,7,Q3,Beauty,4,28.46,0.0,113.85,Referral,Mobile,London,0,2024-07,2024-07-23
O0004739,C01685,2024-08-17,2024,8,Q3,Beauty,1,16.72,0.0,16.72,Referral,Mobile,London,1,2024-08,2024-08-17
O0004740,C01685,2024-08-26,2024,8,Q3,Beauty,1,45.99,0.0,45.99,Referral,Mobile,London,1,2024-08,2024-08-26
O0004741,C01685,2024-09-21,2024,9,Q3,Beauty,4,47.95,0.0,191.81,Referral,Mobile,London,1,2024-09,2024-09-21
O0004742,C01685,2024-10-04,2024,10,Q4,Beauty,1,51.56,0.0,51.56,Referral,Mobile,London,1,2024-10,2024-10-04
O0004743,C01685,2024-10-09,2024,10,Q4,Beauty,3,42.68,0.0,128.03,Referral,Mobile,London,1,2024-10,2024-10-09
O0004744,C01685,2024-11-08,2024,11,Q4,Beauty,3,57.39,0.0,172.18,Referral,Mobile,London,1,2024-11,2024-11-08
O0004745,C01685,2024-11-26,2024,11,Q4,Clothing,3,69.54,0.0,208.61,Referral,Mobile,London,1,2024-11,2024-11-26
O0004746,C01685,2024-12-14,2024,12,Q4,Sports,2,88.77,0.0,177.54,Referral,Mobile,London,1,2024-12,2024-12-14
O0004747,C01685,2024-12-18,2024,12,Q4,Beauty,1,57.66,0.0,57.66,Referral,Mobile,London,1,2024-12,2024-12-18
O0004748,C01687,2023-08-26,2023,8,Q3,Toys,2,14.71,0.0,29.43,Email,Mobile,Wales,0,2023-08,2023-08-26
O0004749,C01687,2024-02-26,2024,2,Q1,Clothing,1,51.66,0.0,51.66,Email,Mobile,Wales,1,2024-02,2024-02-26
O0004750,C01688,2022-06-26,2022,6,Q2,Clothing,1,55.17,0.01,54.62,Organic Search,Desktop,Midlands,0,2022-06,2022-06-26
O0004751,C01688,2023-01-30,2023,1,Q1,Clothing,1,69.94,0.11,62.24,Organic Search,Desktop,Midlands,1,2023-01,2023-01-30
O0004752,C01688,2023-05-22,2023,5,Q2,Clothing,4,63.73,0.0,254.92,Organic Search,Desktop,Midlands,1,2023-05,2023-05-22
O0004753,C01688,2023-07-18,2023,7,Q3,Clothing,2,35.2,0.0,70.4,Organic Search,Desktop,Midlands,1,2023-07,2023-07-18
O0004754,C01688,2023-07-24,2023,7,Q3,Clothing,2,69.01,0.15,117.32,Organic Search,Desktop,Midlands,1,2023-07,2023-07-24
O0004755,C01689,2023-09-08,2023,9,Q3,Electronics,2,146.34,0.0,292.69,Social Media,Mobile,Scotland,0,2023-09,2023-09-08
O0004756,C01689,2024-07-07,2024,7,Q3,Sports,2,65.71,0.0,131.41,Social Media,Mobile,Scotland,1,2024-07,2024-07-07
O0004757,C01689,2024-11-11,2024,11,Q4,Home & Garden,4,101.13,0.0,404.52,Social Media,Mobile,Scotland,1,2024-11,2024-11-11
O0004758,C01690,2022-12-09,2022,12,Q4,Electronics,1,192.35,0.0,192.35,Paid Search,Mobile,North West,0,2022-12,2022-12-09
O0004759,C01692,2022-04-11,2022,4,Q2,Clothing,1,68.95,0.14,59.3,Email,Desktop,South East,0,2022-04,2022-04-11
O0004760,C01692,2023-03-22,2023,3,Q1,Clothing,4,49.08,0.0,196.31,Email,Desktop,South East,1,2023-03,2023-03-22
O0004761,C01692,2023-07-31,2023,7,Q3,Clothing,1,89.73,0.0,89.73,Email,Desktop,South East,1,2023-07,2023-07-31
O0004762,C01692,2024-01-07,2024,1,Q1,Home & Garden,1,63.13,0.0,63.13,Email,Desktop,South East,1,2024-01,2024-01-07
O0004763,C01692,2024-01-15,2024,1,Q1,Clothing,1,62.76,0.12,55.23,Email,Desktop,South East,1,2024-01,2024-01-15
O0004764,C01692,2024-01-18,2024,1,Q1,Clothing,3,29.0,0.0,87.0,Email,Desktop,South East,1,2024-01,2024-01-18
O0004765,C01692,2024-04-21,2024,4,Q2,Electronics,4,76.86,0.18,252.11,Email,Desktop,South East,1,2024-04,2024-04-21
O0004766,C01692,2024-11-06,2024,11,Q4,Home & Garden,3,101.9,0.0,305.71,Email,Desktop,South East,1,2024-11,2024-11-06
O0004767,C01693,2023-07-28,2023,7,Q3,Electronics,1,197.58,0.09,179.8,Organic Search,Mobile,North West,0,2023-07,2023-07-28
O0004768,C01693,2023-12-26,2023,12,Q4,Clothing,1,97.57,0.0,97.57,Organic Search,Mobile,North West,1,2023-12,2023-12-26
O0004769,C01694,2022-05-14,2022,5,Q2,Electronics,4,133.84,0.0,535.35,Paid Search,Tablet,North East,0,2022-05,2022-05-14
O0004770,C01694,2023-02-08,2023,2,Q1,Beauty,3,19.95,0.0,59.85,Paid Search,Tablet,North East,1,2023-02,2023-02-08
O0004771,C01694,2023-05-24,2023,5,Q2,Electronics,2,170.72,0.21,269.74,Paid Search,Tablet,North East,1,2023-05,2023-05-24
O0004772,C01694,2024-09-05,2024,9,Q3,Sports,2,70.88,0.2,113.41,Paid Search,Tablet,North East,1,2024-09,2024-09-05
O0004773,C01695,2024-09-04,2024,9,Q3,Clothing,1,59.1,0.0,59.1,Paid Search,Mobile,London,0,2024-09,2024-09-04
O0004774,C01696,2024-08-25,2024,8,Q3,Electronics,3,153.56,0.0,460.69,Paid Search,Mobile,Scotland,0,2024-08,2024-08-25
O0004775,C01696,2024-09-06,2024,9,Q3,Electronics,1,168.29,0.09,153.15,Paid Search,Mobile,Scotland,1,2024-09,2024-09-06
O0004776,C01696,2024-10-18,2024,10,Q4,Electronics,4,127.32,0.0,509.28,Paid Search,Mobile,Scotland,1,2024-10,2024-10-18
O0004777,C01696,2024-10-19,2024,10,Q4,Electronics,1,122.55,0.0,122.55,Paid Search,Mobile,Scotland,1,2024-10,2024-10-19
O0004778,C01696,2024-12-18,2024,12,Q4,Electronics,3,273.41,0.0,820.23,Paid Search,Mobile,Scotland,1,2024-12,2024-12-18
O0004779,C01697,2021-10-20,2021,10,Q4,Clothing,2,47.38,0.0,94.77,Organic Search,Desktop,Yorkshire,0,2021-10,2021-10-20
O0004780,C01697,2022-02-23,2022,2,Q1,Toys,1,40.8,0.0,40.8,Organic Search,Desktop,Yorkshire,1,2022-02,2022-02-23
O0004781,C01697,2023-11-22,2023,11,Q4,Toys,1,41.45,0.06,38.97,Organic Search,Desktop,Yorkshire,1,2023-11,2023-11-22
O0004782,C01697,2024-09-05,2024,9,Q3,Electronics,1,29.51,0.0,29.51,Organic Search,Desktop,Yorkshire,1,2024-09,2024-09-05
O0004783,C01698,2023-10-03,2023,10,Q4,Books,2,24.02,0.0,48.04,Referral,Mobile,South East,0,2023-10,2023-10-03
O0004784,C01700,2024-02-04,2024,2,Q1,Sports,3,41.57,0.0,124.7,Email,Mobile,Scotland,0,2024-02,2024-02-04
O0004785,C01700,2024-05-30,2024,5,Q2,Sports,4,21.24,0.0,84.96,Email,Mobile,Scotland,1,2024-05,2024-05-30
O0004786,C01700,2024-08-11,2024,8,Q3,Electronics,1,159.47,0.0,159.47,Email,Mobile,Scotland,1,2024-08,2024-08-11
O0004787,C01700,2024-10-17,2024,10,Q4,Sports,4,56.72,0.21,179.23,Email,Mobile,Scotland,1,2024-10,2024-10-17
O0004788,C01700,2024-10-26,2024,10,Q4,Electronics,2,158.38,0.21,250.25,Email,Mobile,Scotland,1,2024-10,2024-10-26
O0004789,C01700,2024-12-06,2024,12,Q4,Electronics,4,219.68,0.12,773.27,Email,Mobile,Scotland,1,2024-12,2024-12-06
O0004790,C01701,2021-01-14,2021,1,Q1,Sports,1,42.5,0.19,34.43,Organic Search,Mobile,North West,0,2021-01,2021-01-14
O0004791,C01701,2021-03-24,2021,3,Q1,Electronics,4,158.77,0.14,546.17,Organic Search,Mobile,North West,1,2021-03,2021-03-24
O0004792,C01701,2021-05-07,2021,5,Q2,Electronics,4,89.62,0.13,311.89,Organic Search,Mobile,North West,1,2021-05,2021-05-07
O0004793,C01701,2022-11-01,2022,11,Q4,Electronics,2,170.0,0.06,319.6,Organic Search,Mobile,North West,1,2022-11,2022-11-01
O0004794,C01701,2023-01-23,2023,1,Q1,Electronics,2,75.17,0.0,150.34,Organic Search,Mobile,North West,1,2023-01,2023-01-23
O0004795,C01701,2023-04-13,2023,4,Q2,Sports,1,72.09,0.0,72.09,Organic Search,Mobile,North West,1,2023-04,2023-04-13
O0004796,C01702,2022-06-06,2022,6,Q2,Beauty,3,26.05,0.0,78.15,Organic Search,Mobile,Midlands,0,2022-06,2022-06-06
O0004797,C01702,2024-05-06,2024,5,Q2,Beauty,1,16.83,0.04,16.16,Organic Search,Mobile,Midlands,1,2024-05,2024-05-06
O0004798,C01703,2022-08-08,2022,8,Q3,Beauty,1,27.44,0.0,27.44,Email,Desktop,London,0,2022-08,2022-08-08
O0004799,C01703,2022-08-20,2022,8,Q3,Beauty,1,19.78,0.23,15.23,Email,Desktop,London,1,2022-08,2022-08-20
O0004800,C01703,2024-08-29,2024,8,Q3,Sports,2,48.75,0.0,97.51,Email,Desktop,London,1,2024-08,2024-08-29
O0004801,C01706,2023-12-13,2023,12,Q4,Sports,3,71.85,0.0,215.54,Paid Search,Mobile,Scotland,0,2023-12,2023-12-13
O0004802,C01706,2024-04-04,2024,4,Q2,Sports,2,44.0,0.03,85.36,Paid Search,Mobile,Scotland,1,2024-04,2024-04-04
O0004803,C01706,2024-05-10,2024,5,Q2,Sports,2,47.34,0.13,82.36,Paid Search,Mobile,Scotland,1,2024-05,2024-05-10
O0004804,C01706,2024-05-13,2024,5,Q2,Clothing,3,80.21,0.08,221.37,Paid Search,Mobile,Scotland,1,2024-05,2024-05-13
O0004805,C01706,2024-06-09,2024,6,Q2,Sports,1,41.1,0.0,41.1,Paid Search,Mobile,Scotland,1,2024-06,2024-06-09
O0004806,C01706,2024-09-21,2024,9,Q3,Electronics,3,175.81,0.2,421.95,Paid Search,Mobile,Scotland,1,2024-09,2024-09-21
O0004807,C01706,2024-09-28,2024,9,Q3,Sports,2,39.16,0.17,65.01,Paid Search,Mobile,Scotland,1,2024-09,2024-09-28
O0004808,C01707,2021-06-27,2021,6,Q2,Electronics,1,161.87,0.0,161.87,Paid Search,Desktop,Yorkshire,0,2021-06,2021-06-27
O0004809,C01707,2023-04-04,2023,4,Q2,Home & Garden,3,66.89,0.0,200.68,Paid Search,Desktop,Yorkshire,1,2023-04,2023-04-04
O0004810,C01707,2023-10-21,2023,10,Q4,Sports,3,75.18,0.12,198.47,Paid Search,Desktop,Yorkshire,1,2023-10,2023-10-21
O0004811,C01709,2021-04-09,2021,4,Q2,Sports,3,57.35,0.24,130.75,Email,Mobile,London,0,2021-04,2021-04-09
O0004812,C01709,2021-04-25,2021,4,Q2,Sports,4,52.15,0.0,208.59,Email,Mobile,London,1,2021-04,2021-04-25
O0004813,C01709,2021-05-13,2021,5,Q2,Sports,1,62.22,0.21,49.16,Email,Mobile,London,1,2021-05,2021-05-13
O0004814,C01709,2021-10-21,2021,10,Q4,Sports,1,47.12,0.0,47.12,Email,Mobile,London,1,2021-10,2021-10-21
O0004815,C01709,2022-05-10,2022,5,Q2,Home & Garden,4,72.41,0.0,289.63,Email,Mobile,London,1,2022-05,2022-05-10
O0004816,C01709,2022-06-25,2022,6,Q2,Home & Garden,1,85.09,0.0,85.09,Email,Mobile,London,1,2022-06,2022-06-25
O0004817,C01709,2024-04-06,2024,4,Q2,Sports,1,32.45,0.0,32.45,Email,Mobile,London,1,2024-04,2024-04-06
O0004818,C01709,2024-09-14,2024,9,Q3,Sports,4,34.31,0.05,130.37,Email,Mobile,London,1,2024-09,2024-09-14
O0004819,C01709,2024-11-18,2024,11,Q4,Sports,1,89.91,0.0,89.91,Email,Mobile,London,1,2024-11,2024-11-18
O0004820,C01710,2023-10-29,2023,10,Q4,Electronics,2,191.35,0.0,382.7,Email,Mobile,Scotland,0,2023-10,2023-10-29
O0004821,C01710,2023-12-16,2023,12,Q4,Electronics,2,290.69,0.0,581.38,Email,Mobile,Scotland,1,2023-12,2023-12-16
O0004822,C01710,2024-02-27,2024,2,Q1,Electronics,2,112.76,0.21,178.16,Email,Mobile,Scotland,1,2024-02,2024-02-27
O0004823,C01710,2024-03-24,2024,3,Q1,Electronics,3,60.76,0.21,143.99,Email,Mobile,Scotland,1,2024-03,2024-03-24
O0004824,C01710,2024-04-13,2024,4,Q2,Electronics,1,143.04,0.19,115.87,Email,Mobile,Scotland,1,2024-04,2024-04-13
O0004825,C01710,2024-11-26,2024,11,Q4,Electronics,4,222.24,0.0,888.96,Email,Mobile,Scotland,1,2024-11,2024-11-26
O0004826,C01711,2024-08-24,2024,8,Q3,Home & Garden,4,56.0,0.05,212.81,Email,Mobile,Scotland,0,2024-08,2024-08-24
O0004827,C01713,2024-04-19,2024,4,Q2,Home & Garden,3,119.82,0.0,359.47,Social Media,Mobile,North West,0,2024-04,2024-04-19
O0004828,C01713,2024-05-11,2024,5,Q2,Home & Garden,2,102.37,0.19,165.85,Social Media,Mobile,North West,1,2024-05,2024-05-11
O0004829,C01713,2024-10-10,2024,10,Q4,Home & Garden,3,93.7,0.0,281.11,Social Media,Mobile,North West,1,2024-10,2024-10-10
O0004830,C01713,2024-12-14,2024,12,Q4,Electronics,3,265.05,0.12,699.74,Social Media,Mobile,North West,1,2024-12,2024-12-14
O0004831,C01714,2021-08-06,2021,8,Q3,Electronics,1,152.62,0.0,152.62,Email,Tablet,Yorkshire,0,2021-08,2021-08-06
O0004832,C01714,2021-08-30,2021,8,Q3,Electronics,3,145.35,0.0,436.06,Email,Tablet,Yorkshire,1,2021-08,2021-08-30
O0004833,C01714,2021-11-24,2021,11,Q4,Electronics,3,189.39,0.13,494.31,Email,Tablet,Yorkshire,1,2021-11,2021-11-24
O0004834,C01714,2022-06-17,2022,6,Q2,Electronics,3,141.59,0.0,424.77,Email,Tablet,Yorkshire,1,2022-06,2022-06-17
O0004835,C01714,2024-02-03,2024,2,Q1,Books,2,17.91,0.13,31.16,Email,Tablet,Yorkshire,1,2024-02,2024-02-03
O0004836,C01714,2024-09-11,2024,9,Q3,Beauty,4,39.91,0.13,138.88,Email,Tablet,Yorkshire,1,2024-09,2024-09-11
O0004837,C01715,2023-03-12,2023,3,Q1,Clothing,4,48.63,0.0,194.53,Direct,Mobile,Scotland,0,2023-03,2023-03-12
O0004838,C01715,2023-07-21,2023,7,Q3,Electronics,2,45.05,0.0,90.1,Direct,Mobile,Scotland,1,2023-07,2023-07-21
O0004839,C01716,2023-04-15,2023,4,Q2,Electronics,3,209.69,0.0,629.07,Paid Search,Mobile,Wales,0,2023-04,2023-04-15
O0004840,C01716,2023-11-25,2023,11,Q4,Beauty,4,52.3,0.0,209.21,Paid Search,Mobile,Wales,1,2023-11,2023-11-25
O0004841,C01716,2024-08-20,2024,8,Q3,Clothing,4,52.86,0.0,211.42,Paid Search,Mobile,Wales,1,2024-08,2024-08-20
O0004842,C01717,2023-05-07,2023,5,Q2,Sports,3,34.41,0.0,103.24,Email,Mobile,Scotland,0,2023-05,2023-05-07
O0004843,C01717,2024-12-09,2024,12,Q4,Clothing,2,100.03,0.0,200.06,Email,Mobile,Scotland,1,2024-12,2024-12-09
O0004844,C01718,2023-03-12,2023,3,Q1,Toys,1,43.11,0.0,43.11,Organic Search,Mobile,North West,0,2023-03,2023-03-12
O0004845,C01718,2023-07-26,2023,7,Q3,Toys,2,42.29,0.0,84.58,Organic Search,Mobile,North West,1,2023-07,2023-07-26
O0004846,C01719,2023-12-10,2023,12,Q4,Books,1,35.31,0.0,35.31,Paid Search,Desktop,London,0,2023-12,2023-12-10
O0004847,C01720,2022-11-13,2022,11,Q4,Electronics,4,201.8,0.13,702.26,Organic Search,Desktop,Scotland,0,2022-11,2022-11-13
O0004848,C01720,2023-02-06,2023,2,Q1,Electronics,3,39.25,0.0,117.74,Organic Search,Desktop,Scotland,1,2023-02,2023-02-06
O0004849,C01721,2022-08-04,2022,8,Q3,Home & Garden,4,61.55,0.13,214.18,Organic Search,Desktop,London,0,2022-08,2022-08-04
O0004850,C01721,2022-11-11,2022,11,Q4,Home & Garden,3,134.82,0.0,404.45,Organic Search,Desktop,London,1,2022-11,2022-11-11
O0004851,C01722,2024-02-14,2024,2,Q1,Sports,2,36.53,0.0,73.06,Email,Mobile,South West,0,2024-02,2024-02-14
O0004852,C01722,2024-10-14,2024,10,Q4,Home & Garden,1,86.0,0.23,66.22,Email,Mobile,South West,1,2024-10,2024-10-14
O0004853,C01722,2024-12-25,2024,12,Q4,Sports,1,89.13,0.0,89.13,Email,Mobile,South West,1,2024-12,2024-12-25
O0004854,C01723,2022-12-13,2022,12,Q4,Home & Garden,2,151.46,0.0,302.93,Paid Search,Mobile,North West,0,2022-12,2022-12-13
O0004855,C01724,2022-01-05,2022,1,Q1,Electronics,4,154.12,0.0,616.46,Paid Search,Mobile,London,0,2022-01,2022-01-05
O0004856,C01724,2024-09-21,2024,9,Q3,Clothing,4,55.65,0.0,222.62,Paid Search,Mobile,London,1,2024-09,2024-09-21
O0004857,C01725,2024-09-16,2024,9,Q3,Clothing,1,104.34,0.04,100.16,Organic Search,Desktop,North West,0,2024-09,2024-09-16
O0004858,C01725,2024-10-29,2024,10,Q4,Clothing,4,44.23,0.14,152.16,Organic Search,Desktop,North West,1,2024-10,2024-10-29
O0004859,C01726,2021-12-16,2021,12,Q4,Electronics,4,238.31,0.0,953.22,Paid Search,Mobile,Yorkshire,0,2021-12,2021-12-16
O0004860,C01726,2022-06-13,2022,6,Q2,Beauty,4,46.91,0.0,187.63,Paid Search,Mobile,Yorkshire,1,2022-06,2022-06-13
O0004861,C01727,2024-06-19,2024,6,Q2,Clothing,1,79.17,0.15,67.29,Organic Search,Desktop,North West,0,2024-06,2024-06-19
O0004862,C01727,2024-09-07,2024,9,Q3,Home & Garden,1,68.57,0.02,67.2,Organic Search,Desktop,North West,1,2024-09,2024-09-07
O0004863,C01729,2023-02-24,2023,2,Q1,Books,1,11.77,0.0,11.77,Paid Search,Desktop,South West,0,2023-02,2023-02-24
O0004864,C01729,2023-03-16,2023,3,Q1,Books,4,30.36,0.0,121.45,Paid Search,Desktop,South West,1,2023-03,2023-03-16
O0004865,C01729,2023-10-26,2023,10,Q4,Books,4,32.38,0.0,129.51,Paid Search,Desktop,South West,1,2023-10,2023-10-26
O0004866,C01729,2024-04-09,2024,4,Q2,Books,3,23.15,0.06,65.27,Paid Search,Desktop,South West,1,2024-04,2024-04-09
O0004867,C01729,2024-09-16,2024,9,Q3,Books,3,27.29,0.0,81.86,Paid Search,Desktop,South West,1,2024-09,2024-09-16
O0004868,C01730,2023-08-12,2023,8,Q3,Beauty,4,41.7,0.06,156.8,Direct,Mobile,Midlands,0,2023-08,2023-08-12
O0004869,C01731,2022-12-08,2022,12,Q4,Sports,2,83.73,0.0,167.46,Paid Search,Mobile,Scotland,0,2022-12,2022-12-08
O0004870,C01731,2022-12-11,2022,12,Q4,Clothing,3,95.24,0.1,257.15,Paid Search,Mobile,Scotland,1,2022-12,2022-12-11
O0004871,C01731,2023-02-02,2023,2,Q1,Books,4,17.61,0.09,64.11,Paid Search,Mobile,Scotland,1,2023-02,2023-02-02
O0004872,C01731,2023-03-22,2023,3,Q1,Books,2,18.26,0.12,32.14,Paid Search,Mobile,Scotland,1,2023-03,2023-03-22
O0004873,C01731,2024-12-29,2024,12,Q4,Clothing,1,106.7,0.0,106.7,Paid Search,Mobile,Scotland,1,2024-12,2024-12-29
O0004874,C01733,2024-06-11,2024,6,Q2,Home & Garden,2,79.27,0.06,149.02,Paid Search,Mobile,South East,0,2024-06,2024-06-11
O0004875,C01734,2023-04-29,2023,4,Q2,Beauty,1,58.96,0.1,53.06,Organic Search,Desktop,South West,0,2023-04,2023-04-29
O0004876,C01734,2024-04-08,2024,4,Q2,Beauty,1,65.7,0.0,65.7,Organic Search,Desktop,South West,1,2024-04,2024-04-08
O0004877,C01734,2024-09-10,2024,9,Q3,Beauty,2,37.49,0.0,74.98,Organic Search,Desktop,South West,1,2024-09,2024-09-10
O0004878,C01734,2024-11-30,2024,11,Q4,Beauty,4,45.72,0.0,182.88,Organic Search,Desktop,South West,1,2024-11,2024-11-30
O0004879,C01735,2023-08-31,2023,8,Q3,Beauty,1,16.13,0.0,16.13,Social Media,Mobile,Wales,0,2023-08,2023-08-31
O0004880,C01735,2023-09-13,2023,9,Q3,Beauty,3,31.06,0.04,89.44,Social Media,Mobile,Wales,1,2023-09,2023-09-13
O0004881,C01735,2024-11-17,2024,11,Q4,Clothing,4,69.43,0.0,277.71,Social Media,Mobile,Wales,1,2024-11,2024-11-17
O0004882,C01736,2023-09-14,2023,9,Q3,Clothing,2,69.02,0.0,138.05,Email,Mobile,Yorkshire,0,2023-09,2023-09-14
O0004883,C01737,2024-05-09,2024,5,Q2,Beauty,1,40.82,0.24,31.02,Direct,Desktop,London,0,2024-05,2024-05-09
O0004884,C01737,2024-07-04,2024,7,Q3,Clothing,1,31.24,0.0,31.24,Direct,Desktop,London,1,2024-07,2024-07-04
O0004885,C01737,2024-11-25,2024,11,Q4,Books,1,39.42,0.0,39.42,Direct,Desktop,London,1,2024-11,2024-11-25
O0004886,C01738,2023-06-29,2023,6,Q2,Books,3,14.74,0.0,44.23,Email,Desktop,North West,0,2023-06,2023-06-29
O0004887,C01739,2023-05-28,2023,5,Q2,Clothing,1,75.68,0.0,75.68,Social Media,Desktop,Midlands,0,2023-05,2023-05-28
O0004888,C01739,2024-12-28,2024,12,Q4,Clothing,2,117.2,0.0,234.41,Social Media,Desktop,Midlands,1,2024-12,2024-12-28
O0004889,C01740,2024-08-11,2024,8,Q3,Electronics,1,145.11,0.24,110.28,Paid Search,Mobile,Wales,0,2024-08,2024-08-11
O0004890,C01741,2024-08-27,2024,8,Q3,Electronics,3,168.36,0.0,505.07,Organic Search,Mobile,South East,0,2024-08,2024-08-27
O0004891,C01742,2023-10-06,2023,10,Q4,Sports,1,76.27,0.0,76.27,Social Media,Mobile,London,0,2023-10,2023-10-06
O0004892,C01742,2024-06-12,2024,6,Q2,Electronics,2,226.79,0.0,453.59,Social Media,Mobile,London,1,2024-06,2024-06-12
O0004893,C01743,2024-09-05,2024,9,Q3,Electronics,2,107.3,0.17,178.12,Direct,Mobile,North East,0,2024-09,2024-09-05
O0004894,C01744,2024-04-18,2024,4,Q2,Toys,1,17.08,0.0,17.08,Email,Mobile,Wales,0,2024-04,2024-04-18
O0004895,C01744,2024-05-27,2024,5,Q2,Toys,2,33.31,0.13,57.97,Email,Mobile,Wales,1,2024-05,2024-05-27
O0004896,C01744,2024-08-04,2024,8,Q3,Toys,2,15.18,0.0,30.36,Email,Mobile,Wales,1,2024-08,2024-08-04
O0004897,C01744,2024-10-10,2024,10,Q4,Sports,3,54.1,0.0,162.3,Email,Mobile,Wales,1,2024-10,2024-10-10
O0004898,C01744,2024-12-12,2024,12,Q4,Electronics,1,192.47,0.0,192.47,Email,Mobile,Wales,1,2024-12,2024-12-12
O0004899,C01745,2024-12-17,2024,12,Q4,Clothing,3,49.72,0.0,149.16,Email,Mobile,North West,0,2024-12,2024-12-17
O0004900,C01745,2024-12-30,2024,12,Q4,Clothing,1,91.45,0.0,91.45,Email,Mobile,North West,1,2024-12,2024-12-30
O0004901,C01746,2024-11-30,2024,11,Q4,Clothing,3,80.83,0.0,242.49,Organic Search,Mobile,North West,0,2024-11,2024-11-30
O0004902,C01749,2021-01-21,2021,1,Q1,Books,4,18.7,0.12,65.82,Direct,Desktop,South East,0,2021-01,2021-01-21
O0004903,C01749,2022-01-23,2022,1,Q1,Books,2,25.95,0.0,51.89,Direct,Desktop,South East,1,2022-01,2022-01-23
O0004904,C01751,2022-05-20,2022,5,Q2,Home & Garden,3,54.45,0.0,163.34,Paid Search,Desktop,London,0,2022-05,2022-05-20
O0004905,C01751,2022-12-05,2022,12,Q4,Home & Garden,2,149.34,0.12,262.83,Paid Search,Desktop,London,1,2022-12,2022-12-05
O0004906,C01751,2023-09-27,2023,9,Q3,Home & Garden,2,87.52,0.0,175.05,Paid Search,Desktop,London,1,2023-09,2023-09-27
O0004907,C01751,2024-04-26,2024,4,Q2,Electronics,4,52.42,0.12,184.52,Paid Search,Desktop,London,1,2024-04,2024-04-26
O0004908,C01751,2024-10-13,2024,10,Q4,Home & Garden,2,92.96,0.16,156.17,Paid Search,Desktop,London,1,2024-10,2024-10-13
O0004909,C01752,2023-05-10,2023,5,Q2,Beauty,1,36.86,0.0,36.86,Direct,Mobile,Scotland,0,2023-05,2023-05-10
O0004910,C01752,2024-05-08,2024,5,Q2,Sports,1,30.97,0.0,30.97,Direct,Mobile,Scotland,1,2024-05,2024-05-08
O0004911,C01753,2021-09-17,2021,9,Q3,Electronics,4,153.05,0.0,612.22,Email,Mobile,North West,0,2021-09,2021-09-17
O0004912,C01753,2021-12-23,2021,12,Q4,Beauty,1,50.34,0.09,45.81,Email,Mobile,North West,1,2021-12,2021-12-23
O0004913,C01753,2023-05-23,2023,5,Q2,Clothing,1,60.74,0.02,59.53,Email,Mobile,North West,1,2023-05,2023-05-23
O0004914,C01753,2023-06-13,2023,6,Q2,Clothing,2,61.04,0.0,122.08,Email,Mobile,North West,1,2023-06,2023-06-13
O0004915,C01753,2023-07-16,2023,7,Q3,Clothing,4,41.14,0.09,149.75,Email,Mobile,North West,1,2023-07,2023-07-16
O0004916,C01753,2023-10-01,2023,10,Q4,Books,2,18.68,0.0,37.35,Email,Mobile,North West,1,2023-10,2023-10-01
O0004917,C01753,2023-12-05,2023,12,Q4,Electronics,2,270.91,0.0,541.81,Email,Mobile,North West,1,2023-12,2023-12-05
O0004918,C01753,2024-04-01,2024,4,Q2,Clothing,2,64.79,0.0,129.58,Email,Mobile,North West,1,2024-04,2024-04-01
O0004919,C01753,2024-12-25,2024,12,Q4,Home & Garden,2,151.92,0.24,230.91,Email,Mobile,North West,1,2024-12,2024-12-25
O0004920,C01754,2022-05-20,2022,5,Q2,Toys,2,22.45,0.0,44.91,Organic Search,Mobile,London,0,2022-05,2022-05-20
O0004921,C01754,2023-01-29,2023,1,Q1,Toys,1,25.96,0.0,25.96,Organic Search,Mobile,London,1,2023-01,2023-01-29
O0004922,C01754,2023-02-11,2023,2,Q1,Electronics,4,115.09,0.0,460.35,Organic Search,Mobile,London,1,2023-02,2023-02-11
O0004923,C01754,2023-10-07,2023,10,Q4,Electronics,3,125.04,0.0,375.13,Organic Search,Mobile,London,1,2023-10,2023-10-07
O0004924,C01754,2024-01-06,2024,1,Q1,Toys,4,16.68,0.0,66.71,Organic Search,Mobile,London,1,2024-01,2024-01-06
O0004925,C01754,2024-05-13,2024,5,Q2,Electronics,1,104.05,0.0,104.05,Organic Search,Mobile,London,1,2024-05,2024-05-13
O0004926,C01754,2024-06-03,2024,6,Q2,Electronics,3,160.66,0.25,361.49,Organic Search,Mobile,London,1,2024-06,2024-06-03
O0004927,C01754,2024-06-19,2024,6,Q2,Toys,1,40.12,0.0,40.12,Organic Search,Mobile,London,1,2024-06,2024-06-19
O0004928,C01754,2024-08-24,2024,8,Q3,Toys,2,38.67,0.0,77.34,Organic Search,Mobile,London,1,2024-08,2024-08-24
O0004929,C01755,2024-06-29,2024,6,Q2,Home & Garden,3,124.4,0.04,358.27,Email,Mobile,Scotland,0,2024-06,2024-06-29
O0004930,C01756,2023-02-01,2023,2,Q1,Electronics,1,127.01,0.19,102.88,Direct,Mobile,Scotland,0,2023-02,2023-02-01
O0004931,C01756,2023-04-13,2023,4,Q2,Electronics,4,91.73,0.03,355.93,Direct,Mobile,Scotland,1,2023-04,2023-04-13
O0004932,C01756,2023-07-13,2023,7,Q3,Home & Garden,3,58.01,0.0,174.04,Direct,Mobile,Scotland,1,2023-07,2023-07-13
O0004933,C01756,2023-10-30,2023,10,Q4,Clothing,4,23.69,0.0,94.75,Direct,Mobile,Scotland,1,2023-10,2023-10-30
O0004934,C01756,2024-03-11,2024,3,Q1,Electronics,2,124.19,0.04,238.45,Direct,Mobile,Scotland,1,2024-03,2024-03-11
O0004935,C01756,2024-08-28,2024,8,Q3,Toys,3,22.55,0.0,67.66,Direct,Mobile,Scotland,1,2024-08,2024-08-28
O0004936,C01757,2023-05-13,2023,5,Q2,Home & Garden,2,103.15,0.16,173.29,Organic Search,Mobile,Wales,0,2023-05,2023-05-13
O0004937,C01757,2023-09-19,2023,9,Q3,Electronics,2,100.49,0.03,194.95,Organic Search,Mobile,Wales,1,2023-09,2023-09-19
O0004938,C01757,2023-12-28,2023,12,Q4,Beauty,4,56.06,0.2,179.4,Organic Search,Mobile,Wales,1,2023-12,2023-12-28
O0004939,C01757,2024-01-04,2024,1,Q1,Books,1,24.41,0.23,18.79,Organic Search,Mobile,Wales,1,2024-01,2024-01-04
O0004940,C01757,2024-09-27,2024,9,Q3,Clothing,4,50.82,0.0,203.26,Organic Search,Mobile,Wales,1,2024-09,2024-09-27
O0004941,C01758,2022-04-19,2022,4,Q2,Clothing,1,70.21,0.0,70.21,Social Media,Mobile,Wales,0,2022-04,2022-04-19
O0004942,C01758,2023-09-26,2023,9,Q3,Electronics,3,54.2,0.0,162.61,Social Media,Mobile,Wales,1,2023-09,2023-09-26
O0004943,C01758,2024-08-25,2024,8,Q3,Clothing,4,76.26,0.0,305.04,Social Media,Mobile,Wales,1,2024-08,2024-08-25
O0004944,C01760,2022-06-10,2022,6,Q2,Books,2,31.58,0.0,63.15,Paid Search,Mobile,North East,0,2022-06,2022-06-10
O0004945,C01760,2024-02-29,2024,2,Q1,Sports,2,30.95,0.22,48.28,Paid Search,Mobile,North East,1,2024-02,2024-02-29
O0004946,C01761,2022-11-13,2022,11,Q4,Clothing,4,71.5,0.0,286.01,Organic Search,Mobile,Midlands,0,2022-11,2022-11-13
O0004947,C01761,2022-11-18,2022,11,Q4,Beauty,2,28.11,0.04,53.96,Organic Search,Mobile,Midlands,1,2022-11,2022-11-18
O0004948,C01761,2023-08-29,2023,8,Q3,Home & Garden,1,102.62,0.12,90.3,Organic Search,Mobile,Midlands,1,2023-08,2023-08-29
O0004949,C01762,2021-07-17,2021,7,Q3,Clothing,2,52.25,0.1,94.05,Paid Search,Tablet,South East,0,2021-07,2021-07-17
O0004950,C01762,2022-06-30,2022,6,Q2,Clothing,3,88.03,0.0,264.09,Paid Search,Tablet,South East,1,2022-06,2022-06-30
O0004951,C01762,2023-07-15,2023,7,Q3,Clothing,1,57.21,0.13,49.77,Paid Search,Tablet,South East,1,2023-07,2023-07-15
O0004952,C01763,2023-01-01,2023,1,Q1,Beauty,1,30.58,0.0,30.58,Referral,Desktop,Yorkshire,0,2023-01,2023-01-01
O0004953,C01763,2023-07-20,2023,7,Q3,Clothing,3,25.43,0.23,58.74,Referral,Desktop,Yorkshire,1,2023-07,2023-07-20
O0004954,C01763,2024-09-28,2024,9,Q3,Beauty,2,29.84,0.15,50.72,Referral,Desktop,Yorkshire,1,2024-09,2024-09-28
O0004955,C01764,2024-07-10,2024,7,Q3,Home & Garden,2,84.64,0.2,135.43,Organic Search,Mobile,London,0,2024-07,2024-07-10
O0004956,C01765,2023-11-20,2023,11,Q4,Electronics,3,139.16,0.23,321.46,Direct,Desktop,London,0,2023-11,2023-11-20
O0004957,C01766,2022-08-02,2022,8,Q3,Toys,4,22.46,0.0,89.86,Referral,Desktop,Midlands,0,2022-08,2022-08-02
O0004958,C01766,2024-06-20,2024,6,Q2,Beauty,4,23.87,0.08,87.85,Referral,Desktop,Midlands,1,2024-06,2024-06-20
O0004959,C01766,2024-10-04,2024,10,Q4,Beauty,4,50.96,0.17,169.18,Referral,Desktop,Midlands,1,2024-10,2024-10-04
O0004960,C01767,2022-11-30,2022,11,Q4,Clothing,1,127.82,0.14,109.93,Social Media,Desktop,Scotland,0,2022-11,2022-11-30
O0004961,C01767,2024-08-24,2024,8,Q3,Sports,4,48.63,0.0,194.54,Social Media,Desktop,Scotland,1,2024-08,2024-08-24
O0004962,C01768,2024-04-16,2024,4,Q2,Beauty,1,23.93,0.0,23.93,Email,Desktop,Wales,0,2024-04,2024-04-16
O0004963,C01768,2024-09-24,2024,9,Q3,Beauty,2,30.79,0.0,61.59,Email,Desktop,Wales,1,2024-09,2024-09-24
O0004964,C01768,2024-10-27,2024,10,Q4,Beauty,4,38.78,0.16,130.3,Email,Desktop,Wales,1,2024-10,2024-10-27
O0004965,C01769,2022-03-18,2022,3,Q1,Clothing,4,27.55,0.0,110.2,Paid Search,Mobile,Yorkshire,0,2022-03,2022-03-18
O0004966,C01769,2022-08-10,2022,8,Q3,Home & Garden,2,49.83,0.0,99.66,Paid Search,Mobile,Yorkshire,1,2022-08,2022-08-10
O0004967,C01769,2024-11-03,2024,11,Q4,Beauty,3,35.61,0.18,87.6,Paid Search,Mobile,Yorkshire,1,2024-11,2024-11-03
O0004968,C01770,2022-06-21,2022,6,Q2,Clothing,3,58.58,0.0,175.73,Organic Search,Desktop,London,0,2022-06,2022-06-21
O0004969,C01770,2022-08-03,2022,8,Q3,Clothing,3,54.32,0.0,162.95,Organic Search,Desktop,London,1,2022-08,2022-08-03
O0004970,C01770,2022-08-29,2022,8,Q3,Clothing,4,38.01,0.08,139.88,Organic Search,Desktop,London,1,2022-08,2022-08-29
O0004971,C01770,2023-04-01,2023,4,Q2,Clothing,4,50.06,0.0,200.23,Organic Search,Desktop,London,1,2023-04,2023-04-01
O0004972,C01770,2023-08-29,2023,8,Q3,Clothing,2,55.38,0.0,110.75,Organic Search,Desktop,London,1,2023-08,2023-08-29
O0004973,C01770,2024-08-31,2024,8,Q3,Clothing,3,72.36,0.0,217.07,Organic Search,Desktop,London,1,2024-08,2024-08-31
O0004974,C01770,2024-10-03,2024,10,Q4,Electronics,3,127.92,0.0,383.77,Organic Search,Desktop,London,1,2024-10,2024-10-03
O0004975,C01771,2023-04-28,2023,4,Q2,Home & Garden,4,69.52,0.2,222.48,Referral,Mobile,Wales,0,2023-04,2023-04-28
O0004976,C01771,2023-10-05,2023,10,Q4,Home & Garden,2,93.83,0.0,187.67,Referral,Mobile,Wales,1,2023-10,2023-10-05
O0004977,C01772,2023-04-29,2023,4,Q2,Electronics,2,76.64,0.12,134.88,Organic Search,Mobile,Scotland,0,2023-04,2023-04-29
O0004978,C01772,2023-05-09,2023,5,Q2,Home & Garden,3,85.48,0.09,233.37,Organic Search,Mobile,Scotland,1,2023-05,2023-05-09
O0004979,C01772,2023-08-05,2023,8,Q3,Home & Garden,4,78.97,0.0,315.89,Organic Search,Mobile,Scotland,1,2023-08,2023-08-05
O0004980,C01772,2023-08-30,2023,8,Q3,Electronics,4,174.79,0.0,699.14,Organic Search,Mobile,Scotland,1,2023-08,2023-08-30
O0004981,C01772,2023-09-26,2023,9,Q3,Electronics,4,105.74,0.07,393.37,Organic Search,Mobile,Scotland,1,2023-09,2023-09-26
O0004982,C01772,2023-10-14,2023,10,Q4,Electronics,1,81.63,0.0,81.63,Organic Search,Mobile,Scotland,1,2023-10,2023-10-14
O0004983,C01772,2024-01-19,2024,1,Q1,Electronics,2,112.31,0.14,193.17,Organic Search,Mobile,Scotland,1,2024-01,2024-01-19
O0004984,C01772,2024-04-29,2024,4,Q2,Electronics,2,249.43,0.0,498.85,Organic Search,Mobile,Scotland,1,2024-04,2024-04-29
O0004985,C01772,2024-05-02,2024,5,Q2,Electronics,1,124.26,0.0,124.26,Organic Search,Mobile,Scotland,1,2024-05,2024-05-02
O0004986,C01773,2024-10-17,2024,10,Q4,Electronics,2,172.11,0.0,344.22,Referral,Desktop,London,0,2024-10,2024-10-17
O0004987,C01774,2024-07-29,2024,7,Q3,Clothing,2,57.84,0.0,115.68,Paid Search,Mobile,Yorkshire,0,2024-07,2024-07-29
O0004988,C01776,2023-12-04,2023,12,Q4,Toys,2,50.68,0.0,101.36,Organic Search,Mobile,Scotland,0,2023-12,2023-12-04
O0004989,C01776,2024-03-19,2024,3,Q1,Toys,3,35.24,0.0,105.71,Organic Search,Mobile,Scotland,1,2024-03,2024-03-19
O0004990,C01777,2023-07-27,2023,7,Q3,Home & Garden,4,97.97,0.12,344.84,Direct,Desktop,North West,0,2023-07,2023-07-27
O0004991,C01777,2023-10-24,2023,10,Q4,Clothing,3,33.78,0.0,101.33,Direct,Desktop,North West,1,2023-10,2023-10-24
O0004992,C01777,2024-01-09,2024,1,Q1,Home & Garden,2,37.75,0.0,75.49,Direct,Desktop,North West,1,2024-01,2024-01-09
O0004993,C01778,2024-11-08,2024,11,Q4,Home & Garden,2,160.79,0.1,289.43,Paid Search,Desktop,Yorkshire,0,2024-11,2024-11-08
O0004994,C01779,2024-05-15,2024,5,Q2,Beauty,1,39.38,0.0,39.38,Organic Search,Mobile,London,0,2024-05,2024-05-15
O0004995,C01779,2024-08-09,2024,8,Q3,Toys,1,35.5,0.07,33.02,Organic Search,Mobile,London,1,2024-08,2024-08-09
O0004996,C01779,2024-12-22,2024,12,Q4,Books,1,33.75,0.0,33.75,Organic Search,Mobile,London,1,2024-12,2024-12-22
O0004997,C01780,2021-11-09,2021,11,Q4,Home & Garden,1,122.88,0.0,122.88,Paid Search,Mobile,London,0,2021-11,2021-11-09
O0004998,C01780,2022-05-22,2022,5,Q2,Clothing,4,44.19,0.0,176.78,Paid Search,Mobile,London,1,2022-05,2022-05-22
O0004999,C01780,2022-08-01,2022,8,Q3,Clothing,2,36.51,0.0,73.01,Paid Search,Mobile,London,1,2022-08,2022-08-01
O0005000,C01780,2022-12-07,2022,12,Q4,Clothing,4,94.21,0.1,339.14,Paid Search,Mobile,London,1,2022-12,2022-12-07
O0005001,C01780,2022-12-15,2022,12,Q4,Clothing,4,111.93,0.03,434.29,Paid Search,Mobile,London,1,2022-12,2022-12-15
O0005002,C01781,2022-06-14,2022,6,Q2,Home & Garden,3,100.2,0.01,297.6,Social Media,Desktop,South West,0,2022-06,2022-06-14
O0005003,C01781,2022-12-31,2022,12,Q4,Home & Garden,2,149.72,0.0,299.44,Social Media,Desktop,South West,1,2022-12,2022-12-31
O0005004,C01781,2023-03-01,2023,3,Q1,Clothing,4,64.08,0.0,256.33,Social Media,Desktop,South West,1,2023-03,2023-03-01
O0005005,C01781,2024-06-19,2024,6,Q2,Home & Garden,1,86.3,0.14,74.22,Social Media,Desktop,South West,1,2024-06,2024-06-19
O0005006,C01781,2024-10-11,2024,10,Q4,Home & Garden,3,75.99,0.17,189.21,Social Media,Desktop,South West,1,2024-10,2024-10-11
O0005007,C01782,2024-10-12,2024,10,Q4,Home & Garden,3,65.65,0.0,196.94,Organic Search,Mobile,London,0,2024-10,2024-10-12
O0005008,C01782,2024-11-12,2024,11,Q4,Home & Garden,2,133.57,0.0,267.13,Organic Search,Mobile,London,1,2024-11,2024-11-12
O0005009,C01782,2024-12-28,2024,12,Q4,Electronics,3,152.6,0.21,361.67,Organic Search,Mobile,London,1,2024-12,2024-12-28
O0005010,C01783,2024-12-30,2024,12,Q4,Beauty,3,64.14,0.0,192.42,Organic Search,Mobile,Scotland,0,2024-12,2024-12-30
O0005011,C01785,2023-01-10,2023,1,Q1,Home & Garden,2,15.33,0.0,30.66,Organic Search,Mobile,South West,0,2023-01,2023-01-10
O0005012,C01785,2023-04-17,2023,4,Q2,Clothing,2,82.81,0.0,165.62,Organic Search,Mobile,South West,1,2023-04,2023-04-17
O0005013,C01785,2024-05-27,2024,5,Q2,Home & Garden,3,87.33,0.0,261.99,Organic Search,Mobile,South West,1,2024-05,2024-05-27
O0005014,C01785,2024-06-13,2024,6,Q2,Home & Garden,1,57.67,0.0,57.67,Organic Search,Mobile,South West,1,2024-06,2024-06-13
O0005015,C01787,2024-07-04,2024,7,Q3,Toys,3,31.12,0.0,93.37,Paid Search,Mobile,South West,0,2024-07,2024-07-04
O0005016,C01787,2024-10-14,2024,10,Q4,Electronics,1,73.18,0.0,73.18,Paid Search,Mobile,South West,1,2024-10,2024-10-14
O0005017,C01787,2024-12-06,2024,12,Q4,Beauty,3,67.1,0.0,201.31,Paid Search,Mobile,South West,1,2024-12,2024-12-06
O0005018,C01788,2023-12-26,2023,12,Q4,Beauty,4,49.68,0.0,198.72,Direct,Desktop,Midlands,0,2023-12,2023-12-26
O0005019,C01788,2024-04-12,2024,4,Q2,Beauty,2,21.75,0.0,43.5,Direct,Desktop,Midlands,1,2024-04,2024-04-12
O0005020,C01788,2024-05-19,2024,5,Q2,Sports,4,30.17,0.0,120.67,Direct,Desktop,Midlands,1,2024-05,2024-05-19
O0005021,C01788,2024-08-20,2024,8,Q3,Beauty,4,42.16,0.0,168.63,Direct,Desktop,Midlands,1,2024-08,2024-08-20
O0005022,C01788,2024-08-31,2024,8,Q3,Beauty,1,24.32,0.0,24.32,Direct,Desktop,Midlands,1,2024-08,2024-08-31
O0005023,C01788,2024-09-22,2024,9,Q3,Sports,1,49.96,0.01,49.46,Direct,Desktop,Midlands,1,2024-09,2024-09-22
O0005024,C01788,2024-10-14,2024,10,Q4,Beauty,3,39.7,0.0,119.09,Direct,Desktop,Midlands,1,2024-10,2024-10-14
O0005025,C01788,2024-12-30,2024,12,Q4,Beauty,4,67.47,0.18,221.3,Direct,Desktop,Midlands,1,2024-12,2024-12-30
O0005026,C01790,2024-12-09,2024,12,Q4,Clothing,2,123.39,0.0,246.78,Direct,Mobile,South East,0,2024-12,2024-12-09
O0005027,C01790,2024-12-13,2024,12,Q4,Clothing,2,89.25,0.0,178.51,Direct,Mobile,South East,1,2024-12,2024-12-13
O0005028,C01790,2024-12-22,2024,12,Q4,Clothing,2,116.85,0.0,233.7,Direct,Mobile,South East,1,2024-12,2024-12-22
O0005029,C01791,2021-08-26,2021,8,Q3,Sports,4,61.57,0.0,246.3,Paid Search,Mobile,London,0,2021-08,2021-08-26
O0005030,C01791,2021-12-10,2021,12,Q4,Sports,4,72.47,0.0,289.89,Paid Search,Mobile,London,1,2021-12,2021-12-10
O0005031,C01791,2022-03-19,2022,3,Q1,Sports,2,47.21,0.0,94.42,Paid Search,Mobile,London,1,2022-03,2022-03-19
O0005032,C01791,2022-05-19,2022,5,Q2,Sports,3,88.58,0.0,265.73,Paid Search,Mobile,London,1,2022-05,2022-05-19
O0005033,C01791,2024-02-27,2024,2,Q1,Home & Garden,3,78.05,0.0,234.15,Paid Search,Mobile,London,1,2024-02,2024-02-27
O0005034,C01791,2024-06-10,2024,6,Q2,Clothing,2,65.1,0.11,115.87,Paid Search,Mobile,London,1,2024-06,2024-06-10
O0005035,C01793,2021-11-22,2021,11,Q4,Electronics,2,254.35,0.0,508.7,Email,Desktop,North East,0,2021-11,2021-11-22
O0005036,C01793,2024-04-18,2024,4,Q2,Home & Garden,2,70.83,0.0,141.66,Email,Desktop,North East,1,2024-04,2024-04-18
O0005037,C01793,2024-06-04,2024,6,Q2,Home & Garden,4,59.61,0.0,238.44,Email,Desktop,North East,1,2024-06,2024-06-04
O0005038,C01794,2022-05-15,2022,5,Q2,Beauty,4,23.15,0.0,92.62,Organic Search,Desktop,South East,0,2022-05,2022-05-15
O0005039,C01794,2023-12-08,2023,12,Q4,Electronics,2,155.57,0.0,311.13,Organic Search,Desktop,South East,1,2023-12,2023-12-08
O0005040,C01794,2024-06-24,2024,6,Q2,Electronics,4,64.48,0.0,257.93,Organic Search,Desktop,South East,1,2024-06,2024-06-24
O0005041,C01795,2023-12-08,2023,12,Q4,Sports,3,100.13,0.06,282.37,Paid Search,Tablet,London,0,2023-12,2023-12-08
O0005042,C01796,2024-03-02,2024,3,Q1,Home & Garden,1,101.42,0.04,97.36,Direct,Desktop,Yorkshire,0,2024-03,2024-03-02
O0005043,C01796,2024-08-01,2024,8,Q3,Beauty,4,48.15,0.12,169.5,Direct,Desktop,Yorkshire,1,2024-08,2024-08-01
O0005044,C01796,2024-09-11,2024,9,Q3,Clothing,1,52.01,0.0,52.01,Direct,Desktop,Yorkshire,1,2024-09,2024-09-11
O0005045,C01796,2024-10-19,2024,10,Q4,Sports,4,47.51,0.0,190.04,Direct,Desktop,Yorkshire,1,2024-10,2024-10-19
O0005046,C01797,2024-01-28,2024,1,Q1,Beauty,2,22.95,0.0,45.9,Email,Tablet,London,0,2024-01,2024-01-28
O0005047,C01798,2024-11-27,2024,11,Q4,Home & Garden,3,108.75,0.14,280.57,Paid Search,Tablet,North West,0,2024-11,2024-11-27
O0005048,C01798,2024-11-29,2024,11,Q4,Sports,1,97.98,0.0,97.98,Paid Search,Tablet,North West,1,2024-11,2024-11-29
O0005049,C01799,2024-08-18,2024,8,Q3,Books,1,20.78,0.06,19.53,Organic Search,Mobile,North West,0,2024-08,2024-08-18
O0005050,C01799,2024-10-06,2024,10,Q4,Books,2,27.25,0.0,54.5,Organic Search,Mobile,North West,1,2024-10,2024-10-06
O0005051,C01800,2023-05-31,2023,5,Q2,Sports,2,44.4,0.09,80.8,Organic Search,Desktop,South West,0,2023-05,2023-05-31
O0005052,C01800,2023-06-21,2023,6,Q2,Home & Garden,1,79.28,0.0,79.28,Organic Search,Desktop,South West,1,2023-06,2023-06-21
O0005053,C01800,2023-11-13,2023,11,Q4,Sports,2,61.73,0.0,123.46,Organic Search,Desktop,South West,1,2023-11,2023-11-13
O0005054,C01801,2022-01-18,2022,1,Q1,Clothing,2,68.69,0.0,137.39,Organic Search,Mobile,London,0,2022-01,2022-01-18
O0005055,C01801,2022-04-28,2022,4,Q2,Clothing,1,46.53,0.23,35.83,Organic Search,Mobile,London,1,2022-04,2022-04-28
O0005056,C01801,2023-02-20,2023,2,Q1,Electronics,1,93.62,0.0,93.62,Organic Search,Mobile,London,1,2023-02,2023-02-20
O0005057,C01801,2023-03-21,2023,3,Q1,Clothing,3,52.79,0.0,158.38,Organic Search,Mobile,London,1,2023-03,2023-03-21
O0005058,C01801,2023-08-17,2023,8,Q3,Electronics,2,148.09,0.0,296.17,Organic Search,Mobile,London,1,2023-08,2023-08-17
O0005059,C01802,2023-08-05,2023,8,Q3,Clothing,3,76.19,0.0,228.56,Social Media,Desktop,North West,0,2023-08,2023-08-05
O0005060,C01802,2024-06-21,2024,6,Q2,Electronics,2,167.99,0.14,288.94,Social Media,Desktop,North West,1,2024-06,2024-06-21
O0005061,C01802,2024-07-21,2024,7,Q3,Electronics,2,223.91,0.13,389.6,Social Media,Desktop,North West,1,2024-07,2024-07-21
O0005062,C01803,2024-01-21,2024,1,Q1,Home & Garden,2,12.94,0.09,23.55,Organic Search,Mobile,North West,0,2024-01,2024-01-21
O0005063,C01803,2024-03-10,2024,3,Q1,Clothing,3,68.27,0.0,204.82,Organic Search,Mobile,North West,1,2024-03,2024-03-10
O0005064,C01803,2024-05-11,2024,5,Q2,Home & Garden,1,85.45,0.09,77.76,Organic Search,Mobile,North West,1,2024-05,2024-05-11
O0005065,C01803,2024-06-07,2024,6,Q2,Clothing,3,32.97,0.0,98.91,Organic Search,Mobile,North West,1,2024-06,2024-06-07
O0005066,C01803,2024-08-31,2024,8,Q3,Clothing,4,53.61,0.0,214.46,Organic Search,Mobile,North West,1,2024-08,2024-08-31
O0005067,C01803,2024-10-25,2024,10,Q4,Clothing,4,69.07,0.17,229.31,Organic Search,Mobile,North West,1,2024-10,2024-10-25
O0005068,C01803,2024-11-25,2024,11,Q4,Beauty,4,58.4,0.0,233.61,Organic Search,Mobile,North West,1,2024-11,2024-11-25
O0005069,C01803,2024-12-24,2024,12,Q4,Clothing,3,76.9,0.0,230.7,Organic Search,Mobile,North West,1,2024-12,2024-12-24
O0005070,C01804,2022-08-23,2022,8,Q3,Clothing,1,37.7,0.24,28.65,Organic Search,Mobile,North East,0,2022-08,2022-08-23
O0005071,C01804,2022-09-21,2022,9,Q3,Beauty,3,40.81,0.0,122.44,Organic Search,Mobile,North East,1,2022-09,2022-09-21
O0005072,C01804,2022-09-23,2022,9,Q3,Clothing,2,63.32,0.0,126.65,Organic Search,Mobile,North East,1,2022-09,2022-09-23
O0005073,C01804,2024-05-03,2024,5,Q2,Clothing,4,66.01,0.0,264.03,Organic Search,Mobile,North East,1,2024-05,2024-05-03
O0005074,C01804,2024-09-06,2024,9,Q3,Clothing,2,57.79,0.0,115.57,Organic Search,Mobile,North East,1,2024-09,2024-09-06
O0005075,C01805,2021-10-21,2021,10,Q4,Electronics,2,139.88,0.0,279.76,Referral,Mobile,Scotland,0,2021-10,2021-10-21
O0005076,C01805,2021-12-16,2021,12,Q4,Clothing,3,103.84,0.0,311.52,Referral,Mobile,Scotland,1,2021-12,2021-12-16
O0005077,C01805,2022-02-13,2022,2,Q1,Electronics,3,63.16,0.0,189.47,Referral,Mobile,Scotland,1,2022-02,2022-02-13
O0005078,C01805,2022-10-11,2022,10,Q4,Electronics,3,108.55,0.0,325.65,Referral,Mobile,Scotland,1,2022-10,2022-10-11
O0005079,C01805,2023-11-20,2023,11,Q4,Electronics,1,197.13,0.0,197.13,Referral,Mobile,Scotland,1,2023-11,2023-11-20
O0005080,C01805,2024-11-08,2024,11,Q4,Electronics,2,260.76,0.0,521.52,Referral,Mobile,Scotland,1,2024-11,2024-11-08
O0005081,C01806,2024-08-10,2024,8,Q3,Electronics,2,94.23,0.13,163.96,Social Media,Mobile,South East,0,2024-08,2024-08-10
O0005082,C01808,2023-03-23,2023,3,Q1,Sports,3,44.4,0.09,121.22,Organic Search,Mobile,Scotland,0,2023-03,2023-03-23
O0005083,C01810,2022-06-02,2022,6,Q2,Electronics,1,150.16,0.0,150.16,Organic Search,Mobile,London,0,2022-06,2022-06-02
O0005084,C01810,2023-05-12,2023,5,Q2,Sports,4,40.98,0.0,163.92,Organic Search,Mobile,London,1,2023-05,2023-05-12
O0005085,C01810,2023-06-06,2023,6,Q2,Electronics,3,174.04,0.0,522.11,Organic Search,Mobile,London,1,2023-06,2023-06-06
O0005086,C01810,2023-09-29,2023,9,Q3,Electronics,3,133.26,0.0,399.79,Organic Search,Mobile,London,1,2023-09,2023-09-29
O0005087,C01810,2023-10-14,2023,10,Q4,Electronics,3,154.61,0.09,422.07,Organic Search,Mobile,London,1,2023-10,2023-10-14
O0005088,C01810,2024-04-02,2024,4,Q2,Toys,1,23.38,0.23,18.0,Organic Search,Mobile,London,1,2024-04,2024-04-02
O0005089,C01811,2023-11-05,2023,11,Q4,Beauty,2,55.41,0.0,110.83,Paid Search,Mobile,South East,0,2023-11,2023-11-05
O0005090,C01811,2024-02-19,2024,2,Q1,Clothing,4,20.31,0.0,81.22,Paid Search,Mobile,South East,1,2024-02,2024-02-19
O0005091,C01811,2024-07-14,2024,7,Q3,Clothing,1,48.52,0.19,39.3,Paid Search,Mobile,South East,1,2024-07,2024-07-14
O0005092,C01811,2024-10-16,2024,10,Q4,Beauty,1,59.58,0.0,59.58,Paid Search,Mobile,South East,1,2024-10,2024-10-16
O0005093,C01812,2022-06-21,2022,6,Q2,Electronics,1,208.43,0.0,208.43,Email,Mobile,Midlands,0,2022-06,2022-06-21
O0005094,C01812,2023-03-11,2023,3,Q1,Electronics,1,112.57,0.03,109.19,Email,Mobile,Midlands,1,2023-03,2023-03-11
O0005095,C01813,2022-02-22,2022,2,Q1,Electronics,1,105.76,0.0,105.76,Organic Search,Mobile,South East,0,2022-02,2022-02-22
O0005096,C01813,2024-04-06,2024,4,Q2,Clothing,1,15.31,0.0,15.31,Organic Search,Mobile,South East,1,2024-04,2024-04-06
O0005097,C01813,2024-11-12,2024,11,Q4,Electronics,4,271.23,0.0,1084.92,Organic Search,Mobile,South East,1,2024-11,2024-11-12
O0005098,C01814,2023-08-15,2023,8,Q3,Electronics,2,175.33,0.21,277.03,Organic Search,Desktop,South West,0,2023-08,2023-08-15
O0005099,C01814,2023-09-30,2023,9,Q3,Electronics,2,79.07,0.0,158.14,Organic Search,Desktop,South West,1,2023-09,2023-09-30
O0005100,C01814,2024-02-24,2024,2,Q1,Electronics,2,57.19,0.0,114.38,Organic Search,Desktop,South West,1,2024-02,2024-02-24
O0005101,C01815,2024-12-08,2024,12,Q4,Sports,2,85.01,0.0,170.02,Email,Mobile,Yorkshire,0,2024-12,2024-12-08
O0005102,C01815,2024-12-10,2024,12,Q4,Sports,1,96.5,0.0,96.5,Email,Mobile,Yorkshire,1,2024-12,2024-12-10
O0005103,C01815,2024-12-25,2024,12,Q4,Sports,4,58.83,0.0,235.3,Email,Mobile,Yorkshire,1,2024-12,2024-12-25
O0005104,C01815,2024-12-26,2024,12,Q4,Sports,4,83.94,0.02,329.04,Email,Mobile,Yorkshire,1,2024-12,2024-12-26
O0005105,C01816,2024-12-03,2024,12,Q4,Clothing,3,74.52,0.0,223.57,Paid Search,Desktop,Yorkshire,0,2024-12,2024-12-03
O0005106,C01818,2023-01-31,2023,1,Q1,Clothing,1,55.06,0.0,55.06,Social Media,Mobile,London,0,2023-01,2023-01-31
O0005107,C01818,2023-07-20,2023,7,Q3,Clothing,1,61.67,0.22,48.1,Social Media,Mobile,London,1,2023-07,2023-07-20
O0005108,C01818,2023-11-27,2023,11,Q4,Electronics,2,160.87,0.0,321.74,Social Media,Mobile,London,1,2023-11,2023-11-27
O0005109,C01818,2024-05-16,2024,5,Q2,Clothing,2,52.59,0.0,105.18,Social Media,Mobile,London,1,2024-05,2024-05-16
O0005110,C01820,2024-02-12,2024,2,Q1,Home & Garden,2,18.04,0.0,36.08,Organic Search,Desktop,London,0,2024-02,2024-02-12
O0005111,C01820,2024-07-02,2024,7,Q3,Home & Garden,4,65.85,0.0,263.39,Organic Search,Desktop,London,1,2024-07,2024-07-02
O0005112,C01821,2022-12-21,2022,12,Q4,Beauty,3,68.26,0.0,204.77,Paid Search,Desktop,South East,0,2022-12,2022-12-21
O0005113,C01821,2023-11-04,2023,11,Q4,Clothing,1,92.09,0.0,92.09,Paid Search,Desktop,South East,1,2023-11,2023-11-04
O0005114,C01821,2023-12-04,2023,12,Q4,Clothing,3,108.45,0.0,325.34,Paid Search,Desktop,South East,1,2023-12,2023-12-04
O0005115,C01821,2024-07-17,2024,7,Q3,Electronics,4,153.38,0.0,613.53,Paid Search,Desktop,South East,1,2024-07,2024-07-17
O0005116,C01821,2024-07-22,2024,7,Q3,Clothing,3,45.45,0.0,136.35,Paid Search,Desktop,South East,1,2024-07,2024-07-22
O0005117,C01821,2024-08-06,2024,8,Q3,Electronics,4,86.33,0.0,345.31,Paid Search,Desktop,South East,1,2024-08,2024-08-06
O0005118,C01821,2024-09-19,2024,9,Q3,Electronics,3,217.91,0.0,653.74,Paid Search,Desktop,South East,1,2024-09,2024-09-19
O0005119,C01822,2024-02-10,2024,2,Q1,Electronics,4,101.23,0.0,404.91,Organic Search,Mobile,North West,0,2024-02,2024-02-10
O0005120,C01823,2023-12-15,2023,12,Q4,Electronics,2,161.75,0.0,323.5,Direct,Mobile,North East,0,2023-12,2023-12-15
O0005121,C01824,2022-09-11,2022,9,Q3,Home & Garden,2,82.74,0.0,165.49,Organic Search,Desktop,South West,0,2022-09,2022-09-11
O0005122,C01824,2022-10-04,2022,10,Q4,Home & Garden,1,81.22,0.0,81.22,Organic Search,Desktop,South West,1,2022-10,2022-10-04
O0005123,C01824,2023-02-28,2023,2,Q1,Home & Garden,1,90.24,0.0,90.24,Organic Search,Desktop,South West,1,2023-02,2023-02-28
O0005124,C01825,2022-05-07,2022,5,Q2,Beauty,3,31.22,0.16,78.67,Email,Desktop,Wales,0,2022-05,2022-05-07
O0005125,C01825,2022-05-09,2022,5,Q2,Electronics,4,112.98,0.0,451.9,Email,Desktop,Wales,1,2022-05,2022-05-09
O0005126,C01825,2023-07-10,2023,7,Q3,Clothing,1,85.3,0.0,85.3,Email,Desktop,Wales,1,2023-07,2023-07-10
O0005127,C01826,2024-06-23,2024,6,Q2,Electronics,1,170.61,0.0,170.61,Email,Tablet,North West,0,2024-06,2024-06-23
O0005128,C01826,2024-07-20,2024,7,Q3,Electronics,1,72.96,0.0,72.96,Email,Tablet,North West,1,2024-07,2024-07-20
O0005129,C01826,2024-08-03,2024,8,Q3,Electronics,2,144.34,0.0,288.69,Email,Tablet,North West,1,2024-08,2024-08-03
O0005130,C01826,2024-10-18,2024,10,Q4,Electronics,2,114.78,0.0,229.56,Email,Tablet,North West,1,2024-10,2024-10-18
O0005131,C01827,2024-10-02,2024,10,Q4,Electronics,3,177.78,0.0,533.33,Organic Search,Desktop,North East,0,2024-10,2024-10-02
O0005132,C01828,2023-08-03,2023,8,Q3,Sports,2,44.74,0.0,89.49,Email,Mobile,South West,0,2023-08,2023-08-03
O0005133,C01828,2023-10-14,2023,10,Q4,Clothing,3,50.23,0.0,150.7,Email,Mobile,South West,1,2023-10,2023-10-14
O0005134,C01828,2024-06-02,2024,6,Q2,Sports,2,71.65,0.0,143.3,Email,Mobile,South West,1,2024-06,2024-06-02
O0005135,C01828,2024-07-20,2024,7,Q3,Electronics,2,130.47,0.07,242.67,Email,Mobile,South West,1,2024-07,2024-07-20
O0005136,C01829,2023-12-29,2023,12,Q4,Clothing,2,69.71,0.0,139.42,Social Media,Desktop,North West,0,2023-12,2023-12-29
O0005137,C01829,2024-10-14,2024,10,Q4,Home & Garden,2,124.98,0.11,222.46,Social Media,Desktop,North West,1,2024-10,2024-10-14
O0005138,C01829,2024-10-30,2024,10,Q4,Home & Garden,4,66.64,0.0,266.57,Social Media,Desktop,North West,1,2024-10,2024-10-30
O0005139,C01830,2022-06-17,2022,6,Q2,Clothing,3,67.87,0.0,203.6,Email,Tablet,North East,0,2022-06,2022-06-17
O0005140,C01830,2023-07-28,2023,7,Q3,Toys,2,21.42,0.0,42.84,Email,Tablet,North East,1,2023-07,2023-07-28
O0005141,C01830,2024-05-13,2024,5,Q2,Clothing,4,69.53,0.0,278.11,Email,Tablet,North East,1,2024-05,2024-05-13
O0005142,C01831,2024-12-21,2024,12,Q4,Home & Garden,1,130.62,0.12,114.95,Direct,Mobile,North West,0,2024-12,2024-12-21
O0005143,C01832,2023-12-21,2023,12,Q4,Clothing,3,97.95,0.0,293.85,Paid Search,Desktop,Scotland,0,2023-12,2023-12-21
O0005144,C01832,2024-05-28,2024,5,Q2,Clothing,3,91.32,0.0,273.97,Paid Search,Desktop,Scotland,1,2024-05,2024-05-28
O0005145,C01833,2024-08-20,2024,8,Q3,Toys,3,45.26,0.0,135.77,Organic Search,Mobile,South East,0,2024-08,2024-08-20
O0005146,C01833,2024-10-24,2024,10,Q4,Toys,3,35.82,0.0,107.47,Organic Search,Mobile,South East,1,2024-10,2024-10-24
O0005147,C01835,2024-06-30,2024,6,Q2,Clothing,4,51.42,0.0,205.68,Paid Search,Mobile,South East,0,2024-06,2024-06-30
O0005148,C01835,2024-11-08,2024,11,Q4,Clothing,1,88.7,0.11,78.95,Paid Search,Mobile,South East,1,2024-11,2024-11-08
O0005149,C01835,2024-11-27,2024,11,Q4,Clothing,2,60.78,0.0,121.55,Paid Search,Mobile,South East,1,2024-11,2024-11-27
O0005150,C01837,2023-03-25,2023,3,Q1,Clothing,4,66.17,0.0,264.67,Organic Search,Mobile,South West,0,2023-03,2023-03-25
O0005151,C01837,2023-07-03,2023,7,Q3,Clothing,2,72.44,0.09,131.85,Organic Search,Mobile,South West,1,2023-07,2023-07-03
O0005152,C01837,2024-02-15,2024,2,Q1,Clothing,4,44.62,0.06,167.78,Organic Search,Mobile,South West,1,2024-02,2024-02-15
O0005153,C01838,2024-10-18,2024,10,Q4,Home & Garden,2,108.63,0.0,217.26,Organic Search,Mobile,London,0,2024-10,2024-10-18
O0005154,C01839,2023-07-04,2023,7,Q3,Clothing,1,54.81,0.21,43.3,Direct,Desktop,Scotland,0,2023-07,2023-07-04
O0005155,C01839,2024-10-04,2024,10,Q4,Electronics,1,106.71,0.0,106.71,Direct,Desktop,Scotland,1,2024-10,2024-10-04
O0005156,C01840,2023-11-02,2023,11,Q4,Sports,2,101.17,0.0,202.34,Organic Search,Desktop,London,0,2023-11,2023-11-02
O0005157,C01840,2024-02-04,2024,2,Q1,Sports,1,7.18,0.0,7.18,Organic Search,Desktop,London,1,2024-02,2024-02-04
O0005158,C01840,2024-10-31,2024,10,Q4,Sports,1,80.08,0.07,74.48,Organic Search,Desktop,London,1,2024-10,2024-10-31
O0005159,C01842,2023-08-08,2023,8,Q3,Home & Garden,1,69.64,0.0,69.64,Email,Mobile,North West,0,2023-08,2023-08-08
O0005160,C01842,2023-08-15,2023,8,Q3,Home & Garden,2,84.76,0.22,132.22,Email,Mobile,North West,1,2023-08,2023-08-15
O0005161,C01842,2024-01-01,2024,1,Q1,Home & Garden,2,63.33,0.0,126.67,Email,Mobile,North West,1,2024-01,2024-01-01
O0005162,C01844,2024-02-22,2024,2,Q1,Beauty,2,41.43,0.15,70.43,Social Media,Mobile,Scotland,0,2024-02,2024-02-22
O0005163,C01844,2024-08-20,2024,8,Q3,Beauty,3,24.16,0.07,67.4,Social Media,Mobile,Scotland,1,2024-08,2024-08-20
O0005164,C01845,2023-04-27,2023,4,Q2,Electronics,3,123.17,0.13,321.47,Paid Search,Mobile,Midlands,0,2023-04,2023-04-27
O0005165,C01846,2024-10-22,2024,10,Q4,Toys,3,33.36,0.0,100.09,Email,Mobile,Scotland,0,2024-10,2024-10-22
O0005166,C01846,2024-12-20,2024,12,Q4,Toys,3,49.52,0.22,115.87,Email,Mobile,Scotland,1,2024-12,2024-12-20
O0005167,C01848,2022-07-15,2022,7,Q3,Home & Garden,2,42.39,0.09,77.15,Paid Search,Mobile,Yorkshire,0,2022-07,2022-07-15
O0005168,C01848,2023-06-23,2023,6,Q2,Clothing,4,63.2,0.0,252.78,Paid Search,Mobile,Yorkshire,1,2023-06,2023-06-23
O0005169,C01848,2024-03-10,2024,3,Q1,Toys,2,23.25,0.0,46.5,Paid Search,Mobile,Yorkshire,1,2024-03,2024-03-10
O0005170,C01849,2024-04-17,2024,4,Q2,Home & Garden,1,108.82,0.0,108.82,Organic Search,Mobile,South West,0,2024-04,2024-04-17
O0005171,C01850,2024-08-18,2024,8,Q3,Beauty,1,23.69,0.12,20.84,Organic Search,Mobile,London,0,2024-08,2024-08-18
O0005172,C01850,2024-11-18,2024,11,Q4,Clothing,2,81.76,0.0,163.52,Organic Search,Mobile,London,1,2024-11,2024-11-18
O0005173,C01852,2024-05-29,2024,5,Q2,Clothing,1,62.21,0.1,55.99,Email,Tablet,South East,0,2024-05,2024-05-29
O0005174,C01853,2023-08-14,2023,8,Q3,Toys,2,29.32,0.05,55.7,Paid Search,Tablet,North West,0,2023-08,2023-08-14
O0005175,C01854,2023-11-21,2023,11,Q4,Clothing,2,78.94,0.0,157.88,Organic Search,Mobile,Scotland,0,2023-11,2023-11-21
O0005176,C01854,2024-02-20,2024,2,Q1,Electronics,1,130.47,0.19,105.68,Organic Search,Mobile,Scotland,1,2024-02,2024-02-20
O0005177,C01854,2024-02-22,2024,2,Q1,Clothing,2,37.59,0.0,75.18,Organic Search,Mobile,Scotland,1,2024-02,2024-02-22
O0005178,C01855,2023-05-19,2023,5,Q2,Books,4,21.52,0.19,69.73,Paid Search,Desktop,North West,0,2023-05,2023-05-19
O0005179,C01855,2023-10-04,2023,10,Q4,Electronics,4,169.04,0.0,676.16,Paid Search,Desktop,North West,1,2023-10,2023-10-04
O0005180,C01855,2024-06-13,2024,6,Q2,Electronics,1,183.21,0.0,183.21,Paid Search,Desktop,North West,1,2024-06,2024-06-13
O0005181,C01855,2024-10-13,2024,10,Q4,Clothing,2,58.29,0.0,116.58,Paid Search,Desktop,North West,1,2024-10,2024-10-13
O0005182,C01855,2024-10-20,2024,10,Q4,Clothing,2,81.64,0.24,124.09,Paid Search,Desktop,North West,1,2024-10,2024-10-20
O0005183,C01856,2024-11-27,2024,11,Q4,Sports,3,94.7,0.0,284.1,Organic Search,Mobile,London,0,2024-11,2024-11-27
O0005184,C01858,2024-11-14,2024,11,Q4,Electronics,2,198.65,0.0,397.31,Email,Mobile,South West,0,2024-11,2024-11-14
O0005185,C01859,2023-09-17,2023,9,Q3,Sports,4,55.31,0.0,221.24,Organic Search,Mobile,North West,0,2023-09,2023-09-17
O0005186,C01859,2023-10-03,2023,10,Q4,Sports,1,46.46,0.24,35.31,Organic Search,Mobile,North West,1,2023-10,2023-10-03
O0005187,C01859,2024-03-02,2024,3,Q1,Sports,3,36.32,0.0,108.97,Organic Search,Mobile,North West,1,2024-03,2024-03-02
O0005188,C01859,2024-05-07,2024,5,Q2,Sports,1,52.22,0.22,40.73,Organic Search,Mobile,North West,1,2024-05,2024-05-07
O0005189,C01859,2024-09-29,2024,9,Q3,Electronics,4,172.08,0.0,688.34,Organic Search,Mobile,North West,1,2024-09,2024-09-29
O0005190,C01860,2021-11-06,2021,11,Q4,Clothing,3,68.56,0.05,195.4,Organic Search,Mobile,North East,0,2021-11,2021-11-06
O0005191,C01860,2022-01-13,2022,1,Q1,Clothing,3,55.64,0.0,166.91,Organic Search,Mobile,North East,1,2022-01,2022-01-13
O0005192,C01860,2022-06-01,2022,6,Q2,Home & Garden,2,98.32,0.2,157.31,Organic Search,Mobile,North East,1,2022-06,2022-06-01
O0005193,C01860,2023-06-28,2023,6,Q2,Clothing,2,35.32,0.0,70.65,Organic Search,Mobile,North East,1,2023-06,2023-06-28
O0005194,C01860,2024-05-26,2024,5,Q2,Clothing,1,58.84,0.08,54.14,Organic Search,Mobile,North East,1,2024-05,2024-05-26
O0005195,C01861,2024-05-29,2024,5,Q2,Home & Garden,4,62.13,0.12,218.7,Email,Mobile,Yorkshire,0,2024-05,2024-05-29
O0005196,C01861,2024-07-07,2024,7,Q3,Home & Garden,2,97.09,0.0,194.19,Email,Mobile,Yorkshire,1,2024-07,2024-07-07
O0005197,C01861,2024-10-12,2024,10,Q4,Home & Garden,1,79.78,0.0,79.78,Email,Mobile,Yorkshire,1,2024-10,2024-10-12
O0005198,C01861,2024-11-01,2024,11,Q4,Home & Garden,4,108.34,0.11,385.7,Email,Mobile,Yorkshire,1,2024-11,2024-11-01
O0005199,C01863,2024-10-29,2024,10,Q4,Electronics,4,116.42,0.24,353.9,Referral,Desktop,North West,0,2024-10,2024-10-29
O0005200,C01864,2023-11-09,2023,11,Q4,Toys,1,54.1,0.22,42.2,Organic Search,Mobile,North West,0,2023-11,2023-11-09
O0005201,C01864,2024-01-22,2024,1,Q1,Electronics,1,167.61,0.25,125.71,Organic Search,Mobile,North West,1,2024-01,2024-01-22
O0005202,C01865,2024-01-12,2024,1,Q1,Clothing,1,58.51,0.0,58.51,Paid Search,Desktop,Wales,0,2024-01,2024-01-12
O0005203,C01865,2024-05-07,2024,5,Q2,Home & Garden,2,75.35,0.0,150.69,Paid Search,Desktop,Wales,1,2024-05,2024-05-07
O0005204,C01866,2023-10-20,2023,10,Q4,Clothing,2,83.8,0.0,167.61,Email,Mobile,London,0,2023-10,2023-10-20
O0005205,C01866,2024-02-05,2024,2,Q1,Sports,2,62.06,0.0,124.12,Email,Mobile,London,1,2024-02,2024-02-05
O0005206,C01866,2024-07-08,2024,7,Q3,Clothing,3,52.78,0.0,158.33,Email,Mobile,London,1,2024-07,2024-07-08
O0005207,C01866,2024-11-26,2024,11,Q4,Clothing,2,122.99,0.0,245.99,Email,Mobile,London,1,2024-11,2024-11-26
O0005208,C01867,2024-07-24,2024,7,Q3,Sports,1,67.32,0.0,67.32,Paid Search,Mobile,Wales,0,2024-07,2024-07-24
O0005209,C01867,2024-08-17,2024,8,Q3,Electronics,3,131.42,0.0,394.26,Paid Search,Mobile,Wales,1,2024-08,2024-08-17
O0005210,C01868,2022-12-11,2022,12,Q4,Clothing,4,91.68,0.0,366.73,Organic Search,Mobile,North East,0,2022-12,2022-12-11
O0005211,C01868,2023-12-23,2023,12,Q4,Clothing,1,86.95,0.0,86.95,Organic Search,Mobile,North East,1,2023-12,2023-12-23
O0005212,C01870,2023-12-16,2023,12,Q4,Toys,3,56.88,0.0,170.65,Email,Mobile,North West,0,2023-12,2023-12-16
O0005213,C01871,2022-02-26,2022,2,Q1,Electronics,1,92.84,0.0,92.84,Organic Search,Desktop,North East,0,2022-02,2022-02-26
O0005214,C01871,2023-12-24,2023,12,Q4,Clothing,1,67.35,0.0,67.35,Organic Search,Desktop,North East,1,2023-12,2023-12-24
O0005215,C01871,2024-09-10,2024,9,Q3,Electronics,1,113.02,0.23,87.02,Organic Search,Desktop,North East,1,2024-09,2024-09-10
O0005216,C01872,2023-12-13,2023,12,Q4,Clothing,3,100.78,0.0,302.35,Social Media,Desktop,North West,0,2023-12,2023-12-13
O0005217,C01872,2024-05-19,2024,5,Q2,Home & Garden,2,64.28,0.0,128.57,Social Media,Desktop,North West,1,2024-05,2024-05-19
O0005218,C01875,2024-05-03,2024,5,Q2,Books,1,26.41,0.0,26.41,Organic Search,Desktop,South East,0,2024-05,2024-05-03
O0005219,C01875,2024-10-06,2024,10,Q4,Books,4,15.29,0.0,61.16,Organic Search,Desktop,South East,1,2024-10,2024-10-06
O0005220,C01875,2024-11-14,2024,11,Q4,Books,1,28.17,0.0,28.17,Organic Search,Desktop,South East,1,2024-11,2024-11-14
O0005221,C01876,2023-03-11,2023,3,Q1,Clothing,1,67.45,0.0,67.45,Paid Search,Mobile,North West,0,2023-03,2023-03-11
O0005222,C01876,2023-09-11,2023,9,Q3,Clothing,2,74.28,0.0,148.56,Paid Search,Mobile,North West,1,2023-09,2023-09-11
O0005223,C01876,2024-08-24,2024,8,Q3,Home & Garden,3,58.86,0.02,173.04,Paid Search,Mobile,North West,1,2024-08,2024-08-24
O0005224,C01876,2024-08-26,2024,8,Q3,Clothing,4,73.97,0.0,295.9,Paid Search,Mobile,North West,1,2024-08,2024-08-26
O0005225,C01876,2024-12-25,2024,12,Q4,Electronics,2,258.51,0.0,517.03,Paid Search,Mobile,North West,1,2024-12,2024-12-25
O0005226,C01877,2022-09-22,2022,9,Q3,Home & Garden,3,66.55,0.0,199.66,Email,Mobile,Scotland,0,2022-09,2022-09-22
O0005227,C01877,2023-12-08,2023,12,Q4,Clothing,1,93.45,0.0,93.45,Email,Mobile,Scotland,1,2023-12,2023-12-08
O0005228,C01877,2023-12-20,2023,12,Q4,Home & Garden,3,102.44,0.0,307.33,Email,Mobile,Scotland,1,2023-12,2023-12-20
O0005229,C01878,2024-02-27,2024,2,Q1,Beauty,2,29.59,0.0,59.17,Email,Tablet,Midlands,0,2024-02,2024-02-27
O0005230,C01879,2024-05-20,2024,5,Q2,Home & Garden,2,48.73,0.0,97.46,Organic Search,Desktop,South East,0,2024-05,2024-05-20
O0005231,C01879,2024-08-03,2024,8,Q3,Home & Garden,3,42.37,0.15,108.05,Organic Search,Desktop,South East,1,2024-08,2024-08-03
O0005232,C01879,2024-08-31,2024,8,Q3,Home & Garden,2,65.46,0.0,130.92,Organic Search,Desktop,South East,1,2024-08,2024-08-31
O0005233,C01879,2024-09-17,2024,9,Q3,Sports,1,53.79,0.0,53.79,Organic Search,Desktop,South East,1,2024-09,2024-09-17
O0005234,C01880,2023-10-26,2023,10,Q4,Home & Garden,3,57.4,0.0,172.21,Social Media,Desktop,Scotland,0,2023-10,2023-10-26
O0005235,C01881,2024-08-06,2024,8,Q3,Electronics,3,81.54,0.05,232.38,Email,Mobile,Yorkshire,0,2024-08,2024-08-06
O0005236,C01881,2024-09-08,2024,9,Q3,Electronics,3,114.28,0.0,342.85,Email,Mobile,Yorkshire,1,2024-09,2024-09-08
O0005237,C01881,2024-10-28,2024,10,Q4,Books,3,14.18,0.11,37.86,Email,Mobile,Yorkshire,1,2024-10,2024-10-28
O0005238,C01881,2024-11-05,2024,11,Q4,Electronics,3,147.59,0.18,363.07,Email,Mobile,Yorkshire,1,2024-11,2024-11-05
O0005239,C01881,2024-11-08,2024,11,Q4,Electronics,3,271.52,0.0,814.57,Email,Mobile,Yorkshire,1,2024-11,2024-11-08
O0005240,C01881,2024-12-05,2024,12,Q4,Electronics,4,275.51,0.14,947.74,Email,Mobile,Yorkshire,1,2024-12,2024-12-05
O0005241,C01882,2024-12-02,2024,12,Q4,Sports,4,90.8,0.0,363.21,Organic Search,Mobile,London,0,2024-12,2024-12-02
O0005242,C01882,2024-12-29,2024,12,Q4,Sports,2,76.61,0.0,153.21,Organic Search,Mobile,London,1,2024-12,2024-12-29
O0005243,C01883,2023-01-01,2023,1,Q1,Toys,4,21.96,0.0,87.83,Email,Desktop,North West,0,2023-01,2023-01-01
O0005244,C01883,2023-04-01,2023,4,Q2,Home & Garden,3,92.26,0.15,235.27,Email,Desktop,North West,1,2023-04,2023-04-01
O0005245,C01883,2023-08-23,2023,8,Q3,Toys,3,28.09,0.0,84.26,Email,Desktop,North West,1,2023-08,2023-08-23
O0005246,C01883,2024-05-31,2024,5,Q2,Clothing,3,32.84,0.0,98.51,Email,Desktop,North West,1,2024-05,2024-05-31
O0005247,C01883,2024-07-30,2024,7,Q3,Toys,1,32.5,0.0,32.5,Email,Desktop,North West,1,2024-07,2024-07-30
O0005248,C01883,2024-11-26,2024,11,Q4,Sports,4,90.77,0.0,363.1,Email,Desktop,North West,1,2024-11,2024-11-26
O0005249,C01884,2024-08-14,2024,8,Q3,Electronics,3,151.85,0.0,455.56,Email,Desktop,South East,0,2024-08,2024-08-14
O0005250,C01884,2024-08-25,2024,8,Q3,Electronics,3,162.59,0.0,487.78,Email,Desktop,South East,1,2024-08,2024-08-25
O0005251,C01884,2024-09-03,2024,9,Q3,Electronics,2,126.81,0.0,253.63,Email,Desktop,South East,1,2024-09,2024-09-03
O0005252,C01884,2024-09-27,2024,9,Q3,Electronics,4,109.92,0.18,360.55,Email,Desktop,South East,1,2024-09,2024-09-27
O0005253,C01885,2024-12-26,2024,12,Q4,Beauty,2,54.71,0.0,109.41,Social Media,Tablet,Scotland,0,2024-12,2024-12-26
O0005254,C01886,2022-03-17,2022,3,Q1,Books,4,21.74,0.0,86.95,Paid Search,Mobile,Scotland,0,2022-03,2022-03-17
O0005255,C01886,2024-08-12,2024,8,Q3,Electronics,2,84.1,0.23,129.51,Paid Search,Mobile,Scotland,1,2024-08,2024-08-12
O0005256,C01886,2024-11-22,2024,11,Q4,Clothing,4,85.65,0.0,342.6,Paid Search,Mobile,Scotland,1,2024-11,2024-11-22
O0005257,C01887,2024-05-05,2024,5,Q2,Clothing,2,53.89,0.0,107.78,Organic Search,Mobile,North West,0,2024-05,2024-05-05
O0005258,C01887,2024-07-21,2024,7,Q3,Clothing,1,78.39,0.0,78.39,Organic Search,Mobile,North West,1,2024-07,2024-07-21
O0005259,C01887,2024-11-10,2024,11,Q4,Clothing,3,81.39,0.0,244.16,Organic Search,Mobile,North West,1,2024-11,2024-11-10
O0005260,C01887,2024-12-16,2024,12,Q4,Home & Garden,2,127.27,0.16,213.82,Organic Search,Mobile,North West,1,2024-12,2024-12-16
O0005261,C01888,2023-10-01,2023,10,Q4,Sports,2,54.45,0.0,108.9,Social Media,Mobile,South West,0,2023-10,2023-10-01
O0005262,C01889,2021-09-16,2021,9,Q3,Books,2,16.66,0.0,33.32,Organic Search,Mobile,North West,0,2021-09,2021-09-16
O0005263,C01889,2021-10-18,2021,10,Q4,Toys,2,45.42,0.0,90.83,Organic Search,Mobile,North West,1,2021-10,2021-10-18
O0005264,C01889,2021-12-05,2021,12,Q4,Books,2,31.9,0.22,49.77,Organic Search,Mobile,North West,1,2021-12,2021-12-05
O0005265,C01889,2022-06-11,2022,6,Q2,Electronics,4,98.29,0.23,302.74,Organic Search,Mobile,North West,1,2022-06,2022-06-11
O0005266,C01889,2022-10-25,2022,10,Q4,Books,2,16.5,0.09,30.02,Organic Search,Mobile,North West,1,2022-10,2022-10-25
O0005267,C01889,2023-12-17,2023,12,Q4,Sports,1,94.85,0.03,92.01,Organic Search,Mobile,North West,1,2023-12,2023-12-17
O0005268,C01889,2024-03-15,2024,3,Q1,Electronics,2,90.13,0.17,149.61,Organic Search,Mobile,North West,1,2024-03,2024-03-15
O0005269,C01889,2024-09-12,2024,9,Q3,Books,3,26.77,0.0,80.3,Organic Search,Mobile,North West,1,2024-09,2024-09-12
O0005270,C01890,2024-04-20,2024,4,Q2,Home & Garden,4,133.42,0.0,533.67,Organic Search,Tablet,South West,0,2024-04,2024-04-20
O0005271,C01891,2021-08-27,2021,8,Q3,Clothing,1,54.02,0.0,54.02,Social Media,Tablet,London,0,2021-08,2021-08-27
O0005272,C01892,2021-03-19,2021,3,Q1,Beauty,3,49.49,0.0,148.46,Organic Search,Desktop,London,0,2021-03,2021-03-19
O0005273,C01892,2021-06-27,2021,6,Q2,Books,4,18.15,0.0,72.58,Organic Search,Desktop,London,1,2021-06,2021-06-27
O0005274,C01892,2022-03-23,2022,3,Q1,Beauty,3,25.22,0.0,75.65,Organic Search,Desktop,London,1,2022-03,2022-03-23
O0005275,C01892,2023-03-31,2023,3,Q1,Beauty,2,39.8,0.03,77.21,Organic Search,Desktop,London,1,2023-03,2023-03-31
O0005276,C01892,2023-05-29,2023,5,Q2,Beauty,4,16.77,0.21,52.98,Organic Search,Desktop,London,1,2023-05,2023-05-29
O0005277,C01893,2023-06-17,2023,6,Q2,Clothing,1,55.21,0.0,55.21,Organic Search,Mobile,North West,0,2023-06,2023-06-17
O0005278,C01893,2024-10-22,2024,10,Q4,Home & Garden,3,60.78,0.23,140.41,Organic Search,Mobile,North West,1,2024-10,2024-10-22
O0005279,C01895,2023-09-23,2023,9,Q3,Books,4,26.65,0.0,106.59,Direct,Desktop,Scotland,0,2023-09,2023-09-23
O0005280,C01895,2024-04-13,2024,4,Q2,Books,1,23.11,0.13,20.11,Direct,Desktop,Scotland,1,2024-04,2024-04-13
O0005281,C01895,2024-08-09,2024,8,Q3,Books,1,21.29,0.0,21.29,Direct,Desktop,Scotland,1,2024-08,2024-08-09
O0005282,C01896,2024-05-03,2024,5,Q2,Electronics,4,113.69,0.0,454.76,Organic Search,Mobile,North West,0,2024-05,2024-05-03
O0005283,C01896,2024-05-21,2024,5,Q2,Home & Garden,3,50.36,0.0,151.08,Organic Search,Mobile,North West,1,2024-05,2024-05-21
O0005284,C01897,2021-08-23,2021,8,Q3,Books,4,20.2,0.05,76.74,Organic Search,Desktop,Yorkshire,0,2021-08,2021-08-23
O0005285,C01897,2021-09-08,2021,9,Q3,Books,1,17.3,0.0,17.3,Organic Search,Desktop,Yorkshire,1,2021-09,2021-09-08
O0005286,C01897,2022-04-24,2022,4,Q2,Books,3,16.9,0.0,50.71,Organic Search,Desktop,Yorkshire,1,2022-04,2022-04-24
O0005287,C01897,2022-12-08,2022,12,Q4,Books,3,33.23,0.0,99.68,Organic Search,Desktop,Yorkshire,1,2022-12,2022-12-08
O0005288,C01897,2023-10-04,2023,10,Q4,Books,2,15.86,0.18,26.01,Organic Search,Desktop,Yorkshire,1,2023-10,2023-10-04
O0005289,C01899,2023-10-13,2023,10,Q4,Clothing,3,85.93,0.24,195.93,Organic Search,Mobile,North West,0,2023-10,2023-10-13
O0005290,C01899,2024-03-10,2024,3,Q1,Clothing,1,39.05,0.0,39.05,Organic Search,Mobile,North West,1,2024-03,2024-03-10
O0005291,C01899,2024-11-08,2024,11,Q4,Clothing,4,92.89,0.0,371.57,Organic Search,Mobile,North West,1,2024-11,2024-11-08
O0005292,C01900,2023-09-16,2023,9,Q3,Home & Garden,2,110.09,0.01,217.98,Email,Desktop,South West,0,2023-09,2023-09-16
O0005293,C01900,2023-11-05,2023,11,Q4,Home & Garden,4,106.07,0.2,339.42,Email,Desktop,South West,1,2023-11,2023-11-05
O0005294,C01900,2024-02-28,2024,2,Q1,Clothing,2,48.15,0.0,96.3,Email,Desktop,South West,1,2024-02,2024-02-28
O0005295,C01900,2024-04-04,2024,4,Q2,Home & Garden,3,103.09,0.09,281.43,Email,Desktop,South West,1,2024-04,2024-04-04
O0005296,C01901,2023-09-02,2023,9,Q3,Home & Garden,2,88.65,0.0,177.3,Email,Desktop,North West,0,2023-09,2023-09-02
O0005297,C01901,2024-07-24,2024,7,Q3,Home & Garden,1,103.43,0.19,83.78,Email,Desktop,North West,1,2024-07,2024-07-24
O0005298,C01902,2021-07-20,2021,7,Q3,Clothing,4,48.99,0.0,195.96,Social Media,Desktop,London,0,2021-07,2021-07-20
O0005299,C01902,2021-10-18,2021,10,Q4,Home & Garden,1,60.09,0.0,60.09,Social Media,Desktop,London,1,2021-10,2021-10-18
O0005300,C01902,2021-12-17,2021,12,Q4,Home & Garden,3,98.61,0.11,263.3,Social Media,Desktop,London,1,2021-12,2021-12-17
O0005301,C01902,2023-10-10,2023,10,Q4,Home & Garden,3,121.35,0.0,364.06,Social Media,Desktop,London,1,2023-10,2023-10-10
O0005302,C01903,2024-10-03,2024,10,Q4,Clothing,2,14.6,0.1,26.28,Organic Search,Tablet,North West,0,2024-10,2024-10-03
O0005303,C01903,2024-11-10,2024,11,Q4,Beauty,2,53.31,0.0,106.62,Organic Search,Tablet,North West,1,2024-11,2024-11-10
O0005304,C01903,2024-11-26,2024,11,Q4,Beauty,1,50.38,0.0,50.38,Organic Search,Tablet,North West,1,2024-11,2024-11-26
O0005305,C01904,2023-03-01,2023,3,Q1,Electronics,3,111.03,0.0,333.09,Organic Search,Mobile,Midlands,0,2023-03,2023-03-01
O0005306,C01904,2023-08-28,2023,8,Q3,Electronics,1,131.89,0.03,127.93,Organic Search,Mobile,Midlands,1,2023-08,2023-08-28
O0005307,C01904,2024-05-08,2024,5,Q2,Home & Garden,1,94.08,0.23,72.44,Organic Search,Mobile,Midlands,1,2024-05,2024-05-08
O0005308,C01904,2024-09-05,2024,9,Q3,Electronics,4,146.63,0.0,586.52,Organic Search,Mobile,Midlands,1,2024-09,2024-09-05
O0005309,C01906,2023-10-22,2023,10,Q4,Home & Garden,1,75.49,0.16,63.41,Social Media,Mobile,Wales,0,2023-10,2023-10-22
O0005310,C01906,2024-01-21,2024,1,Q1,Beauty,4,37.56,0.0,150.25,Social Media,Mobile,Wales,1,2024-01,2024-01-21
O0005311,C01906,2024-04-11,2024,4,Q2,Home & Garden,1,53.75,0.0,53.75,Social Media,Mobile,Wales,1,2024-04,2024-04-11
O0005312,C01906,2024-10-23,2024,10,Q4,Home & Garden,4,79.58,0.0,318.33,Social Media,Mobile,Wales,1,2024-10,2024-10-23
O0005313,C01907,2024-04-07,2024,4,Q2,Clothing,2,55.09,0.0,110.17,Organic Search,Desktop,South West,0,2024-04,2024-04-07
O0005314,C01907,2024-07-31,2024,7,Q3,Sports,2,18.24,0.0,36.47,Organic Search,Desktop,South West,1,2024-07,2024-07-31
O0005315,C01907,2024-09-21,2024,9,Q3,Sports,1,67.45,0.21,53.29,Organic Search,Desktop,South West,1,2024-09,2024-09-21
O0005316,C01907,2024-10-06,2024,10,Q4,Sports,3,43.23,0.0,129.69,Organic Search,Desktop,South West,1,2024-10,2024-10-06
O0005317,C01907,2024-11-10,2024,11,Q4,Sports,4,70.29,0.11,250.24,Organic Search,Desktop,South West,1,2024-11,2024-11-10
O0005318,C01908,2022-04-11,2022,4,Q2,Clothing,4,88.56,0.0,354.26,Social Media,Desktop,Yorkshire,0,2022-04,2022-04-11
O0005319,C01908,2023-08-06,2023,8,Q3,Clothing,3,82.77,0.19,201.13,Social Media,Desktop,Yorkshire,1,2023-08,2023-08-06
O0005320,C01908,2024-07-16,2024,7,Q3,Clothing,3,73.02,0.0,219.05,Social Media,Desktop,Yorkshire,1,2024-07,2024-07-16
O0005321,C01908,2024-12-06,2024,12,Q4,Clothing,2,77.34,0.15,131.48,Social Media,Desktop,Yorkshire,1,2024-12,2024-12-06
O0005322,C01908,2024-12-16,2024,12,Q4,Home & Garden,4,112.88,0.03,437.97,Social Media,Desktop,Yorkshire,1,2024-12,2024-12-16
O0005323,C01909,2023-04-26,2023,4,Q2,Electronics,3,145.42,0.0,436.27,Social Media,Tablet,London,0,2023-04,2023-04-26
O0005324,C01909,2023-05-05,2023,5,Q2,Electronics,3,133.77,0.0,401.31,Social Media,Tablet,London,1,2023-05,2023-05-05
O0005325,C01909,2023-07-24,2023,7,Q3,Electronics,1,107.51,0.06,101.06,Social Media,Tablet,London,1,2023-07,2023-07-24
O0005326,C01909,2024-01-04,2024,1,Q1,Electronics,3,140.11,0.0,420.34,Social Media,Tablet,London,1,2024-01,2024-01-04
O0005327,C01909,2024-03-19,2024,3,Q1,Electronics,3,193.21,0.02,568.04,Social Media,Tablet,London,1,2024-03,2024-03-19
O0005328,C01909,2024-05-26,2024,5,Q2,Electronics,4,166.04,0.0,664.18,Social Media,Tablet,London,1,2024-05,2024-05-26
O0005329,C01909,2024-08-03,2024,8,Q3,Electronics,1,129.87,0.07,120.78,Social Media,Tablet,London,1,2024-08,2024-08-03
O0005330,C01909,2024-08-03,2024,8,Q3,Clothing,2,35.62,0.0,71.24,Social Media,Tablet,London,1,2024-08,2024-08-03
O0005331,C01909,2024-10-14,2024,10,Q4,Electronics,1,130.96,0.0,130.96,Social Media,Tablet,London,1,2024-10,2024-10-14
O0005332,C01910,2023-09-20,2023,9,Q3,Clothing,2,45.81,0.21,72.38,Email,Tablet,London,0,2023-09,2023-09-20
O0005333,C01911,2022-01-16,2022,1,Q1,Clothing,3,54.95,0.23,126.92,Organic Search,Tablet,Midlands,0,2022-01,2022-01-16
O0005334,C01911,2024-02-03,2024,2,Q1,Clothing,3,72.64,0.2,174.33,Organic Search,Tablet,Midlands,1,2024-02,2024-02-03
O0005335,C01912,2023-04-21,2023,4,Q2,Electronics,3,90.83,0.0,272.5,Email,Tablet,South East,0,2023-04,2023-04-21
O0005336,C01912,2023-09-11,2023,9,Q3,Electronics,3,132.35,0.0,397.05,Email,Tablet,South East,1,2023-09,2023-09-11
O0005337,C01912,2024-01-17,2024,1,Q1,Electronics,2,148.0,0.0,296.0,Email,Tablet,South East,1,2024-01,2024-01-17
O0005338,C01914,2023-08-29,2023,8,Q3,Home & Garden,3,75.14,0.0,225.43,Paid Search,Desktop,Midlands,0,2023-08,2023-08-29
O0005339,C01914,2024-09-17,2024,9,Q3,Home & Garden,4,89.92,0.0,359.67,Paid Search,Desktop,Midlands,1,2024-09,2024-09-17
O0005340,C01915,2022-04-02,2022,4,Q2,Electronics,3,212.57,0.13,554.8,Social Media,Desktop,South East,0,2022-04,2022-04-02
O0005341,C01915,2022-04-17,2022,4,Q2,Sports,3,91.67,0.0,275.0,Social Media,Desktop,South East,1,2022-04,2022-04-17
O0005342,C01917,2022-09-12,2022,9,Q3,Electronics,3,89.58,0.0,268.73,Direct,Mobile,South West,0,2022-09,2022-09-12
O0005343,C01917,2024-11-12,2024,11,Q4,Sports,3,57.42,0.0,172.27,Direct,Mobile,South West,1,2024-11,2024-11-12
O0005344,C01918,2024-04-21,2024,4,Q2,Electronics,3,168.44,0.21,399.19,Email,Mobile,Scotland,0,2024-04,2024-04-21
O0005345,C01919,2024-04-18,2024,4,Q2,Electronics,4,95.86,0.1,345.09,Organic Search,Mobile,Yorkshire,0,2024-04,2024-04-18
O0005346,C01920,2024-03-11,2024,3,Q1,Electronics,2,156.78,0.07,291.61,Email,Mobile,London,0,2024-03,2024-03-11
O0005347,C01920,2024-08-18,2024,8,Q3,Beauty,2,39.49,0.12,69.5,Email,Mobile,London,1,2024-08,2024-08-18
O0005348,C01920,2024-09-08,2024,9,Q3,Books,4,23.56,0.23,72.57,Email,Mobile,London,1,2024-09,2024-09-08
O0005349,C01920,2024-09-26,2024,9,Q3,Clothing,1,38.28,0.0,38.28,Email,Mobile,London,1,2024-09,2024-09-26
O0005350,C01920,2024-10-11,2024,10,Q4,Books,2,30.98,0.0,61.96,Email,Mobile,London,1,2024-10,2024-10-11
O0005351,C01920,2024-11-10,2024,11,Q4,Home & Garden,4,81.95,0.09,298.28,Email,Mobile,London,1,2024-11,2024-11-10
O0005352,C01921,2023-05-04,2023,5,Q2,Clothing,1,57.94,0.04,55.62,Direct,Desktop,Yorkshire,0,2023-05,2023-05-04
O0005353,C01921,2023-11-12,2023,11,Q4,Electronics,2,170.33,0.0,340.67,Direct,Desktop,Yorkshire,1,2023-11,2023-11-12
O0005354,C01921,2024-07-18,2024,7,Q3,Clothing,3,88.65,0.0,265.95,Direct,Desktop,Yorkshire,1,2024-07,2024-07-18
O0005355,C01923,2022-09-28,2022,9,Q3,Sports,1,30.45,0.0,30.45,Email,Tablet,Scotland,0,2022-09,2022-09-28
O0005356,C01923,2023-04-20,2023,4,Q2,Toys,2,39.42,0.0,78.83,Email,Tablet,Scotland,1,2023-04,2023-04-20
O0005357,C01923,2024-05-01,2024,5,Q2,Electronics,1,62.88,0.0,62.88,Email,Tablet,Scotland,1,2024-05,2024-05-01
O0005358,C01923,2024-10-10,2024,10,Q4,Toys,2,43.94,0.0,87.87,Email,Tablet,Scotland,1,2024-10,2024-10-10
O0005359,C01924,2023-10-24,2023,10,Q4,Electronics,1,76.53,0.0,76.53,Paid Search,Mobile,Scotland,0,2023-10,2023-10-24
O0005360,C01924,2024-02-11,2024,2,Q1,Books,3,27.35,0.0,82.05,Paid Search,Mobile,Scotland,1,2024-02,2024-02-11
O0005361,C01924,2024-03-25,2024,3,Q1,Books,2,18.56,0.05,35.26,Paid Search,Mobile,Scotland,1,2024-03,2024-03-25
O0005362,C01924,2024-08-12,2024,8,Q3,Books,4,20.7,0.0,82.82,Paid Search,Mobile,Scotland,1,2024-08,2024-08-12
O0005363,C01924,2024-09-17,2024,9,Q3,Books,2,14.74,0.0,29.48,Paid Search,Mobile,Scotland,1,2024-09,2024-09-17
O0005364,C01924,2024-12-01,2024,12,Q4,Clothing,3,98.38,0.19,239.07,Paid Search,Mobile,Scotland,1,2024-12,2024-12-01
O0005365,C01925,2023-06-08,2023,6,Q2,Electronics,2,213.16,0.0,426.33,Organic Search,Desktop,Scotland,0,2023-06,2023-06-08
O0005366,C01925,2023-08-05,2023,8,Q3,Home & Garden,2,75.52,0.0,151.04,Organic Search,Desktop,Scotland,1,2023-08,2023-08-05
O0005367,C01925,2024-03-05,2024,3,Q1,Electronics,3,117.28,0.19,284.98,Organic Search,Desktop,Scotland,1,2024-03,2024-03-05
O0005368,C01926,2021-06-26,2021,6,Q2,Home & Garden,4,56.75,0.0,227.01,Paid Search,Desktop,Scotland,0,2021-06,2021-06-26
O0005369,C01926,2021-09-08,2021,9,Q3,Electronics,2,272.44,0.12,479.5,Paid Search,Desktop,Scotland,1,2021-09,2021-09-08
O0005370,C01927,2024-10-12,2024,10,Q4,Books,2,23.23,0.07,43.21,Organic Search,Mobile,Midlands,0,2024-10,2024-10-12
O0005371,C01927,2024-12-15,2024,12,Q4,Clothing,3,88.52,0.0,265.57,Organic Search,Mobile,Midlands,1,2024-12,2024-12-15
O0005372,C01927,2024-12-23,2024,12,Q4,Books,2,28.67,0.0,57.34,Organic Search,Mobile,Midlands,1,2024-12,2024-12-23
O0005373,C01928,2022-04-06,2022,4,Q2,Home & Garden,2,69.11,0.25,103.67,Organic Search,Mobile,North East,0,2022-04,2022-04-06
O0005374,C01928,2022-04-18,2022,4,Q2,Beauty,3,44.21,0.0,132.64,Organic Search,Mobile,North East,1,2022-04,2022-04-18
O0005375,C01928,2022-04-23,2022,4,Q2,Beauty,1,23.25,0.0,23.25,Organic Search,Mobile,North East,1,2022-04,2022-04-23
O0005376,C01928,2022-06-25,2022,6,Q2,Home & Garden,4,76.79,0.0,307.16,Organic Search,Mobile,North East,1,2022-06,2022-06-25
O0005377,C01928,2023-09-05,2023,9,Q3,Home & Garden,4,89.36,0.0,357.44,Organic Search,Mobile,North East,1,2023-09,2023-09-05
O0005378,C01928,2023-12-16,2023,12,Q4,Clothing,2,103.24,0.23,158.98,Organic Search,Mobile,North East,1,2023-12,2023-12-16
O0005379,C01928,2024-05-04,2024,5,Q2,Home & Garden,3,68.16,0.0,204.48,Organic Search,Mobile,North East,1,2024-05,2024-05-04
O0005380,C01928,2024-07-14,2024,7,Q3,Home & Garden,3,56.65,0.04,163.15,Organic Search,Mobile,North East,1,2024-07,2024-07-14
O0005381,C01931,2024-07-08,2024,7,Q3,Toys,4,14.17,0.19,45.91,Email,Mobile,London,0,2024-07,2024-07-08
O0005382,C01931,2024-08-16,2024,8,Q3,Toys,2,31.96,0.0,63.93,Email,Mobile,London,1,2024-08,2024-08-16
O0005383,C01931,2024-12-04,2024,12,Q4,Clothing,1,111.9,0.0,111.9,Email,Mobile,London,1,2024-12,2024-12-04
O0005384,C01932,2023-03-07,2023,3,Q1,Beauty,3,25.12,0.0,75.36,Social Media,Mobile,Wales,0,2023-03,2023-03-07
O0005385,C01933,2023-04-06,2023,4,Q2,Clothing,4,64.57,0.0,258.3,Direct,Mobile,South East,0,2023-04,2023-04-06
O0005386,C01933,2023-06-07,2023,6,Q2,Clothing,2,88.39,0.03,171.47,Direct,Mobile,South East,1,2023-06,2023-06-07
O0005387,C01933,2023-06-26,2023,6,Q2,Home & Garden,4,62.68,0.06,235.66,Direct,Mobile,South East,1,2023-06,2023-06-26
O0005388,C01933,2024-08-19,2024,8,Q3,Home & Garden,2,52.55,0.0,105.09,Direct,Mobile,South East,1,2024-08,2024-08-19
O0005389,C01933,2024-11-23,2024,11,Q4,Clothing,1,64.55,0.0,64.55,Direct,Mobile,South East,1,2024-11,2024-11-23
O0005390,C01934,2024-11-18,2024,11,Q4,Clothing,2,72.58,0.1,130.64,Direct,Mobile,Scotland,0,2024-11,2024-11-18
O0005391,C01934,2024-12-07,2024,12,Q4,Electronics,3,240.92,0.0,722.77,Direct,Mobile,Scotland,1,2024-12,2024-12-07
O0005392,C01934,2024-12-15,2024,12,Q4,Books,1,36.68,0.04,35.22,Direct,Mobile,Scotland,1,2024-12,2024-12-15
O0005393,C01936,2024-09-24,2024,9,Q3,Sports,3,57.72,0.0,173.17,Email,Desktop,Yorkshire,0,2024-09,2024-09-24
O0005394,C01937,2024-11-18,2024,11,Q4,Clothing,4,65.34,0.0,261.37,Referral,Tablet,South West,0,2024-11,2024-11-18
O0005395,C01937,2024-11-19,2024,11,Q4,Clothing,3,70.77,0.0,212.3,Referral,Tablet,South West,1,2024-11,2024-11-19
O0005396,C01937,2024-12-22,2024,12,Q4,Clothing,2,105.6,0.0,211.19,Referral,Tablet,South West,1,2024-12,2024-12-22
O0005397,C01938,2021-07-24,2021,7,Q3,Electronics,3,120.34,0.0,361.03,Paid Search,Mobile,Scotland,0,2021-07,2021-07-24
O0005398,C01938,2021-11-03,2021,11,Q4,Home & Garden,2,104.57,0.0,209.13,Paid Search,Mobile,Scotland,1,2021-11,2021-11-03
O0005399,C01938,2022-01-22,2022,1,Q1,Electronics,4,134.34,0.0,537.36,Paid Search,Mobile,Scotland,1,2022-01,2022-01-22
O0005400,C01938,2022-06-16,2022,6,Q2,Electronics,3,72.01,0.0,216.02,Paid Search,Mobile,Scotland,1,2022-06,2022-06-16
O0005401,C01938,2022-10-24,2022,10,Q4,Electronics,1,144.53,0.07,134.41,Paid Search,Mobile,Scotland,1,2022-10,2022-10-24
O0005402,C01939,2023-08-05,2023,8,Q3,Sports,4,36.41,0.0,145.66,Referral,Desktop,North West,0,2023-08,2023-08-05
O0005403,C01939,2024-12-05,2024,12,Q4,Sports,3,68.18,0.0,204.55,Referral,Desktop,North West,1,2024-12,2024-12-05
O0005404,C01940,2022-09-22,2022,9,Q3,Sports,2,55.12,0.0,110.24,Paid Search,Mobile,South East,0,2022-09,2022-09-22
O0005405,C01940,2022-09-30,2022,9,Q3,Books,3,18.55,0.0,55.66,Paid Search,Mobile,South East,1,2022-09,2022-09-30
O0005406,C01940,2022-11-04,2022,11,Q4,Sports,3,77.16,0.0,231.48,Paid Search,Mobile,South East,1,2022-11,2022-11-04
O0005407,C01941,2023-03-05,2023,3,Q1,Clothing,4,44.89,0.0,179.56,Paid Search,Mobile,North West,0,2023-03,2023-03-05
O0005408,C01941,2023-07-22,2023,7,Q3,Clothing,4,68.77,0.0,275.06,Paid Search,Mobile,North West,1,2023-07,2023-07-22
O0005409,C01941,2024-04-08,2024,4,Q2,Clothing,4,70.02,0.12,246.47,Paid Search,Mobile,North West,1,2024-04,2024-04-08
O0005410,C01942,2021-11-19,2021,11,Q4,Clothing,2,93.57,0.0,187.14,Paid Search,Desktop,Scotland,0,2021-11,2021-11-19
O0005411,C01942,2023-03-02,2023,3,Q1,Books,4,15.38,0.0,61.52,Paid Search,Desktop,Scotland,1,2023-03,2023-03-02
O0005412,C01942,2023-04-02,2023,4,Q2,Books,1,21.98,0.0,21.98,Paid Search,Desktop,Scotland,1,2023-04,2023-04-02
O0005413,C01942,2024-06-07,2024,6,Q2,Books,2,14.59,0.02,28.6,Paid Search,Desktop,Scotland,1,2024-06,2024-06-07
O0005414,C01943,2024-03-21,2024,3,Q1,Home & Garden,2,67.63,0.0,135.27,Social Media,Mobile,London,0,2024-03,2024-03-21
O0005415,C01943,2024-04-16,2024,4,Q2,Home & Garden,4,70.33,0.18,230.68,Social Media,Mobile,London,1,2024-04,2024-04-16
O0005416,C01945,2024-06-14,2024,6,Q2,Clothing,4,40.3,0.0,161.2,Paid Search,Mobile,Midlands,0,2024-06,2024-06-14
O0005417,C01945,2024-10-25,2024,10,Q4,Clothing,3,91.3,0.0,273.91,Paid Search,Mobile,Midlands,1,2024-10,2024-10-25
O0005418,C01946,2021-08-27,2021,8,Q3,Clothing,2,47.29,0.07,87.96,Email,Mobile,Midlands,0,2021-08,2021-08-27
O0005419,C01946,2021-11-16,2021,11,Q4,Books,4,36.28,0.0,145.11,Email,Mobile,Midlands,1,2021-11,2021-11-16
O0005420,C01947,2024-03-19,2024,3,Q1,Clothing,3,79.48,0.0,238.44,Direct,Mobile,Scotland,0,2024-03,2024-03-19
O0005421,C01947,2024-04-20,2024,4,Q2,Home & Garden,3,71.75,0.06,202.33,Direct,Mobile,Scotland,1,2024-04,2024-04-20
O0005422,C01948,2023-12-15,2023,12,Q4,Sports,2,104.51,0.0,209.02,Direct,Mobile,Scotland,0,2023-12,2023-12-15
O0005423,C01948,2024-03-12,2024,3,Q1,Clothing,2,30.57,0.0,61.14,Direct,Mobile,Scotland,1,2024-03,2024-03-12
O0005424,C01948,2024-10-26,2024,10,Q4,Electronics,1,164.52,0.0,164.52,Direct,Mobile,Scotland,1,2024-10,2024-10-26
O0005425,C01950,2024-05-15,2024,5,Q2,Home & Garden,4,89.58,0.0,358.3,Direct,Desktop,Wales,0,2024-05,2024-05-15
O0005426,C01951,2023-11-29,2023,11,Q4,Electronics,2,228.77,0.0,457.55,Paid Search,Mobile,North West,0,2023-11,2023-11-29
O0005427,C01951,2024-01-01,2024,1,Q1,Electronics,4,108.49,0.22,338.48,Paid Search,Mobile,North West,1,2024-01,2024-01-01
O0005428,C01951,2024-04-26,2024,4,Q2,Electronics,4,64.02,0.17,212.54,Paid Search,Mobile,North West,1,2024-04,2024-04-26
O0005429,C01951,2024-05-24,2024,5,Q2,Electronics,2,196.98,0.0,393.96,Paid Search,Mobile,North West,1,2024-05,2024-05-24
O0005430,C01951,2024-05-28,2024,5,Q2,Beauty,2,43.55,0.0,87.11,Paid Search,Mobile,North West,1,2024-05,2024-05-28
O0005431,C01951,2024-12-21,2024,12,Q4,Clothing,3,113.19,0.18,278.45,Paid Search,Mobile,North West,1,2024-12,2024-12-21
O0005432,C01952,2021-09-11,2021,9,Q3,Electronics,3,118.32,0.0,354.96,Social Media,Mobile,Midlands,0,2021-09,2021-09-11
O0005433,C01952,2023-03-28,2023,3,Q1,Sports,2,29.63,0.2,47.4,Social Media,Mobile,Midlands,1,2023-03,2023-03-28
O0005434,C01952,2023-07-21,2023,7,Q3,Clothing,4,72.34,0.0,289.37,Social Media,Mobile,Midlands,1,2023-07,2023-07-21
O0005435,C01952,2023-08-01,2023,8,Q3,Sports,1,53.6,0.11,47.7,Social Media,Mobile,Midlands,1,2023-08,2023-08-01
O0005436,C01952,2024-01-11,2024,1,Q1,Sports,3,43.29,0.08,119.48,Social Media,Mobile,Midlands,1,2024-01,2024-01-11
O0005437,C01953,2022-03-07,2022,3,Q1,Clothing,3,30.82,0.13,80.44,Organic Search,Mobile,Yorkshire,0,2022-03,2022-03-07
O0005438,C01953,2022-11-20,2022,11,Q4,Home & Garden,3,94.02,0.0,282.05,Organic Search,Mobile,Yorkshire,1,2022-11,2022-11-20
O0005439,C01953,2024-03-11,2024,3,Q1,Home & Garden,2,84.33,0.23,129.87,Organic Search,Mobile,Yorkshire,1,2024-03,2024-03-11
O0005440,C01953,2024-05-22,2024,5,Q2,Home & Garden,1,68.2,0.03,66.15,Organic Search,Mobile,Yorkshire,1,2024-05,2024-05-22
O0005441,C01953,2024-05-31,2024,5,Q2,Home & Garden,4,43.82,0.0,175.29,Organic Search,Mobile,Yorkshire,1,2024-05,2024-05-31
O0005442,C01954,2024-06-18,2024,6,Q2,Clothing,3,34.92,0.0,104.75,Email,Tablet,South West,0,2024-06,2024-06-18
O0005443,C01954,2024-07-08,2024,7,Q3,Clothing,3,17.96,0.0,53.88,Email,Tablet,South West,1,2024-07,2024-07-08
O0005444,C01954,2024-08-15,2024,8,Q3,Clothing,3,73.81,0.15,188.22,Email,Tablet,South West,1,2024-08,2024-08-15
O0005445,C01954,2024-09-09,2024,9,Q3,Clothing,1,55.23,0.04,53.02,Email,Tablet,South West,1,2024-09,2024-09-09
O0005446,C01954,2024-10-07,2024,10,Q4,Clothing,4,93.28,0.16,313.43,Email,Tablet,South West,1,2024-10,2024-10-07
O0005447,C01956,2022-12-20,2022,12,Q4,Clothing,4,95.86,0.05,364.26,Email,Mobile,North West,0,2022-12,2022-12-20
O0005448,C01956,2024-08-11,2024,8,Q3,Clothing,2,49.17,0.0,98.34,Email,Mobile,North West,1,2024-08,2024-08-11
O0005449,C01958,2021-12-04,2021,12,Q4,Electronics,2,264.47,0.0,528.93,Email,Mobile,South West,0,2021-12,2021-12-04
O0005450,C01959,2024-07-08,2024,7,Q3,Clothing,1,55.74,0.0,55.74,Paid Search,Mobile,Scotland,0,2024-07,2024-07-08
O0005451,C01960,2024-07-30,2024,7,Q3,Home & Garden,1,83.34,0.11,74.18,Direct,Mobile,London,0,2024-07,2024-07-30
O0005452,C01960,2024-11-14,2024,11,Q4,Home & Garden,4,101.1,0.0,404.4,Direct,Mobile,London,1,2024-11,2024-11-14
O0005453,C01961,2021-07-08,2021,7,Q3,Clothing,4,50.6,0.0,202.41,Social Media,Mobile,Midlands,0,2021-07,2021-07-08
O0005454,C01961,2021-10-04,2021,10,Q4,Books,2,22.47,0.0,44.94,Social Media,Mobile,Midlands,1,2021-10,2021-10-04
O0005455,C01961,2023-01-02,2023,1,Q1,Electronics,4,52.78,0.0,211.13,Social Media,Mobile,Midlands,1,2023-01,2023-01-02
O0005456,C01961,2024-12-30,2024,12,Q4,Clothing,1,120.29,0.0,120.29,Social Media,Mobile,Midlands,1,2024-12,2024-12-30
O0005457,C01962,2024-04-14,2024,4,Q2,Sports,2,36.68,0.14,63.09,Paid Search,Mobile,Midlands,0,2024-04,2024-04-14
O0005458,C01962,2024-05-04,2024,5,Q2,Clothing,4,40.12,0.16,134.81,Paid Search,Mobile,Midlands,1,2024-05,2024-05-04
O0005459,C01962,2024-05-23,2024,5,Q2,Sports,4,70.34,0.04,270.11,Paid Search,Mobile,Midlands,1,2024-05,2024-05-23
O0005460,C01962,2024-06-26,2024,6,Q2,Sports,4,59.32,0.0,237.28,Paid Search,Mobile,Midlands,1,2024-06,2024-06-26
O0005461,C01962,2024-07-10,2024,7,Q3,Sports,1,44.66,0.02,43.76,Paid Search,Mobile,Midlands,1,2024-07,2024-07-10
O0005462,C01962,2024-08-27,2024,8,Q3,Sports,1,53.96,0.02,52.88,Paid Search,Mobile,Midlands,1,2024-08,2024-08-27
O0005463,C01962,2024-10-01,2024,10,Q4,Clothing,3,55.33,0.0,166.0,Paid Search,Mobile,Midlands,1,2024-10,2024-10-01
O0005464,C01963,2024-07-03,2024,7,Q3,Clothing,1,40.89,0.0,40.89,Email,Tablet,Midlands,0,2024-07,2024-07-03
O0005465,C01963,2024-09-12,2024,9,Q3,Clothing,3,77.74,0.0,233.22,Email,Tablet,Midlands,1,2024-09,2024-09-12
O0005466,C01965,2023-03-06,2023,3,Q1,Clothing,2,30.33,0.0,60.66,Paid Search,Desktop,North West,0,2023-03,2023-03-06
O0005467,C01965,2023-04-11,2023,4,Q2,Clothing,1,44.82,0.0,44.82,Paid Search,Desktop,North West,1,2023-04,2023-04-11
O0005468,C01965,2023-09-13,2023,9,Q3,Beauty,3,26.78,0.0,80.34,Paid Search,Desktop,North West,1,2023-09,2023-09-13
O0005469,C01966,2022-03-13,2022,3,Q1,Clothing,3,42.43,0.08,117.11,Paid Search,Desktop,North East,0,2022-03,2022-03-13
O0005470,C01966,2023-01-09,2023,1,Q1,Home & Garden,3,90.91,0.0,272.74,Paid Search,Desktop,North East,1,2023-01,2023-01-09
O0005471,C01966,2023-09-13,2023,9,Q3,Clothing,2,68.27,0.0,136.54,Paid Search,Desktop,North East,1,2023-09,2023-09-13
O0005472,C01967,2024-05-31,2024,5,Q2,Books,1,20.72,0.0,20.72,Organic Search,Desktop,Midlands,0,2024-05,2024-05-31
O0005473,C01967,2024-06-15,2024,6,Q2,Books,3,24.35,0.0,73.05,Organic Search,Desktop,Midlands,1,2024-06,2024-06-15
O0005474,C01967,2024-07-09,2024,7,Q3,Home & Garden,4,58.62,0.03,227.46,Organic Search,Desktop,Midlands,1,2024-07,2024-07-09
O0005475,C01967,2024-08-31,2024,8,Q3,Books,3,20.45,0.0,61.36,Organic Search,Desktop,Midlands,1,2024-08,2024-08-31
O0005476,C01967,2024-09-05,2024,9,Q3,Beauty,2,17.37,0.0,34.75,Organic Search,Desktop,Midlands,1,2024-09,2024-09-05
O0005477,C01967,2024-10-08,2024,10,Q4,Books,2,20.42,0.0,40.85,Organic Search,Desktop,Midlands,1,2024-10,2024-10-08
O0005478,C01967,2024-10-21,2024,10,Q4,Books,1,15.21,0.24,11.56,Organic Search,Desktop,Midlands,1,2024-10,2024-10-21
O0005479,C01968,2024-06-30,2024,6,Q2,Clothing,4,59.69,0.0,238.77,Organic Search,Mobile,Midlands,0,2024-06,2024-06-30
O0005480,C01968,2024-07-15,2024,7,Q3,Clothing,3,63.89,0.0,191.67,Organic Search,Mobile,Midlands,1,2024-07,2024-07-15
O0005481,C01968,2024-09-14,2024,9,Q3,Clothing,2,14.97,0.19,24.25,Organic Search,Mobile,Midlands,1,2024-09,2024-09-14
O0005482,C01968,2024-09-22,2024,9,Q3,Clothing,2,51.76,0.22,80.74,Organic Search,Mobile,Midlands,1,2024-09,2024-09-22
O0005483,C01969,2022-06-15,2022,6,Q2,Beauty,3,41.17,0.0,123.52,Paid Search,Tablet,North West,0,2022-06,2022-06-15
O0005484,C01969,2023-11-16,2023,11,Q4,Beauty,3,55.82,0.0,167.46,Paid Search,Tablet,North West,1,2023-11,2023-11-16
O0005485,C01969,2024-03-04,2024,3,Q1,Beauty,3,24.37,0.0,73.12,Paid Search,Tablet,North West,1,2024-03,2024-03-04
O0005486,C01969,2024-12-26,2024,12,Q4,Beauty,3,62.84,0.19,152.71,Paid Search,Tablet,North West,1,2024-12,2024-12-26
O0005487,C01970,2024-05-18,2024,5,Q2,Electronics,3,72.7,0.0,218.11,Email,Mobile,South East,0,2024-05,2024-05-18
O0005488,C01970,2024-11-03,2024,11,Q4,Electronics,3,202.6,0.0,607.79,Email,Mobile,South East,1,2024-11,2024-11-03
O0005489,C01970,2024-11-08,2024,11,Q4,Electronics,2,213.0,0.0,426.0,Email,Mobile,South East,1,2024-11,2024-11-08
O0005490,C01971,2024-09-06,2024,9,Q3,Books,2,8.84,0.0,17.68,Organic Search,Desktop,Scotland,0,2024-09,2024-09-06
O0005491,C01971,2024-10-28,2024,10,Q4,Books,3,34.74,0.0,104.23,Organic Search,Desktop,Scotland,1,2024-10,2024-10-28
O0005492,C01972,2023-09-21,2023,9,Q3,Clothing,3,62.75,0.17,156.25,Organic Search,Mobile,Wales,0,2023-09,2023-09-21
O0005493,C01973,2024-11-09,2024,11,Q4,Clothing,4,94.1,0.06,353.82,Email,Mobile,North West,0,2024-11,2024-11-09
O0005494,C01973,2024-12-16,2024,12,Q4,Clothing,4,103.21,0.04,396.32,Email,Mobile,North West,1,2024-12,2024-12-16
O0005495,C01973,2024-12-17,2024,12,Q4,Electronics,1,223.22,0.0,223.22,Email,Mobile,North West,1,2024-12,2024-12-17
O0005496,C01974,2024-08-14,2024,8,Q3,Clothing,4,56.5,0.0,226.0,Organic Search,Mobile,North West,0,2024-08,2024-08-14
O0005497,C01975,2023-09-03,2023,9,Q3,Clothing,1,25.59,0.2,20.47,Paid Search,Mobile,London,0,2023-09,2023-09-03
O0005498,C01975,2023-09-06,2023,9,Q3,Clothing,2,49.7,0.0,99.4,Paid Search,Mobile,London,1,2023-09,2023-09-06
O0005499,C01975,2023-09-22,2023,9,Q3,Clothing,3,29.42,0.17,73.26,Paid Search,Mobile,London,1,2023-09,2023-09-22
O0005500,C01975,2023-10-24,2023,10,Q4,Beauty,1,39.06,0.0,39.06,Paid Search,Mobile,London,1,2023-10,2023-10-24
O0005501,C01975,2024-10-02,2024,10,Q4,Clothing,2,60.77,0.17,100.88,Paid Search,Mobile,London,1,2024-10,2024-10-02
O0005502,C01975,2024-10-14,2024,10,Q4,Home & Garden,1,68.18,0.1,61.36,Paid Search,Mobile,London,1,2024-10,2024-10-14
O0005503,C01977,2022-03-09,2022,3,Q1,Clothing,1,57.64,0.1,51.88,Direct,Desktop,Scotland,0,2022-03,2022-03-09
O0005504,C01978,2024-05-31,2024,5,Q2,Electronics,4,135.27,0.0,541.1,Paid Search,Desktop,North West,0,2024-05,2024-05-31
O0005505,C01978,2024-12-24,2024,12,Q4,Sports,1,82.82,0.09,75.37,Paid Search,Desktop,North West,1,2024-12,2024-12-24
O0005506,C01979,2022-02-04,2022,2,Q1,Clothing,2,9.36,0.0,18.72,Organic Search,Mobile,South East,0,2022-02,2022-02-04
O0005507,C01979,2022-08-17,2022,8,Q3,Clothing,1,56.11,0.0,56.11,Organic Search,Mobile,South East,1,2022-08,2022-08-17
O0005508,C01979,2022-08-23,2022,8,Q3,Beauty,3,16.65,0.12,43.95,Organic Search,Mobile,South East,1,2022-08,2022-08-23
O0005509,C01980,2022-01-05,2022,1,Q1,Electronics,4,19.1,0.0,76.41,Referral,Desktop,South East,0,2022-01,2022-01-05
O0005510,C01981,2024-02-04,2024,2,Q1,Electronics,2,137.47,0.0,274.94,Direct,Mobile,South West,0,2024-02,2024-02-04
O0005511,C01981,2024-02-10,2024,2,Q1,Toys,1,26.03,0.0,26.03,Direct,Mobile,South West,1,2024-02,2024-02-10
O0005512,C01981,2024-02-22,2024,2,Q1,Toys,3,42.94,0.0,128.82,Direct,Mobile,South West,1,2024-02,2024-02-22
O0005513,C01981,2024-04-29,2024,4,Q2,Clothing,1,79.65,0.22,62.13,Direct,Mobile,South West,1,2024-04,2024-04-29
O0005514,C01981,2024-05-06,2024,5,Q2,Sports,4,55.02,0.0,220.08,Direct,Mobile,South West,1,2024-05,2024-05-06
O0005515,C01981,2024-06-24,2024,6,Q2,Clothing,3,52.57,0.0,157.7,Direct,Mobile,South West,1,2024-06,2024-06-24
O0005516,C01981,2024-11-14,2024,11,Q4,Clothing,4,75.24,0.0,300.96,Direct,Mobile,South West,1,2024-11,2024-11-14
O0005517,C01981,2024-11-27,2024,11,Q4,Clothing,3,71.06,0.0,213.19,Direct,Mobile,South West,1,2024-11,2024-11-27
O0005518,C01982,2023-02-18,2023,2,Q1,Electronics,3,116.55,0.0,349.64,Paid Search,Mobile,Wales,0,2023-02,2023-02-18
O0005519,C01984,2024-03-16,2024,3,Q1,Clothing,2,15.55,0.0,31.1,Direct,Mobile,South West,0,2024-03,2024-03-16
O0005520,C01984,2024-08-31,2024,8,Q3,Electronics,4,154.94,0.22,483.41,Direct,Mobile,South West,1,2024-08,2024-08-31
O0005521,C01984,2024-10-04,2024,10,Q4,Electronics,2,114.14,0.0,228.29,Direct,Mobile,South West,1,2024-10,2024-10-04
O0005522,C01985,2024-07-08,2024,7,Q3,Beauty,1,48.01,0.0,48.01,Referral,Mobile,North West,0,2024-07,2024-07-08
O0005523,C01985,2024-07-12,2024,7,Q3,Electronics,1,125.46,0.0,125.46,Referral,Mobile,North West,1,2024-07,2024-07-12
O0005524,C01985,2024-09-11,2024,9,Q3,Electronics,4,70.39,0.0,281.57,Referral,Mobile,North West,1,2024-09,2024-09-11
O0005525,C01985,2024-11-01,2024,11,Q4,Electronics,1,220.12,0.0,220.12,Referral,Mobile,North West,1,2024-11,2024-11-01
O0005526,C01986,2024-12-13,2024,12,Q4,Books,2,37.56,0.0,75.13,Direct,Desktop,Scotland,0,2024-12,2024-12-13
O0005527,C01986,2024-12-14,2024,12,Q4,Electronics,2,202.96,0.0,405.92,Direct,Desktop,Scotland,1,2024-12,2024-12-14
O0005528,C01986,2024-12-21,2024,12,Q4,Books,3,27.28,0.23,63.02,Direct,Desktop,Scotland,1,2024-12,2024-12-21
O0005529,C01986,2024-12-24,2024,12,Q4,Books,4,37.42,0.08,137.69,Direct,Desktop,Scotland,1,2024-12,2024-12-24
O0005530,C01987,2024-08-25,2024,8,Q3,Home & Garden,4,69.17,0.0,276.67,Paid Search,Desktop,London,0,2024-08,2024-08-25
O0005531,C01987,2024-11-08,2024,11,Q4,Home & Garden,2,94.62,0.0,189.24,Paid Search,Desktop,London,1,2024-11,2024-11-08
O0005532,C01988,2024-01-03,2024,1,Q1,Electronics,2,116.28,0.17,193.02,Paid Search,Desktop,South East,0,2024-01,2024-01-03
O0005533,C01988,2024-02-08,2024,2,Q1,Electronics,1,108.06,0.0,108.06,Paid Search,Desktop,South East,1,2024-02,2024-02-08
O0005534,C01988,2024-04-13,2024,4,Q2,Electronics,4,149.69,0.0,598.76,Paid Search,Desktop,South East,1,2024-04,2024-04-13
O0005535,C01988,2024-04-18,2024,4,Q2,Electronics,1,100.46,0.02,98.45,Paid Search,Desktop,South East,1,2024-04,2024-04-18
O0005536,C01988,2024-08-28,2024,8,Q3,Electronics,1,156.09,0.03,151.41,Paid Search,Desktop,South East,1,2024-08,2024-08-28
O0005537,C01989,2022-03-17,2022,3,Q1,Beauty,4,30.17,0.23,92.93,Email,Mobile,London,0,2022-03,2022-03-17
O0005538,C01989,2023-12-09,2023,12,Q4,Beauty,2,62.46,0.0,124.92,Email,Mobile,London,1,2023-12,2023-12-09
O0005539,C01989,2024-02-08,2024,2,Q1,Beauty,3,18.14,0.15,46.25,Email,Mobile,London,1,2024-02,2024-02-08
O0005540,C01989,2024-10-04,2024,10,Q4,Beauty,1,49.48,0.0,49.48,Email,Mobile,London,1,2024-10,2024-10-04
O0005541,C01989,2024-10-10,2024,10,Q4,Electronics,2,205.87,0.0,411.73,Email,Mobile,London,1,2024-10,2024-10-10
O0005542,C01989,2024-11-18,2024,11,Q4,Beauty,1,52.66,0.09,47.92,Email,Mobile,London,1,2024-11,2024-11-18
O0005543,C01990,2024-03-03,2024,3,Q1,Home & Garden,1,42.69,0.0,42.69,Paid Search,Mobile,North West,0,2024-03,2024-03-03
O0005544,C01990,2024-07-15,2024,7,Q3,Electronics,4,162.93,0.0,651.73,Paid Search,Mobile,North West,1,2024-07,2024-07-15
O0005545,C01990,2024-07-23,2024,7,Q3,Electronics,2,91.79,0.0,183.58,Paid Search,Mobile,North West,1,2024-07,2024-07-23
O0005546,C01990,2024-08-20,2024,8,Q3,Electronics,3,238.34,0.0,715.01,Paid Search,Mobile,North West,1,2024-08,2024-08-20
O0005547,C01991,2024-11-15,2024,11,Q4,Sports,2,62.11,0.0,124.22,Paid Search,Desktop,Scotland,0,2024-11,2024-11-15
O0005548,C01991,2024-11-22,2024,11,Q4,Clothing,1,84.86,0.0,84.86,Paid Search,Desktop,Scotland,1,2024-11,2024-11-22
O0005549,C01991,2024-11-30,2024,11,Q4,Clothing,4,87.06,0.0,348.22,Paid Search,Desktop,Scotland,1,2024-11,2024-11-30
O0005550,C01993,2024-09-01,2024,9,Q3,Home & Garden,2,88.99,0.0,177.97,Social Media,Mobile,London,0,2024-09,2024-09-01
O0005551,C01993,2024-09-27,2024,9,Q3,Electronics,1,151.14,0.0,151.14,Social Media,Mobile,London,1,2024-09,2024-09-27
O0005552,C01993,2024-11-17,2024,11,Q4,Home & Garden,4,124.13,0.11,441.9,Social Media,Mobile,London,1,2024-11,2024-11-17
O0005553,C01993,2024-11-17,2024,11,Q4,Beauty,4,84.67,0.0,338.69,Social Media,Mobile,London,1,2024-11,2024-11-17
O0005554,C01993,2024-11-18,2024,11,Q4,Electronics,3,181.19,0.0,543.58,Social Media,Mobile,London,1,2024-11,2024-11-18
O0005555,C01993,2024-12-02,2024,12,Q4,Electronics,4,177.28,0.0,709.13,Social Media,Mobile,London,1,2024-12,2024-12-02
O0005556,C01995,2024-10-14,2024,10,Q4,Home & Garden,2,102.07,0.0,204.14,Email,Desktop,North East,0,2024-10,2024-10-14
O0005557,C01997,2024-12-28,2024,12,Q4,Clothing,2,37.14,0.15,63.14,Social Media,Mobile,South East,0,2024-12,2024-12-28
O0005558,C01999,2023-04-16,2023,4,Q2,Electronics,4,66.66,0.0,266.64,Organic Search,Desktop,North East,0,2023-04,2023-04-16
O0005559,C01999,2023-08-01,2023,8,Q3,Home & Garden,3,82.07,0.0,246.21,Organic Search,Desktop,North East,1,2023-08,2023-08-01
O0005560,C01999,2023-09-21,2023,9,Q3,Electronics,1,164.89,0.0,164.89,Organic Search,Desktop,North East,1,2023-09,2023-09-21
O0005561,C01999,2023-12-11,2023,12,Q4,Electronics,1,223.42,0.11,198.84,Organic Search,Desktop,North East,1,2023-12,2023-12-11
O0005562,C01999,2024-02-15,2024,2,Q1,Clothing,2,51.15,0.13,89.0,Organic Search,Desktop,North East,1,2024-02,2024-02-15
O0005563,C01999,2024-06-23,2024,6,Q2,Books,4,5.0,0.0,20.0,Organic Search,Desktop,North East,1,2024-06,2024-06-23
O0005564,C02000,2021-09-11,2021,9,Q3,Books,3,22.6,0.09,61.7,Paid Search,Mobile,South East,0,2021-09,2021-09-11
O0005565,C02000,2021-10-24,2021,10,Q4,Books,3,29.64,0.0,88.92,Paid Search,Mobile,South East,1,2021-10,2021-10-24
O0005566,C02000,2022-10-12,2022,10,Q4,Books,1,20.22,0.18,16.58,Paid Search,Mobile,South East,1,2022-10,2022-10-12
