customer_id,recency_days,frequency,monetary,first_order,last_order,avg_order_value,n_categories,r_score,f_score,m_score,rfm_segment,customer_lifetime_days,region,acquisition_channel,age_band
C00001,37,5,1818.11,2024-03-06,2024-11-24,363.62,2,4,4,5,Champions,263,South East,Social Media,18-24
C00002,1200,1,79.69,2021-09-18,2021-09-18,79.69,1,1,1,1,Hibernating,0,London,Email,55+
C00003,97,2,1057.14,2023-06-22,2024-09-25,528.57,1,3,2,5,Lost,461,South East,Paid Search,25-34
C00004,134,2,620.67,2023-12-25,2024-08-19,310.34,2,3,2,3,Lost,238,London,Referral,35-44
C00005,150,2,442.62,2024-07-26,2024-08-03,221.31,2,3,2,3,Lost,8,London,Email,55+
C00006,570,3,548.47,2022-10-09,2023-06-10,182.82,3,1,3,3,At Risk,244,North West,Organic Search,35-44
C00007,296,2,117.38,2022-08-23,2024-03-10,58.69,2,2,2,1,Hibernating,565,London,Paid Search,25-34
C00008,53,1,91.01,2024-11-08,2024-11-08,91.01,1,4,1,1,Recent Customers,0,South East,Referral,55+
C00009,397,3,278.03,2023-05-06,2023-11-30,92.68,1,1,3,2,At Risk,208,North West,Email,45-54
C00010,1101,1,406.99,2021-12-26,2021-12-26,406.99,1,1,1,3,Hibernating,0,Midlands,Referral,25-34
C00011,397,5,771.5,2021-12-24,2023-11-30,154.3,1,1,4,4,Cannot Lose Them,706,North West,Paid Search,25-34
C00012,127,5,781.12,2022-07-27,2024-08-26,156.22,3,3,4,4,Loyal Customers,761,North East,Organic Search,45-54
C00013,163,4,298.25,2023-11-24,2024-07-21,74.56,2,3,4,2,Loyal Customers,240,London,Paid Search,35-44
C00014,88,3,236.53,2023-11-14,2024-10-04,78.84,1,3,3,2,Loyal Customers,325,Wales,Social Media,25-34
C00015,4,2,548.48,2023-12-26,2024-12-27,274.24,2,5,2,3,Recent Customers,367,North West,Organic Search,35-44
C00016,328,2,137.74,2023-07-04,2024-02-07,68.87,2,2,2,1,Hibernating,218,South West,Organic Search,25-34
C00017,267,4,826.21,2022-07-25,2024-04-08,206.55,3,2,4,4,Cannot Lose Them,623,South East,Organic Search,35-44
C00020,263,2,380.63,2023-07-24,2024-04-12,190.32,2,2,2,2,Hibernating,263,North West,Organic Search,55+
C00021,10,8,2026.84,2024-11-15,2024-12-21,253.36,2,5,5,5,Champions,36,Midlands,Paid Search,25-34
C00022,16,3,853.04,2024-12-07,2024-12-15,284.35,2,5,3,4,Loyal Customers,8,London,Referral,25-34
C00023,276,3,812.51,2023-10-16,2024-03-30,270.84,2,2,3,4,At Risk,166,Scotland,Organic Search,55+
C00024,153,4,818.94,2022-01-24,2024-07-31,204.74,3,3,4,4,Loyal Customers,919,North East,Organic Search,35-44
C00025,128,3,186.74,2024-01-16,2024-08-25,62.25,2,3,3,1,Loyal Customers,222,Scotland,Social Media,35-44
C00026,241,1,342.24,2024-05-04,2024-05-04,342.24,1,2,1,2,Hibernating,0,South East,Social Media,18-24
C00027,348,2,444.67,2023-06-25,2024-01-18,222.34,2,2,2,3,Hibernating,207,North West,Direct,18-24
C00029,10,5,948.74,2023-08-20,2024-12-21,189.75,2,5,4,4,Champions,489,London,Direct,25-34
C00030,32,4,493.99,2024-04-27,2024-11-29,123.5,2,5,4,3,Champions,216,Scotland,Direct,45-54
C00032,1024,1,101.72,2022-03-13,2022-03-13,101.72,1,1,1,1,Hibernating,0,Yorkshire,Referral,35-44
C00033,75,2,337.45,2023-10-07,2024-10-17,168.72,2,4,2,2,Recent Customers,376,South West,Social Media,18-24
C00034,194,3,282.57,2023-10-04,2024-06-20,94.19,2,2,3,2,At Risk,260,South East,Referral,35-44
C00035,792,3,442.82,2022-03-02,2022-10-31,147.61,1,1,3,3,At Risk,243,South West,Email,35-44
C00036,165,3,719.73,2022-11-10,2024-07-19,239.91,3,3,3,4,Loyal Customers,617,London,Referral,55+
C00038,45,4,995.02,2023-12-27,2024-11-16,248.76,3,4,4,4,Champions,325,South East,Paid Search,45-54
C00039,102,1,334.63,2024-09-20,2024-09-20,334.63,1,3,1,2,Lost,0,London,Email,35-44
C00040,9,2,512.84,2024-12-07,2024-12-22,256.42,1,5,2,3,Recent Customers,15,Scotland,Organic Search,25-34
C00041,509,1,38.7,2023-08-10,2023-08-10,38.7,1,1,1,1,Hibernating,0,Scotland,Direct,45-54
C00042,228,5,586.37,2022-06-10,2024-05-17,117.27,2,2,4,3,Cannot Lose Them,707,North West,Organic Search,35-44
C00043,160,4,362.93,2023-06-29,2024-07-24,90.73,2,3,4,2,Loyal Customers,391,North West,Organic Search,45-54
C00044,549,5,850.76,2022-01-29,2023-07-01,170.15,2,1,4,4,Cannot Lose Them,518,Scotland,Paid Search,45-54
C00046,17,4,446.28,2023-08-18,2024-12-14,111.57,2,5,4,3,Champions,484,Wales,Paid Search,25-34
C00047,53,6,811.05,2024-01-05,2024-11-08,135.17,2,4,5,4,Champions,308,London,Referral,25-34
C00049,65,1,399.73,2024-10-27,2024-10-27,399.73,1,4,1,3,Recent Customers,0,North East,Email,25-34
C00050,55,5,1076.52,2024-03-08,2024-11-06,215.3,3,4,4,5,Champions,243,North West,Organic Search,55+
C00051,372,2,383.55,2022-12-22,2023-12-25,191.78,2,1,2,2,Hibernating,368,London,Paid Search,25-34
C00052,197,8,2165.55,2021-04-20,2024-06-17,270.69,5,2,5,5,Cannot Lose Them,1154,Wales,Direct,55+
C00053,386,3,339.67,2023-02-10,2023-12-11,113.22,2,1,3,2,At Risk,304,South West,Email,45-54
C00054,802,1,82.02,2022-10-21,2022-10-21,82.02,1,1,1,1,Hibernating,0,Midlands,Paid Search,35-44
C00055,64,4,921.79,2024-07-29,2024-10-28,230.45,1,4,4,4,Champions,91,Wales,Direct,18-24
C00056,34,9,1577.95,2024-07-11,2024-11-27,175.33,5,4,5,5,Champions,139,South West,Organic Search,18-24
C00057,9,4,147.89,2023-05-13,2024-12-22,36.97,1,5,4,1,Champions,589,Yorkshire,Email,18-24
C00058,636,1,66.73,2023-04-05,2023-04-05,66.73,1,1,1,1,Hibernating,0,South East,Organic Search,55+
C00059,194,5,633.21,2023-10-22,2024-06-20,126.64,3,2,4,4,Cannot Lose Them,242,Midlands,Direct,35-44
C00060,9,5,728.0,2022-02-09,2024-12-22,145.6,2,5,4,4,Champions,1047,London,Direct,25-34
C00061,192,4,1221.87,2023-02-01,2024-06-22,305.47,2,2,4,5,Cannot Lose Them,507,London,Referral,55+
C00063,20,5,432.94,2023-10-15,2024-12-11,86.59,1,5,4,3,Champions,423,Wales,Social Media,55+
C00064,743,1,343.33,2022-12-19,2022-12-19,343.33,1,1,1,2,Hibernating,0,Yorkshire,Direct,18-24
C00065,90,3,578.23,2024-01-30,2024-10-02,192.74,2,3,3,3,Loyal Customers,246,Scotland,Social Media,25-34
C00066,256,2,509.05,2023-05-06,2024-04-19,254.52,2,2,2,3,Hibernating,349,London,Organic Search,25-34
C00067,820,1,71.23,2022-10-03,2022-10-03,71.23,1,1,1,1,Hibernating,0,Scotland,Email,35-44
C00068,345,1,600.34,2024-01-21,2024-01-21,600.34,1,2,1,3,Hibernating,0,North West,Direct,18-24
C00070,42,2,341.88,2024-01-25,2024-11-19,170.94,2,4,2,2,Recent Customers,299,North West,Organic Search,55+
C00072,75,3,1161.86,2024-08-11,2024-10-17,387.29,2,4,3,5,Loyal Customers,67,London,Organic Search,55+
C00073,42,1,333.03,2024-11-19,2024-11-19,333.03,1,4,1,2,Recent Customers,0,London,Organic Search,35-44
C00074,137,3,967.24,2023-03-04,2024-08-16,322.41,3,3,3,4,Loyal Customers,531,London,Email,25-34
C00075,278,2,163.94,2023-06-04,2024-03-28,81.97,2,2,2,1,Hibernating,298,Wales,Email,45-54
C00076,188,6,2843.33,2023-06-21,2024-06-26,473.89,2,2,5,5,Cannot Lose Them,371,London,Organic Search,35-44
C00077,124,4,985.99,2022-08-22,2024-08-29,246.5,2,3,4,4,Loyal Customers,738,Scotland,Email,45-54
C00078,1121,1,193.07,2021-12-06,2021-12-06,193.07,1,1,1,1,Hibernating,0,London,Email,45-54
C00079,548,3,1251.71,2021-12-01,2023-07-02,417.24,3,1,3,5,At Risk,578,South East,Organic Search,55+
C00082,36,4,1951.45,2024-04-06,2024-11-25,487.86,1,4,4,5,Champions,233,Yorkshire,Paid Search,45-54
C00083,749,2,560.85,2021-10-22,2022-12-13,280.42,1,1,2,3,Hibernating,417,Scotland,Paid Search,45-54
C00084,191,2,60.48,2023-08-24,2024-06-23,30.24,2,2,2,1,Hibernating,304,Scotland,Direct,35-44
C00085,462,1,256.27,2023-09-26,2023-09-26,256.27,1,1,1,2,Hibernating,0,London,Social Media,55+
C00086,226,1,28.09,2024-05-19,2024-05-19,28.09,1,2,1,1,Hibernating,0,Scotland,Direct,35-44
C00087,135,10,1908.5,2023-10-01,2024-08-18,190.85,3,3,5,5,Loyal Customers,322,Midlands,Paid Search,25-34
C00088,249,4,1239.65,2022-12-10,2024-04-26,309.91,2,2,4,5,Cannot Lose Them,503,London,Organic Search,25-34
C00090,108,2,748.68,2024-07-16,2024-09-14,374.34,2,3,2,4,Lost,60,North West,Organic Search,25-34
C00091,5,3,305.46,2024-02-29,2024-12-26,101.82,1,5,3,2,Loyal Customers,301,Yorkshire,Email,35-44
C00092,781,1,271.63,2022-11-11,2022-11-11,271.63,1,1,1,2,Hibernating,0,London,Paid Search,18-24
C00094,19,4,1060.05,2024-11-13,2024-12-12,265.01,1,5,4,5,Champions,29,London,Organic Search,35-44
C00095,53,1,446.53,2024-11-08,2024-11-08,446.53,1,4,1,3,Recent Customers,0,Midlands,Organic Search,18-24
C00096,24,6,996.15,2024-08-11,2024-12-07,166.02,2,5,5,4,Champions,118,North West,Organic Search,35-44
C00097,182,7,540.12,2021-05-21,2024-07-02,77.16,4,2,5,3,Cannot Lose Them,1138,Yorkshire,Email,35-44
C00098,16,3,891.93,2024-10-12,2024-12-15,297.31,1,5,3,4,Loyal Customers,64,South East,Paid Search,25-34
C00100,1,6,1144.84,2024-11-09,2024-12-30,190.81,1,5,5,5,Champions,51,South East,Organic Search,35-44
C00101,23,2,127.38,2024-09-15,2024-12-08,63.69,1,5,2,1,Recent Customers,84,Wales,Direct,18-24
C00102,80,8,1661.9,2021-10-24,2024-10-12,207.74,3,4,5,5,Champions,1084,London,Email,35-44
C00103,63,4,508.05,2022-09-02,2024-10-29,127.01,2,4,4,3,Champions,788,South East,Paid Search,25-34
C00104,73,2,79.35,2022-10-31,2024-10-19,39.67,1,4,2,1,Recent Customers,719,North East,Organic Search,25-34
C00105,209,5,465.51,2023-01-26,2024-06-05,93.1,3,2,4,3,Cannot Lose Them,496,North West,Organic Search,25-34
C00106,304,8,1431.07,2021-12-20,2024-03-02,178.88,3,2,5,5,Cannot Lose Them,803,London,Organic Search,45-54
C00108,196,3,313.2,2022-09-06,2024-06-18,104.4,1,2,3,2,At Risk,651,Wales,Social Media,45-54
C00109,72,5,1041.78,2024-07-24,2024-10-20,208.36,3,4,4,5,Champions,88,London,Organic Search,35-44
C00110,873,1,109.48,2022-08-11,2022-08-11,109.48,1,1,1,1,Hibernating,0,Midlands,Email,55+
C00113,240,1,32.29,2024-05-05,2024-05-05,32.29,1,2,1,1,Hibernating,0,Yorkshire,Social Media,45-54
C00114,3,4,401.06,2024-05-30,2024-12-28,100.26,2,5,4,3,Champions,212,North East,Organic Search,45-54
C00115,102,3,700.97,2023-07-10,2024-09-20,233.66,3,3,3,4,Loyal Customers,438,Midlands,Paid Search,35-44
C00117,561,2,236.24,2023-04-23,2023-06-19,118.12,1,1,2,2,Hibernating,57,North West,Organic Search,25-34
C00118,98,4,689.84,2023-08-02,2024-09-24,172.46,2,3,4,4,Loyal Customers,419,Midlands,Direct,25-34
C00119,79,2,243.67,2023-04-24,2024-10-13,121.84,2,4,2,2,Recent Customers,538,London,Direct,35-44
C00120,416,2,151.1,2023-10-08,2023-11-11,75.55,1,1,2,1,Hibernating,34,Midlands,Paid Search,55+
C00121,39,4,1316.54,2023-07-02,2024-11-22,329.14,2,4,4,5,Champions,509,London,Organic Search,25-34
C00122,174,1,160.03,2024-07-10,2024-07-10,160.03,1,3,1,1,Lost,0,North West,Organic Search,18-24
C00123,147,9,3022.83,2023-09-17,2024-08-06,335.87,3,3,5,5,Loyal Customers,324,North West,Direct,35-44
C00124,722,2,649.38,2021-12-21,2023-01-09,324.69,2,1,2,4,Hibernating,384,South East,Paid Search,35-44
C00125,7,8,1224.24,2023-02-02,2024-12-24,153.03,2,5,5,5,Champions,691,South East,Social Media,25-34
C00126,113,6,1226.76,2023-12-17,2024-09-09,204.46,2,3,5,5,Loyal Customers,267,Wales,Organic Search,55+
C00127,62,3,909.6,2022-12-11,2024-10-30,303.2,3,4,3,4,Loyal Customers,689,South East,Paid Search,25-34
C00128,54,6,1555.85,2022-12-01,2024-11-07,259.31,3,4,5,5,Champions,707,London,Paid Search,45-54
C00132,204,3,376.65,2023-05-03,2024-06-10,125.55,1,2,3,2,At Risk,404,Midlands,Paid Search,35-44
C00133,66,6,587.12,2024-08-19,2024-10-26,97.85,2,4,5,3,Champions,68,South East,Social Media,25-34
C00134,310,4,836.53,2022-11-25,2024-02-25,209.13,2,2,4,4,Cannot Lose Them,457,North West,Paid Search,45-54
C00135,62,5,435.0,2024-03-08,2024-10-30,87.0,2,4,4,3,Champions,236,South East,Email,45-54
C00136,383,1,170.53,2023-12-14,2023-12-14,170.53,1,1,1,1,Hibernating,0,North West,Organic Search,45-54
C00140,360,5,610.08,2023-04-04,2024-01-06,122.02,2,2,4,3,Cannot Lose Them,277,London,Direct,25-34
C00141,80,3,338.06,2023-12-23,2024-10-12,112.69,2,4,3,2,Loyal Customers,294,Yorkshire,Social Media,25-34
C00143,188,2,124.39,2024-03-23,2024-06-26,62.19,2,2,2,1,Hibernating,95,North East,Paid Search,25-34
C00145,12,2,694.0,2023-11-07,2024-12-19,347.0,1,5,2,4,Recent Customers,408,Wales,Paid Search,35-44
C00146,259,4,649.57,2023-06-11,2024-04-16,162.39,3,2,4,4,Cannot Lose Them,310,Midlands,Organic Search,25-34
C00147,538,6,1024.49,2021-07-20,2023-07-12,170.75,4,1,5,4,Cannot Lose Them,722,North West,Paid Search,35-44
C00148,21,3,560.68,2022-04-04,2024-12-10,186.89,2,5,3,3,Loyal Customers,981,Scotland,Social Media,35-44
C00149,779,3,298.59,2021-12-30,2022-11-13,99.53,1,1,3,2,At Risk,318,Scotland,Referral,35-44
C00150,724,1,100.55,2023-01-07,2023-01-07,100.55,1,1,1,1,Hibernating,0,Scotland,Social Media,35-44
C00152,44,3,206.89,2024-09-28,2024-11-17,68.96,1,4,3,2,Loyal Customers,50,Wales,Organic Search,18-24
C00153,141,6,421.85,2022-10-02,2024-08-12,70.31,3,3,5,3,Loyal Customers,680,South East,Organic Search,45-54
C00154,482,2,249.7,2022-08-29,2023-09-06,124.85,1,1,2,2,Hibernating,373,South East,Social Media,25-34
C00156,503,1,432.29,2023-08-16,2023-08-16,432.29,1,1,1,3,Hibernating,0,South West,Social Media,45-54
C00157,227,6,1962.58,2022-08-25,2024-05-18,327.1,3,2,5,5,Cannot Lose Them,632,Wales,Organic Search,55+
C00158,10,7,2049.66,2024-03-09,2024-12-21,292.81,4,5,5,5,Champions,287,London,Organic Search,35-44
C00159,86,2,165.07,2024-10-05,2024-10-06,82.54,1,3,2,1,Lost,1,London,Paid Search,18-24
C00160,31,3,281.25,2024-06-28,2024-11-30,93.75,1,5,3,2,Loyal Customers,155,Scotland,Social Media,55+
C00161,87,5,473.33,2023-11-08,2024-10-05,94.67,3,3,4,3,Loyal Customers,332,North West,Organic Search,25-34
C00162,53,1,259.61,2024-11-08,2024-11-08,259.61,1,4,1,2,Recent Customers,0,Scotland,Direct,25-34
C00163,423,4,502.91,2022-09-23,2023-11-04,125.73,1,1,4,3,Cannot Lose Them,407,North West,Social Media,18-24
C00164,64,4,1885.1,2024-02-17,2024-10-28,471.28,1,4,4,5,Champions,254,South East,Organic Search,18-24
C00165,19,10,2107.22,2024-02-28,2024-12-12,210.72,2,5,5,5,Champions,288,Yorkshire,Email,35-44
C00166,271,2,95.71,2024-02-02,2024-04-04,47.86,1,2,2,1,Hibernating,62,London,Social Media,35-44
C00169,76,4,943.19,2024-01-02,2024-10-16,235.8,1,4,4,4,Champions,288,London,Email,55+
C00171,15,3,464.1,2024-10-08,2024-12-16,154.7,1,5,3,3,Loyal Customers,69,South West,Email,45-54
C00172,51,6,1194.66,2024-05-26,2024-11-10,199.11,2,4,5,5,Champions,168,London,Organic Search,55+
C00174,226,3,502.39,2022-07-24,2024-05-19,167.46,2,2,3,3,At Risk,665,Scotland,Organic Search,35-44
C00175,450,2,206.89,2023-05-18,2023-10-08,103.44,1,1,2,2,Hibernating,143,London,Organic Search,35-44
C00176,33,5,1244.44,2024-07-07,2024-11-28,248.89,1,4,4,5,Champions,144,London,Social Media,18-24
C00177,165,1,74.72,2024-07-19,2024-07-19,74.72,1,3,1,1,Lost,0,North West,Email,55+
C00178,58,5,846.18,2022-06-01,2024-11-03,169.24,2,4,4,4,Champions,886,South East,Social Media,25-34
C00179,95,8,3562.16,2022-06-22,2024-09-27,445.27,3,3,5,5,Loyal Customers,828,Scotland,Referral,35-44
C00180,11,7,1418.11,2023-08-18,2024-12-20,202.59,3,5,5,5,Champions,490,London,Organic Search,45-54
C00181,6,6,462.82,2022-10-01,2024-12-25,77.14,3,5,5,3,Champions,816,London,Paid Search,45-54
C00182,118,1,38.7,2024-09-04,2024-09-04,38.7,1,3,1,1,Lost,0,South West,Organic Search,35-44
C00185,15,1,230.67,2024-12-16,2024-12-16,230.67,1,5,1,2,Recent Customers,0,Scotland,Paid Search,45-54
C00186,5,4,412.25,2024-08-26,2024-12-26,103.06,3,5,4,3,Champions,122,Yorkshire,Email,25-34
C00188,373,5,1071.98,2022-08-01,2023-12-24,214.4,3,1,4,5,Cannot Lose Them,510,Yorkshire,Organic Search,45-54
C00189,1020,1,249.62,2022-03-17,2022-03-17,249.62,1,1,1,2,Hibernating,0,London,Paid Search,55+
C00190,439,6,1745.77,2021-12-08,2023-10-19,290.96,3,1,5,5,Cannot Lose Them,680,South West,Direct,35-44
C00191,71,5,1121.12,2024-04-23,2024-10-21,224.22,4,4,4,5,Champions,181,London,Email,25-34
C00192,719,1,45.95,2023-01-12,2023-01-12,45.95,1,1,1,1,Hibernating,0,London,Paid Search,25-34
C00193,155,5,638.18,2022-12-10,2024-07-29,127.64,3,3,4,4,Loyal Customers,597,North West,Organic Search,45-54
C00194,68,7,1040.63,2023-09-24,2024-10-24,148.66,5,4,5,5,Champions,396,South West,Referral,35-44
C00195,48,6,783.51,2024-03-30,2024-11-13,130.58,3,4,5,4,Champions,228,Midlands,Social Media,45-54
C00197,101,2,102.87,2023-09-13,2024-09-21,51.44,2,3,2,1,Lost,374,Yorkshire,Social Media,25-34
C00198,118,2,164.37,2024-02-22,2024-09-04,82.18,1,3,2,1,Lost,195,Midlands,Paid Search,45-54
C00199,318,2,381.23,2023-05-05,2024-02-17,190.61,2,2,2,2,Hibernating,288,Yorkshire,Email,55+
C00200,175,2,298.6,2024-05-24,2024-07-09,149.3,2,3,2,2,Lost,46,London,Paid Search,25-34
C00201,201,3,526.43,2023-07-10,2024-06-13,175.48,1,2,3,3,At Risk,339,Scotland,Social Media,25-34
C00202,3,4,1461.75,2024-10-24,2024-12-28,365.44,1,5,4,5,Champions,65,Yorkshire,Email,18-24
C00204,69,1,47.56,2024-10-23,2024-10-23,47.56,1,4,1,1,Recent Customers,0,North West,Paid Search,45-54
C00206,343,1,200.75,2024-01-23,2024-01-23,200.75,1,2,1,2,Hibernating,0,London,Paid Search,35-44
C00207,105,5,855.73,2023-06-07,2024-09-17,171.15,2,3,4,4,Loyal Customers,468,South East,Paid Search,35-44
C00208,349,4,539.44,2022-05-04,2024-01-17,134.86,2,2,4,3,Cannot Lose Them,623,Wales,Paid Search,25-34
C00209,59,5,1094.02,2023-04-26,2024-11-02,218.8,2,4,4,5,Champions,556,North West,Organic Search,25-34
C00210,3,6,1648.95,2024-09-10,2024-12-28,274.82,2,5,5,5,Champions,109,North East,Email,45-54
C00212,7,1,84.33,2024-12-24,2024-12-24,84.33,1,5,1,1,Recent Customers,0,London,Organic Search,25-34
C00214,371,1,517.99,2023-12-26,2023-12-26,517.99,1,1,1,3,Hibernating,0,Scotland,Paid Search,35-44
C00215,235,6,974.01,2021-09-06,2024-05-10,162.34,2,2,5,4,Cannot Lose Them,977,South East,Social Media,55+
C00216,1057,2,110.0,2021-10-18,2022-02-08,55.0,2,1,2,1,Hibernating,113,London,Organic Search,35-44
C00218,30,6,476.91,2022-11-07,2024-12-01,79.48,1,5,5,3,Champions,755,Scotland,Direct,45-54
C00219,27,2,604.03,2024-11-23,2024-12-04,302.02,1,5,2,3,Recent Customers,11,London,Email,55+
C00222,20,4,751.15,2024-11-07,2024-12-11,187.79,2,5,4,4,Champions,34,South West,Paid Search,35-44
C00223,30,1,116.53,2024-12-01,2024-12-01,116.53,1,5,1,1,Recent Customers,0,Midlands,Email,35-44
C00224,106,5,509.76,2024-05-09,2024-09-16,101.95,1,3,4,3,Loyal Customers,130,Midlands,Paid Search,35-44
C00226,334,1,227.63,2024-02-01,2024-02-01,227.63,1,2,1,2,Hibernating,0,Midlands,Social Media,45-54
C00227,374,4,631.87,2022-12-10,2023-12-23,157.97,4,1,4,4,Cannot Lose Them,378,South West,Direct,18-24
C00230,81,5,911.13,2021-07-25,2024-10-11,182.23,2,4,4,4,Champions,1174,South East,Email,45-54
C00231,14,3,461.35,2022-12-23,2024-12-17,153.78,1,5,3,3,Loyal Customers,725,South East,Direct,45-54
C00232,11,8,1405.76,2024-05-21,2024-12-20,175.72,4,5,5,5,Champions,213,Midlands,Referral,55+
C00233,121,2,66.87,2024-08-07,2024-09-01,33.44,2,3,2,1,Lost,25,Midlands,Paid Search,25-34
C00234,25,8,1831.35,2024-04-20,2024-12-06,228.92,2,5,5,5,Champions,230,South East,Social Media,45-54
C00237,326,3,167.34,2023-10-15,2024-02-09,55.78,1,2,3,1,At Risk,117,Midlands,Paid Search,35-44
C00238,12,2,437.4,2024-11-03,2024-12-19,218.7,2,5,2,3,Recent Customers,46,North East,Organic Search,35-44
C00239,155,2,199.73,2024-06-23,2024-07-29,99.86,1,3,2,2,Lost,36,South East,Organic Search,25-34
C00240,19,5,1008.11,2022-11-15,2024-12-12,201.62,2,5,4,4,Champions,758,North West,Email,35-44
C00241,341,2,134.38,2022-11-09,2024-01-25,67.19,2,2,2,1,Hibernating,442,Midlands,Direct,25-34
C00242,33,5,599.68,2024-07-18,2024-11-28,119.94,3,4,4,3,Champions,133,London,Paid Search,25-34
C00243,555,8,1042.73,2021-10-22,2023-06-25,130.34,2,1,5,5,Cannot Lose Them,611,Midlands,Referral,25-34
C00244,593,1,262.51,2023-05-18,2023-05-18,262.51,1,1,1,2,Hibernating,0,North West,Social Media,55+
C00246,65,3,212.3,2023-11-09,2024-10-27,70.77,1,4,3,2,Loyal Customers,353,South West,Organic Search,45-54
C00247,48,7,2177.08,2024-03-04,2024-11-13,311.01,2,4,5,5,Champions,254,North East,Social Media,25-34
C00248,82,6,2061.05,2023-03-24,2024-10-10,343.51,3,4,5,5,Champions,566,Wales,Email,25-34
C00250,1183,1,65.99,2021-10-05,2021-10-05,65.99,1,1,1,1,Hibernating,0,London,Social Media,45-54
C00251,178,8,1531.85,2021-06-04,2024-07-06,191.48,5,2,5,5,Cannot Lose Them,1128,South East,Social Media,25-34
C00252,212,1,259.9,2024-06-02,2024-06-02,259.9,1,2,1,2,Hibernating,0,Wales,Email,45-54
C00253,261,1,720.98,2024-04-14,2024-04-14,720.98,1,2,1,4,Hibernating,0,London,Direct,55+
C00254,19,3,367.58,2024-08-18,2024-12-12,122.53,1,5,3,2,Loyal Customers,116,North West,Organic Search,55+
C00256,585,3,417.72,2022-10-13,2023-05-26,139.24,2,1,3,3,At Risk,225,London,Email,35-44
C00257,68,5,1224.62,2023-10-06,2024-10-24,244.92,3,4,4,5,Champions,384,Yorkshire,Social Media,25-34
C00258,85,6,943.7,2024-03-03,2024-10-07,157.28,3,4,5,4,Champions,218,North East,Organic Search,35-44
C00259,89,5,756.72,2023-04-14,2024-10-03,151.34,2,3,4,4,Loyal Customers,538,South East,Organic Search,45-54
C00260,256,1,110.9,2024-04-19,2024-04-19,110.9,1,2,1,1,Hibernating,0,North West,Paid Search,45-54
C00261,628,2,228.39,2022-11-07,2023-04-13,114.2,2,1,2,2,Hibernating,157,London,Paid Search,35-44
C00262,28,6,1001.62,2024-02-20,2024-12-03,166.94,4,5,5,4,Champions,287,London,Organic Search,55+
C00263,224,3,289.94,2022-11-17,2024-05-21,96.65,1,2,3,2,At Risk,551,South East,Email,18-24
C00264,2,6,1170.31,2022-07-08,2024-12-29,195.05,2,5,5,5,Champions,905,North West,Social Media,25-34
C00265,50,3,556.99,2023-03-03,2024-11-11,185.66,2,4,3,3,Loyal Customers,619,Scotland,Referral,35-44
C00266,10,4,1076.91,2022-12-01,2024-12-21,269.23,2,5,4,5,Champions,751,South East,Direct,45-54
C00267,151,5,502.54,2023-06-17,2024-08-02,100.51,3,3,4,3,Loyal Customers,412,Scotland,Email,35-44
C00268,29,3,630.24,2022-09-14,2024-12-02,210.08,2,5,3,4,Loyal Customers,810,Wales,Paid Search,45-54
C00269,15,4,536.56,2024-11-17,2024-12-16,134.14,1,5,4,3,Champions,29,London,Organic Search,25-34
C00271,108,3,613.74,2023-10-11,2024-09-14,204.58,1,3,3,3,Loyal Customers,339,North East,Organic Search,55+
C00272,15,6,1146.13,2024-06-27,2024-12-16,191.02,3,5,5,5,Champions,172,South East,Referral,25-34
C00273,616,1,72.27,2023-04-25,2023-04-25,72.27,1,1,1,1,Hibernating,0,South West,Email,45-54
C00274,154,4,1124.7,2023-10-19,2024-07-30,281.18,2,3,4,5,Loyal Customers,285,London,Paid Search,35-44
C00275,25,4,752.36,2024-06-21,2024-12-06,188.09,3,5,4,4,Champions,168,North West,Direct,25-34
C00277,40,5,826.78,2021-10-15,2024-11-21,165.36,2,4,4,4,Champions,1133,South East,Social Media,55+
C00280,222,3,244.71,2022-06-17,2024-05-23,81.57,3,2,3,2,At Risk,706,Scotland,Organic Search,45-54
C00281,1030,1,84.49,2022-03-07,2022-03-07,84.49,1,1,1,1,Hibernating,0,Yorkshire,Organic Search,45-54
C00282,37,1,132.24,2024-11-24,2024-11-24,132.24,1,4,1,1,Recent Customers,0,North West,Organic Search,45-54
C00284,149,3,864.22,2021-11-16,2024-08-04,288.07,3,3,3,4,Loyal Customers,992,South East,Paid Search,18-24
C00285,149,2,146.64,2024-04-02,2024-08-04,73.32,1,3,2,1,Lost,124,Scotland,Organic Search,35-44
C00286,248,3,1272.42,2023-12-28,2024-04-27,424.14,3,2,3,5,At Risk,121,Yorkshire,Organic Search,45-54
C00287,73,2,429.84,2023-12-03,2024-10-19,214.92,2,4,2,3,Recent Customers,321,North West,Paid Search,35-44
C00288,776,3,422.86,2021-11-12,2022-11-16,140.95,2,1,3,3,At Risk,369,London,Email,18-24
C00289,811,2,194.73,2022-07-14,2022-10-12,97.36,2,1,2,1,Hibernating,90,South West,Organic Search,35-44
C00290,31,2,1000.5,2024-07-29,2024-11-30,500.25,2,5,2,4,Recent Customers,124,Yorkshire,Organic Search,45-54
C00291,38,9,1427.19,2023-10-24,2024-11-23,158.58,3,4,5,5,Champions,396,Scotland,Email,45-54
C00292,53,8,696.25,2022-06-01,2024-11-08,87.03,4,4,5,4,Champions,891,South East,Email,55+
C00293,322,2,549.88,2022-05-18,2024-02-13,274.94,1,2,2,3,Hibernating,636,Midlands,Social Media,45-54
C00294,400,4,229.45,2021-06-13,2023-11-27,57.36,1,1,4,2,Cannot Lose Them,897,Wales,Organic Search,25-34
C00297,75,9,1190.18,2024-08-03,2024-10-17,132.24,1,4,5,5,Champions,75,Scotland,Direct,18-24
C00298,763,1,73.29,2022-11-29,2022-11-29,73.29,1,1,1,1,Hibernating,0,London,Social Media,18-24
C00299,30,4,744.0,2024-03-16,2024-12-01,186.0,2,5,4,4,Champions,260,London,Organic Search,55+
C00300,34,1,652.36,2024-11-27,2024-11-27,652.36,1,4,1,4,Recent Customers,0,Yorkshire,Social Media,18-24
C00301,164,1,255.33,2024-07-20,2024-07-20,255.33,1,3,1,2,Lost,0,Midlands,Paid Search,18-24
C00302,2,5,636.77,2024-12-11,2024-12-29,127.35,2,5,4,4,Champions,18,South West,Referral,18-24
C00303,90,3,414.46,2024-04-19,2024-10-02,138.15,2,3,3,3,Loyal Customers,166,Midlands,Paid Search,45-54
C00304,173,2,496.16,2024-03-23,2024-07-11,248.08,2,3,2,3,Lost,110,South East,Direct,18-24
C00305,155,4,552.38,2023-10-21,2024-07-29,138.1,1,3,4,3,Loyal Customers,282,South East,Direct,18-24
C00306,41,2,484.79,2024-10-16,2024-11-20,242.4,2,4,2,3,Recent Customers,35,Midlands,Social Media,25-34
C00309,196,6,2213.84,2022-04-27,2024-06-18,368.97,3,2,5,5,Cannot Lose Them,783,South East,Organic Search,45-54
C00310,353,4,467.53,2021-12-20,2024-01-13,116.88,2,2,4,3,Cannot Lose Them,754,London,Email,55+
C00312,31,3,816.93,2024-03-21,2024-11-30,272.31,2,5,3,4,Loyal Customers,254,Scotland,Paid Search,18-24
C00313,90,2,148.76,2023-06-02,2024-10-02,74.38,1,3,2,1,Lost,488,South East,Email,35-44
C00314,8,6,794.17,2024-02-27,2024-12-23,132.36,2,5,5,4,Champions,300,North West,Direct,35-44
C00315,5,10,1470.92,2024-07-24,2024-12-26,147.09,4,5,5,5,Champions,155,Midlands,Paid Search,35-44
C00319,127,4,555.41,2021-11-16,2024-08-26,138.85,2,3,4,3,Loyal Customers,1014,South West,Organic Search,25-34
C00320,253,2,372.79,2023-11-23,2024-04-22,186.4,1,2,2,2,Hibernating,151,South East,Direct,45-54
C00321,43,2,1069.74,2024-11-01,2024-11-18,534.87,1,4,2,5,Recent Customers,17,Scotland,Paid Search,45-54
C00322,364,3,188.56,2023-09-26,2024-01-02,62.85,2,2,3,1,At Risk,98,South East,Organic Search,25-34
C00323,327,3,505.91,2023-01-18,2024-02-08,168.64,3,2,3,3,At Risk,386,Yorkshire,Social Media,25-34
C00324,98,1,62.53,2024-09-24,2024-09-24,62.53,1,3,1,1,Lost,0,Scotland,Organic Search,18-24
C00325,505,1,251.39,2023-08-14,2023-08-14,251.39,1,1,1,2,Hibernating,0,London,Organic Search,45-54
C00326,8,5,1799.59,2023-09-03,2024-12-23,359.92,2,5,4,5,Champions,477,North West,Direct,18-24
C00327,11,5,569.96,2024-08-31,2024-12-20,113.99,2,5,4,3,Champions,111,South West,Direct,45-54
C00328,492,1,18.94,2023-08-27,2023-08-27,18.94,1,1,1,1,Hibernating,0,South West,Direct,25-34
C00329,175,2,341.07,2023-08-21,2024-07-09,170.54,1,3,2,2,Lost,323,Scotland,Email,18-24
C00330,36,8,1013.09,2023-01-28,2024-11-25,126.64,3,4,5,4,Champions,667,North West,Organic Search,45-54
C00331,24,3,673.64,2023-11-23,2024-12-07,224.55,1,5,3,4,Loyal Customers,380,South West,Social Media,35-44
C00332,15,1,87.18,2024-12-16,2024-12-16,87.18,1,5,1,1,Recent Customers,0,Midlands,Paid Search,18-24
C00333,16,3,722.84,2024-09-23,2024-12-15,240.95,3,5,3,4,Loyal Customers,83,London,Paid Search,25-34
C00334,901,3,532.82,2021-12-26,2022-07-14,177.61,3,1,3,3,At Risk,200,London,Direct,35-44
C00335,233,1,208.55,2024-05-12,2024-05-12,208.55,1,2,1,2,Hibernating,0,Midlands,Social Media,25-34
C00336,74,2,561.58,2022-11-28,2024-10-18,280.79,1,4,2,3,Recent Customers,690,Yorkshire,Organic Search,18-24
C00339,18,2,487.75,2024-11-02,2024-12-13,243.88,1,5,2,3,Recent Customers,41,Midlands,Social Media,18-24
C00340,4,2,1419.66,2024-12-26,2024-12-27,709.83,2,5,2,5,Recent Customers,1,Wales,Organic Search,55+
C00342,2,2,1266.9,2024-11-22,2024-12-29,633.45,1,5,2,5,Recent Customers,37,Yorkshire,Paid Search,25-34
C00343,733,1,141.44,2022-12-29,2022-12-29,141.44,1,1,1,1,Hibernating,0,Scotland,Organic Search,25-34
C00344,492,3,237.61,2022-05-17,2023-08-27,79.2,2,1,3,2,At Risk,467,South East,Paid Search,45-54
C00346,118,5,916.98,2023-02-25,2024-09-04,183.4,2,3,4,4,Loyal Customers,557,Yorkshire,Direct,45-54
C00348,21,3,374.35,2024-08-18,2024-12-10,124.78,3,5,3,2,Loyal Customers,114,Scotland,Organic Search,18-24
C00349,88,3,869.14,2023-11-01,2024-10-04,289.71,1,3,3,4,Loyal Customers,338,South West,Social Media,35-44
C00350,24,3,209.67,2023-11-01,2024-12-07,69.89,2,5,3,2,Loyal Customers,402,London,Organic Search,35-44
C00351,751,4,959.31,2021-06-06,2022-12-11,239.83,2,1,4,4,Cannot Lose Them,553,Scotland,Email,18-24
C00352,24,5,1813.02,2023-05-11,2024-12-07,362.6,3,5,4,5,Champions,576,London,Direct,18-24
C00353,150,3,292.23,2024-01-27,2024-08-03,97.41,2,3,3,2,Loyal Customers,189,Midlands,Paid Search,55+
C00355,224,1,196.62,2024-05-21,2024-05-21,196.62,1,2,1,1,Hibernating,0,South East,Paid Search,45-54
C00357,45,4,1083.54,2024-04-06,2024-11-16,270.88,2,4,4,5,Champions,224,South West,Paid Search,18-24
C00358,127,3,719.34,2023-06-09,2024-08-26,239.78,3,3,3,4,Loyal Customers,444,London,Organic Search,25-34
C00359,551,1,84.36,2023-06-29,2023-06-29,84.36,1,1,1,1,Hibernating,0,London,Social Media,35-44
C00360,46,6,906.89,2023-07-04,2024-11-15,151.15,3,4,5,4,Champions,500,London,Referral,35-44
C00361,174,2,400.85,2023-07-11,2024-07-10,200.42,1,3,2,3,Lost,365,London,Organic Search,18-24
C00362,177,2,182.26,2023-04-24,2024-07-07,91.13,2,3,2,1,Lost,440,South East,Direct,25-34
C00363,141,2,387.91,2024-04-11,2024-08-12,193.96,1,3,2,2,Lost,123,Wales,Email,25-34
C00364,972,1,79.11,2022-05-04,2022-05-04,79.11,1,1,1,1,Hibernating,0,North East,Referral,25-34
C00365,331,1,132.45,2024-02-04,2024-02-04,132.45,1,2,1,1,Hibernating,0,Yorkshire,Paid Search,18-24
C00366,173,3,571.98,2023-08-06,2024-07-11,190.66,2,3,3,3,Loyal Customers,340,South East,Social Media,35-44
C00367,155,5,674.8,2023-01-13,2024-07-29,134.96,2,3,4,4,Loyal Customers,563,Scotland,Organic Search,25-34
C00369,623,2,832.19,2022-02-13,2023-04-18,416.1,2,1,2,4,Hibernating,429,London,Email,35-44
C00370,153,4,505.69,2022-05-31,2024-07-31,126.42,1,3,4,3,Loyal Customers,792,Scotland,Organic Search,45-54
C00373,160,2,384.92,2024-05-01,2024-07-24,192.46,1,3,2,2,Lost,84,Yorkshire,Email,35-44
C00374,226,2,234.97,2024-05-17,2024-05-19,117.48,2,2,2,2,Hibernating,2,Scotland,Paid Search,18-24
C00375,49,4,453.66,2024-09-09,2024-11-12,113.42,2,4,4,3,Champions,64,Yorkshire,Email,35-44
C00376,6,9,2697.86,2024-10-06,2024-12-25,299.76,2,5,5,5,Champions,80,Scotland,Email,45-54
C00377,75,1,28.43,2024-10-17,2024-10-17,28.43,1,4,1,1,Recent Customers,0,Scotland,Referral,18-24
C00378,31,5,982.01,2023-04-06,2024-11-30,196.4,2,5,4,4,Champions,604,North East,Social Media,45-54
C00379,379,3,504.13,2022-08-18,2023-12-18,168.04,1,1,3,3,At Risk,487,North East,Social Media,35-44
C00380,73,5,838.61,2023-11-02,2024-10-19,167.72,2,4,4,4,Champions,352,South West,Organic Search,35-44
C00381,22,5,681.02,2024-08-24,2024-12-09,136.2,2,5,4,4,Champions,107,London,Direct,45-54
C00382,24,4,1661.79,2024-11-09,2024-12-07,415.45,2,5,4,5,Champions,28,London,Organic Search,25-34
C00383,613,2,167.06,2023-04-02,2023-04-28,83.53,1,1,2,1,Hibernating,26,South East,Organic Search,35-44
C00384,134,2,1193.6,2022-12-19,2024-08-19,596.8,2,3,2,5,Lost,609,South East,Organic Search,45-54
C00385,541,1,319.44,2023-07-09,2023-07-09,319.44,1,1,1,2,Hibernating,0,Yorkshire,Paid Search,18-24
C00387,362,1,102.73,2024-01-04,2024-01-04,102.73,1,2,1,1,Hibernating,0,North East,Organic Search,18-24
C00388,688,2,311.05,2022-05-14,2023-02-12,155.52,2,1,2,2,Hibernating,274,South East,Paid Search,45-54
C00389,276,1,181.94,2024-03-30,2024-03-30,181.94,1,2,1,1,Hibernating,0,Scotland,Email,55+
C00392,195,1,304.22,2024-06-19,2024-06-19,304.22,1,2,1,2,Hibernating,0,North West,Email,25-34
C00393,171,4,554.45,2022-01-20,2024-07-13,138.61,2,3,4,3,Loyal Customers,905,Wales,Social Media,25-34
C00394,511,2,239.95,2023-05-21,2023-08-08,119.98,2,1,2,2,Hibernating,79,Midlands,Referral,25-34
C00395,35,4,819.12,2024-02-12,2024-11-26,204.78,3,4,4,4,Champions,288,Yorkshire,Organic Search,18-24
C00397,473,1,278.07,2023-09-15,2023-09-15,278.07,1,1,1,2,Hibernating,0,Scotland,Social Media,55+
C00399,92,1,131.02,2024-09-30,2024-09-30,131.02,1,3,1,1,Lost,0,South West,Social Media,18-24
C00400,52,3,190.85,2022-09-06,2024-11-09,63.62,1,4,3,1,Loyal Customers,795,Scotland,Social Media,18-24
C00401,285,2,938.33,2023-07-28,2024-03-21,469.16,1,2,2,4,Hibernating,237,Midlands,Email,55+
C00402,149,2,187.92,2024-05-06,2024-08-04,93.96,1,3,2,1,Lost,90,North East,Paid Search,18-24
C00403,301,2,776.47,2022-12-08,2024-03-05,388.24,1,2,2,4,Hibernating,453,London,Organic Search,45-54
C00404,546,3,664.84,2022-12-05,2023-07-04,221.61,1,1,3,4,At Risk,211,North West,Organic Search,55+
C00405,382,3,916.1,2023-08-11,2023-12-15,305.37,2,1,3,4,At Risk,126,Midlands,Social Media,25-34
C00406,130,3,447.94,2024-06-24,2024-08-23,149.31,1,3,3,3,Loyal Customers,60,London,Organic Search,45-54
C00407,27,5,818.2,2022-08-05,2024-12-04,163.64,1,5,4,4,Champions,852,Midlands,Referral,35-44
C00409,471,2,159.97,2023-05-29,2023-09-17,79.98,2,1,2,1,Hibernating,111,South East,Organic Search,55+
C00410,240,2,360.71,2024-04-15,2024-05-05,180.36,1,2,2,2,Hibernating,20,South East,Paid Search,35-44
C00411,57,8,1883.27,2022-12-24,2024-11-04,235.41,3,4,5,5,Champions,681,South West,Email,25-34
C00412,81,6,1147.89,2021-10-20,2024-10-11,191.31,1,4,5,5,Champions,1087,Wales,Email,35-44
C00413,429,1,83.66,2023-10-29,2023-10-29,83.66,1,1,1,1,Hibernating,0,Wales,Social Media,35-44
C00414,179,4,553.06,2021-04-12,2024-07-05,138.26,2,2,4,3,Cannot Lose Them,1180,Yorkshire,Organic Search,55+
C00416,202,6,2110.68,2023-03-05,2024-06-12,351.78,2,2,5,5,Cannot Lose Them,465,Wales,Email,35-44
C00417,566,4,516.58,2022-02-10,2023-06-14,129.15,4,1,4,3,Cannot Lose Them,489,London,Organic Search,25-34
C00419,2,3,572.46,2024-10-10,2024-12-29,190.82,2,5,3,3,Loyal Customers,80,South East,Paid Search,45-54
C00421,128,9,1413.14,2021-08-02,2024-08-25,157.02,3,3,5,5,Loyal Customers,1119,Scotland,Organic Search,25-34
C00422,49,3,235.81,2024-06-18,2024-11-12,78.6,2,4,3,2,Loyal Customers,147,Yorkshire,Email,25-34
C00424,34,1,114.82,2024-11-27,2024-11-27,114.82,1,4,1,1,Recent Customers,0,North West,Social Media,25-34
C00425,91,2,187.64,2024-03-12,2024-10-01,93.82,1,3,2,1,Lost,203,Scotland,Direct,45-54
C00426,58,9,2379.68,2024-02-09,2024-11-03,264.41,2,4,5,5,Champions,268,London,Organic Search,55+
C00427,214,2,358.02,2024-04-25,2024-05-31,179.01,1,2,2,2,Hibernating,36,Midlands,Paid Search,18-24
C00429,34,1,303.56,2024-11-27,2024-11-27,303.56,1,4,1,2,Recent Customers,0,South East,Organic Search,18-24
C00430,44,4,727.72,2022-10-18,2024-11-17,181.93,3,4,4,4,Champions,761,Wales,Paid Search,45-54
C00431,438,1,119.65,2023-10-20,2023-10-20,119.65,1,1,1,1,Hibernating,0,North East,Paid Search,35-44
C00432,186,2,430.93,2024-06-10,2024-06-28,215.46,1,2,2,3,Hibernating,18,North West,Organic Search,18-24
C00433,379,1,284.14,2023-12-18,2023-12-18,284.14,1,1,1,2,Hibernating,0,London,Referral,25-34
C00434,38,7,774.79,2022-03-11,2024-11-23,110.68,2,4,5,4,Champions,988,North East,Referral,45-54
C00435,68,1,95.16,2024-10-24,2024-10-24,95.16,1,4,1,1,Recent Customers,0,Scotland,Social Media,18-24
C00437,37,2,246.82,2023-07-10,2024-11-24,123.41,1,4,2,2,Recent Customers,503,North West,Social Media,35-44
C00438,282,2,668.9,2023-10-02,2024-03-24,334.45,1,2,2,4,Hibernating,174,London,Organic Search,45-54
C00439,523,1,47.08,2023-07-27,2023-07-27,47.08,1,1,1,1,Hibernating,0,North East,Social Media,25-34
C00440,59,3,350.56,2024-06-04,2024-11-02,116.85,1,4,3,2,Loyal Customers,151,South West,Paid Search,45-54
C00441,24,4,1012.54,2022-08-12,2024-12-07,253.14,1,5,4,4,Champions,848,Scotland,Organic Search,55+
C00442,2,2,1071.36,2024-10-23,2024-12-29,535.68,1,5,2,5,Recent Customers,67,North East,Email,25-34
C00443,228,1,85.04,2024-05-17,2024-05-17,85.04,1,2,1,1,Hibernating,0,North East,Paid Search,18-24
C00446,307,2,568.1,2022-12-12,2024-02-28,284.05,2,2,2,3,Hibernating,443,London,Direct,25-34
C00447,15,3,345.75,2024-11-30,2024-12-16,115.25,1,5,3,2,Loyal Customers,16,Yorkshire,Organic Search,45-54
C00449,492,4,395.55,2023-06-09,2023-08-27,98.89,1,1,4,3,Cannot Lose Them,79,North West,Direct,35-44
C00450,279,1,438.13,2024-03-27,2024-03-27,438.13,1,2,1,3,Hibernating,0,South East,Paid Search,18-24
C00451,346,2,198.23,2023-01-29,2024-01-20,99.12,1,2,2,2,Hibernating,356,Wales,Social Media,45-54
C00453,39,4,429.36,2021-12-12,2024-11-22,107.34,2,4,4,3,Champions,1076,Wales,Organic Search,35-44
C00454,123,2,343.73,2024-05-30,2024-08-30,171.86,2,3,2,2,Lost,92,North West,Paid Search,25-34
C00455,16,4,406.77,2024-10-29,2024-12-15,101.69,1,5,4,3,Champions,47,Midlands,Email,35-44
C00456,23,6,1466.93,2021-12-24,2024-12-08,244.49,4,5,5,5,Champions,1080,Wales,Organic Search,35-44
C00457,358,1,114.44,2024-01-08,2024-01-08,114.44,1,2,1,1,Hibernating,0,South West,Social Media,35-44
C00458,83,1,77.78,2024-10-09,2024-10-09,77.78,1,4,1,1,Recent Customers,0,South East,Organic Search,55+
C00459,102,2,246.23,2024-09-03,2024-09-20,123.12,1,3,2,2,Lost,17,Midlands,Organic Search,45-54
C00460,32,4,1034.82,2023-10-07,2024-11-29,258.7,3,5,4,5,Champions,419,South West,Paid Search,25-34
C00462,50,3,350.72,2024-04-10,2024-11-11,116.91,2,4,3,2,Loyal Customers,215,London,Paid Search,55+
C00463,79,6,1140.81,2022-01-13,2024-10-13,190.14,4,4,5,5,Champions,1004,North West,Social Media,35-44
C00464,26,3,721.86,2022-06-13,2024-12-05,240.62,2,5,3,4,Loyal Customers,906,South West,Organic Search,18-24
C00465,34,6,707.9,2023-12-08,2024-11-27,117.98,3,4,5,4,Champions,355,North West,Organic Search,25-34
C00466,102,1,53.77,2024-09-20,2024-09-20,53.77,1,3,1,1,Lost,0,Midlands,Email,45-54
C00467,250,2,205.08,2024-02-01,2024-04-25,102.54,1,2,2,2,Hibernating,84,Wales,Email,45-54
C00470,818,1,155.69,2022-10-05,2022-10-05,155.69,1,1,1,1,Hibernating,0,Scotland,Paid Search,45-54
C00471,47,3,604.45,2022-11-30,2024-11-14,201.48,2,4,3,3,Loyal Customers,715,Yorkshire,Organic Search,18-24
C00472,291,6,803.84,2023-05-15,2024-03-15,133.97,1,2,5,4,Cannot Lose Them,305,South East,Organic Search,25-34
C00473,10,9,1133.8,2024-03-07,2024-12-21,125.98,5,5,5,5,Champions,289,Yorkshire,Social Media,45-54
C00474,465,3,534.18,2022-12-25,2023-09-23,178.06,1,1,3,3,At Risk,272,London,Organic Search,35-44
C00475,1018,3,542.51,2022-01-05,2022-03-19,180.84,2,1,3,3,At Risk,73,London,Direct,45-54
C00476,36,3,759.69,2024-11-13,2024-11-25,253.23,2,4,3,4,Loyal Customers,12,North West,Paid Search,18-24
C00477,184,8,683.95,2021-09-10,2024-06-30,85.49,2,2,5,4,Cannot Lose Them,1024,Scotland,Paid Search,55+
C00479,638,2,107.49,2023-03-06,2023-04-03,53.74,2,1,2,1,Hibernating,28,North West,Paid Search,45-54
C00480,259,3,442.78,2024-01-15,2024-04-16,147.59,1,2,3,3,At Risk,92,Yorkshire,Organic Search,25-34
C00481,88,1,276.3,2024-10-04,2024-10-04,276.3,1,3,1,2,Lost,0,London,Email,25-34
C00482,62,4,768.46,2024-02-05,2024-10-30,192.11,3,4,4,4,Champions,268,London,Paid Search,55+
C00483,748,2,267.96,2022-01-25,2022-12-14,133.98,1,1,2,2,Hibernating,323,North West,Paid Search,45-54
C00485,836,1,161.0,2022-09-17,2022-09-17,161.0,1,1,1,1,Hibernating,0,London,Paid Search,25-34
C00486,33,3,650.96,2024-09-30,2024-11-28,216.99,2,4,3,4,Loyal Customers,59,South West,Social Media,35-44
C00487,10,9,1216.29,2021-10-16,2024-12-21,135.14,3,5,5,5,Champions,1162,Yorkshire,Email,25-34
C00488,444,4,197.82,2022-08-20,2023-10-14,49.46,2,1,4,2,Cannot Lose Them,420,South West,Social Media,25-34
C00490,91,4,1000.14,2023-06-25,2024-10-01,250.04,3,3,4,4,Loyal Customers,464,North West,Email,25-34
C00491,878,1,141.18,2022-08-06,2022-08-06,141.18,1,1,1,1,Hibernating,0,South East,Social Media,55+
C00492,1269,1,159.36,2021-07-11,2021-07-11,159.36,1,1,1,1,Hibernating,0,Scotland,Paid Search,25-34
C00493,814,2,968.59,2021-12-06,2022-10-09,484.29,1,1,2,4,Hibernating,307,North West,Organic Search,45-54
C00494,115,3,266.15,2024-06-01,2024-09-07,88.72,1,3,3,2,Loyal Customers,98,Wales,Paid Search,25-34
C00495,253,4,444.22,2022-11-23,2024-04-22,111.06,1,2,4,3,Cannot Lose Them,516,North East,Email,35-44
C00496,10,2,376.37,2024-11-28,2024-12-21,188.18,1,5,2,2,Recent Customers,23,Scotland,Paid Search,35-44
C00497,117,3,132.28,2023-03-24,2024-09-05,44.09,2,3,3,1,Loyal Customers,531,South East,Direct,45-54
C00498,293,1,284.02,2024-03-13,2024-03-13,284.02,1,2,1,2,Hibernating,0,North East,Direct,25-34
C00499,43,4,495.59,2024-09-11,2024-11-18,123.9,2,4,4,3,Champions,68,North West,Email,45-54
C00500,62,2,309.2,2023-02-02,2024-10-30,154.6,2,4,2,2,Recent Customers,636,Yorkshire,Organic Search,25-34
C00501,336,2,256.27,2023-09-13,2024-01-30,128.14,1,2,2,2,Hibernating,139,Wales,Paid Search,35-44
C00502,40,5,671.66,2024-06-09,2024-11-21,134.33,1,4,4,4,Champions,165,Yorkshire,Social Media,35-44
C00503,11,5,1017.54,2023-07-28,2024-12-20,203.51,3,5,4,4,Champions,511,South West,Social Media,25-34
C00504,21,2,465.94,2024-12-07,2024-12-10,232.97,2,5,2,3,Recent Customers,3,North East,Organic Search,25-34
C00505,131,2,51.49,2024-03-09,2024-08-22,25.74,1,3,2,1,Lost,166,South East,Email,25-34
C00506,325,5,843.65,2021-04-12,2024-02-10,168.73,3,2,4,4,Cannot Lose Them,1034,Yorkshire,Social Media,18-24
C00507,2,4,392.27,2024-07-16,2024-12-29,98.07,2,5,4,3,Champions,166,Midlands,Organic Search,25-34
C00508,38,3,504.38,2023-08-04,2024-11-23,168.13,1,4,3,3,Loyal Customers,477,South West,Organic Search,25-34
C00509,42,7,1357.02,2023-03-31,2024-11-19,193.86,4,4,5,5,Champions,599,London,Paid Search,25-34
C00510,70,5,504.66,2024-08-28,2024-10-22,100.93,1,4,4,3,Champions,55,London,Organic Search,25-34
C00511,327,2,481.67,2021-08-24,2024-02-08,240.83,2,2,2,3,Hibernating,898,London,Direct,25-34
C00512,393,2,734.99,2021-11-07,2023-12-04,367.5,1,1,2,4,Hibernating,757,North East,Paid Search,25-34
C00513,353,1,91.55,2024-01-13,2024-01-13,91.55,1,2,1,1,Hibernating,0,North West,Paid Search,35-44
C00514,372,2,772.06,2023-03-27,2023-12-25,386.03,2,1,2,4,Hibernating,273,Scotland,Paid Search,55+
C00515,633,3,247.89,2021-10-26,2023-04-08,82.63,1,1,3,2,At Risk,529,South West,Paid Search,35-44
C00516,3,3,1054.79,2022-09-27,2024-12-28,351.6,2,5,3,5,Loyal Customers,823,South West,Organic Search,35-44
C00517,30,5,895.49,2023-02-01,2024-12-01,179.1,1,5,4,4,Champions,669,Yorkshire,Email,18-24
C00518,67,9,879.88,2024-04-13,2024-10-25,97.76,3,4,5,4,Champions,195,London,Paid Search,55+
C00519,50,1,385.49,2024-11-11,2024-11-11,385.49,1,4,1,2,Recent Customers,0,North West,Organic Search,55+
C00520,273,1,167.53,2024-04-02,2024-04-02,167.53,1,2,1,1,Hibernating,0,London,Organic Search,35-44
C00521,236,2,123.83,2023-09-10,2024-05-09,61.92,1,2,2,1,Hibernating,242,South West,Email,35-44
C00522,462,2,133.94,2021-10-06,2023-09-26,66.97,1,1,2,1,Hibernating,720,South East,Social Media,55+
C00523,193,1,304.03,2024-06-21,2024-06-21,304.03,1,2,1,2,Hibernating,0,Yorkshire,Social Media,18-24
C00524,2,2,756.37,2024-09-26,2024-12-29,378.18,2,5,2,4,Recent Customers,94,Scotland,Direct,18-24
C00525,47,7,1671.62,2022-03-09,2024-11-14,238.8,4,4,5,5,Champions,981,Yorkshire,Organic Search,25-34
C00528,48,4,1111.5,2023-11-19,2024-11-13,277.88,2,4,4,5,Champions,360,South East,Social Media,45-54
C00529,25,3,737.8,2024-11-19,2024-12-06,245.93,1,5,3,4,Loyal Customers,17,Yorkshire,Paid Search,18-24
C00530,85,2,319.3,2023-05-13,2024-10-07,159.65,1,4,2,2,Recent Customers,513,South East,Paid Search,45-54
C00531,7,4,900.62,2024-04-27,2024-12-24,225.16,3,5,4,4,Champions,241,South East,Social Media,35-44
C00532,174,1,102.59,2024-07-10,2024-07-10,102.59,1,3,1,1,Lost,0,South West,Social Media,35-44
C00533,134,1,22.64,2024-08-19,2024-08-19,22.64,1,3,1,1,Lost,0,North East,Direct,35-44
C00535,879,2,114.72,2022-03-01,2022-08-05,57.36,1,1,2,1,Hibernating,157,London,Organic Search,35-44
C00536,90,1,63.54,2024-10-02,2024-10-02,63.54,1,3,1,1,Lost,0,Scotland,Paid Search,45-54
C00537,6,4,857.53,2024-04-25,2024-12-25,214.38,1,5,4,4,Champions,244,Midlands,Organic Search,25-34
C00538,63,2,1101.36,2023-07-07,2024-10-29,550.68,1,4,2,5,Recent Customers,480,Midlands,Email,45-54
C00539,33,4,442.82,2024-02-06,2024-11-28,110.71,2,4,4,3,Champions,296,London,Email,25-34
C00540,10,6,735.18,2024-10-01,2024-12-21,122.53,3,5,5,4,Champions,81,South East,Email,45-54
C00541,257,2,373.92,2023-05-10,2024-04-18,186.96,1,2,2,2,Hibernating,344,London,Paid Search,35-44
C00542,22,3,757.94,2024-08-18,2024-12-09,252.65,2,5,3,4,Loyal Customers,113,South East,Direct,55+
C00543,107,1,201.59,2024-09-15,2024-09-15,201.59,1,3,1,2,Lost,0,Yorkshire,Paid Search,35-44
C00544,482,1,122.22,2023-09-06,2023-09-06,122.22,1,1,1,1,Hibernating,0,South West,Direct,35-44
C00545,28,3,502.42,2024-05-27,2024-12-03,167.47,2,5,3,3,Loyal Customers,190,South East,Paid Search,55+
C00546,126,2,515.67,2023-12-03,2024-08-27,257.83,1,3,2,3,Lost,268,London,Email,55+
C00547,16,2,373.43,2024-10-28,2024-12-15,186.72,2,5,2,2,Recent Customers,48,London,Paid Search,45-54
C00549,420,1,130.36,2023-11-07,2023-11-07,130.36,1,1,1,1,Hibernating,0,London,Social Media,35-44
C00550,84,2,403.71,2024-09-30,2024-10-08,201.86,1,4,2,3,Recent Customers,8,South East,Social Media,25-34
C00551,21,2,607.75,2024-11-29,2024-12-10,303.88,2,5,2,3,Recent Customers,11,London,Referral,25-34
C00552,426,3,461.46,2021-10-28,2023-11-01,153.82,2,1,3,3,At Risk,734,South East,Organic Search,35-44
C00556,13,5,405.68,2023-07-19,2024-12-18,81.14,1,5,4,3,Champions,518,London,Email,25-34
C00557,107,9,1380.23,2023-05-04,2024-09-15,153.36,3,3,5,5,Loyal Customers,500,London,Organic Search,25-34
C00559,88,2,523.79,2024-07-31,2024-10-04,261.9,2,3,2,3,Lost,65,Scotland,Paid Search,25-34
C00560,395,5,1309.83,2022-04-18,2023-12-02,261.97,3,1,4,5,Cannot Lose Them,593,South East,Organic Search,45-54
C00561,40,2,365.44,2023-05-12,2024-11-21,182.72,1,4,2,2,Recent Customers,559,London,Email,45-54
C00562,124,3,442.04,2024-02-27,2024-08-29,147.35,2,3,3,3,Loyal Customers,184,London,Email,45-54
C00563,32,1,216.67,2024-11-29,2024-11-29,216.67,1,5,1,2,Recent Customers,0,Scotland,Email,25-34
C00564,160,2,362.91,2023-03-01,2024-07-24,181.46,1,3,2,2,Lost,511,London,Organic Search,18-24
C00565,104,4,1167.16,2022-11-21,2024-09-18,291.79,2,3,4,5,Loyal Customers,667,Wales,Organic Search,45-54
C00566,269,1,34.49,2024-04-06,2024-04-06,34.49,1,2,1,1,Hibernating,0,Midlands,Organic Search,25-34
C00567,209,5,951.52,2023-07-30,2024-06-05,190.3,2,2,4,4,Cannot Lose Them,311,Wales,Organic Search,25-34
C00568,2,5,531.81,2024-08-09,2024-12-29,106.36,3,5,4,3,Champions,142,London,Email,35-44
C00569,43,3,1072.97,2024-03-31,2024-11-18,357.66,3,4,3,5,Loyal Customers,232,North West,Social Media,25-34
C00570,184,7,892.56,2021-01-23,2024-06-30,127.51,3,2,5,4,Cannot Lose Them,1254,London,Email,25-34
C00571,204,2,717.88,2023-09-04,2024-06-10,358.94,2,2,2,4,Hibernating,280,South East,Paid Search,25-34
C00572,183,2,92.12,2024-03-13,2024-07-01,46.06,2,2,2,1,Hibernating,110,Wales,Organic Search,35-44
C00574,24,1,260.54,2024-12-07,2024-12-07,260.54,1,5,1,2,Recent Customers,0,London,Paid Search,55+
C00575,22,3,304.7,2023-10-30,2024-12-09,101.57,2,5,3,2,Loyal Customers,406,South West,Organic Search,18-24
C00576,22,5,1303.99,2024-09-08,2024-12-09,260.8,4,5,4,5,Champions,92,Scotland,Referral,35-44
C00578,31,5,1078.35,2024-06-10,2024-11-30,215.67,2,5,4,5,Champions,173,South East,Paid Search,25-34
C00579,34,5,1482.34,2022-07-07,2024-11-27,296.47,3,4,4,5,Champions,874,South East,Social Media,25-34
C00581,698,1,28.27,2023-02-02,2023-02-02,28.27,1,1,1,1,Hibernating,0,Scotland,Email,25-34
C00582,65,3,729.8,2023-01-16,2024-10-27,243.27,1,4,3,4,Loyal Customers,650,Scotland,Organic Search,35-44
C00583,119,3,510.1,2024-06-01,2024-09-03,170.03,1,3,3,3,Loyal Customers,94,North West,Organic Search,55+
C00584,36,1,225.51,2024-11-25,2024-11-25,225.51,1,4,1,2,Recent Customers,0,South East,Organic Search,25-34
C00585,74,3,325.36,2024-06-30,2024-10-18,108.45,2,4,3,2,Loyal Customers,110,North East,Organic Search,35-44
C00586,555,2,269.44,2023-06-19,2023-06-25,134.72,2,1,2,2,Hibernating,6,North West,Paid Search,55+
C00587,227,1,53.59,2024-05-18,2024-05-18,53.59,1,2,1,1,Hibernating,0,Midlands,Paid Search,25-34
C00588,44,5,449.41,2023-12-04,2024-11-17,89.88,2,4,4,3,Champions,349,North East,Email,18-24
C00589,12,2,448.91,2024-11-30,2024-12-19,224.46,1,5,2,3,Recent Customers,19,London,Organic Search,55+
C00590,236,6,1296.95,2022-08-12,2024-05-09,216.16,2,2,5,5,Cannot Lose Them,636,South East,Organic Search,25-34
C00592,490,5,1075.55,2022-04-22,2023-08-29,215.11,1,1,4,5,Cannot Lose Them,494,South West,Paid Search,18-24
C00593,257,2,134.55,2022-04-21,2024-04-18,67.28,1,2,2,1,Hibernating,728,North East,Organic Search,18-24
C00594,216,2,675.65,2022-04-21,2024-05-29,337.82,2,2,2,4,Hibernating,769,Scotland,Organic Search,55+
C00595,112,5,435.52,2023-02-12,2024-09-10,87.1,1,3,4,3,Loyal Customers,576,London,Email,25-34
C00596,15,4,1648.06,2024-03-03,2024-12-16,412.02,1,5,4,5,Champions,288,Yorkshire,Paid Search,35-44
C00597,402,1,348.57,2023-11-25,2023-11-25,348.57,1,1,1,2,Hibernating,0,Scotland,Social Media,25-34
C00598,225,1,288.55,2024-05-20,2024-05-20,288.55,1,2,1,2,Hibernating,0,London,Organic Search,25-34
C00599,469,3,462.74,2021-07-31,2023-09-19,154.25,2,1,3,3,At Risk,780,South West,Organic Search,25-34
C00600,249,2,229.24,2024-01-15,2024-04-26,114.62,1,2,2,2,Hibernating,102,South East,Email,45-54
C00601,535,1,187.16,2023-07-15,2023-07-15,187.16,1,1,1,1,Hibernating,0,Midlands,Organic Search,18-24
C00602,249,5,1008.62,2023-02-24,2024-04-26,201.72,2,2,4,4,Cannot Lose Them,427,Wales,Referral,35-44
C00603,97,3,420.82,2024-07-29,2024-09-25,140.27,2,3,3,3,Loyal Customers,58,Wales,Social Media,35-44
C00604,738,2,140.19,2022-10-22,2022-12-24,70.1,2,1,2,1,Hibernating,63,London,Paid Search,18-24
C00605,44,5,1362.36,2024-09-14,2024-11-17,272.47,3,4,4,5,Champions,64,Scotland,Organic Search,25-34
C00606,12,4,535.57,2024-06-02,2024-12-19,133.89,1,5,4,3,Champions,200,South East,Direct,55+
C00607,131,2,144.55,2024-05-20,2024-08-22,72.28,1,3,2,1,Lost,94,London,Organic Search,45-54
C00608,15,6,2766.75,2024-09-16,2024-12-16,461.12,1,5,5,5,Champions,91,North West,Organic Search,55+
C00609,183,1,180.45,2024-07-01,2024-07-01,180.45,1,2,1,1,Hibernating,0,South West,Organic Search,18-24
C00610,33,6,1105.03,2023-06-18,2024-11-28,184.17,3,4,5,5,Champions,529,North East,Paid Search,25-34
C00611,113,3,767.42,2022-09-21,2024-09-09,255.81,1,3,3,4,Loyal Customers,719,Midlands,Social Media,45-54
C00612,206,3,489.85,2023-08-18,2024-06-08,163.28,2,2,3,3,At Risk,295,Scotland,Paid Search,25-34
C00613,270,3,797.0,2023-05-29,2024-04-05,265.67,2,2,3,4,At Risk,312,London,Organic Search,55+
C00614,453,6,619.72,2021-12-01,2023-10-05,103.29,2,1,5,3,Cannot Lose Them,673,Scotland,Referral,55+
C00616,178,5,1014.82,2021-05-20,2024-07-06,202.96,3,2,4,4,Cannot Lose Them,1143,Wales,Paid Search,18-24
C00617,167,1,47.16,2024-07-17,2024-07-17,47.16,1,3,1,1,Lost,0,South West,Email,18-24
C00618,317,2,579.26,2023-11-21,2024-02-18,289.63,1,2,2,3,Hibernating,89,Yorkshire,Paid Search,25-34
C00619,615,6,887.04,2021-07-31,2023-04-26,147.84,3,1,5,4,Cannot Lose Them,634,London,Social Media,18-24
C00621,126,3,400.5,2023-10-07,2024-08-27,133.5,1,3,3,3,Loyal Customers,325,South East,Organic Search,25-34
C00622,7,5,1037.01,2023-10-18,2024-12-24,207.4,3,5,4,5,Champions,433,Midlands,Direct,45-54
C00623,62,8,1777.64,2021-07-28,2024-10-30,222.2,2,4,5,5,Champions,1190,South East,Paid Search,35-44
C00624,206,1,104.29,2024-06-08,2024-06-08,104.29,1,2,1,1,Hibernating,0,South West,Organic Search,45-54
C00625,174,2,249.47,2024-04-29,2024-07-10,124.73,1,3,2,2,Lost,72,North East,Email,25-34
C00626,235,3,676.88,2021-08-06,2024-05-10,225.63,1,2,3,4,At Risk,1008,Scotland,Organic Search,35-44
C00627,132,2,197.77,2024-03-12,2024-08-21,98.88,1,3,2,1,Lost,162,Midlands,Email,18-24
C00628,88,4,459.71,2023-03-22,2024-10-04,114.93,3,3,4,3,Loyal Customers,562,London,Organic Search,35-44
C00629,148,1,48.55,2024-08-05,2024-08-05,48.55,1,3,1,1,Lost,0,South East,Paid Search,45-54
C00630,232,2,175.58,2022-01-09,2024-05-13,87.79,1,2,2,1,Hibernating,855,North West,Email,45-54
C00631,420,5,1236.45,2022-11-08,2023-11-07,247.29,3,1,4,5,Cannot Lose Them,364,Scotland,Organic Search,45-54
C00632,443,4,869.39,2022-02-22,2023-10-15,217.35,2,1,4,4,Cannot Lose Them,600,Wales,Email,25-34
C00634,107,1,332.06,2024-09-15,2024-09-15,332.06,1,3,1,2,Lost,0,London,Organic Search,18-24
C00635,89,2,771.32,2022-06-06,2024-10-03,385.66,1,3,2,4,Lost,850,London,Direct,35-44
C00636,751,1,159.88,2022-12-11,2022-12-11,159.88,1,1,1,1,Hibernating,0,North West,Paid Search,18-24
C00637,97,5,1501.65,2023-12-24,2024-09-25,300.33,2,3,4,5,Loyal Customers,276,Yorkshire,Email,25-34
C00638,247,5,547.93,2022-10-03,2024-04-28,109.59,2,2,4,3,Cannot Lose Them,573,South West,Organic Search,25-34
C00640,42,1,330.5,2024-11-19,2024-11-19,330.5,1,4,1,2,Recent Customers,0,London,Organic Search,45-54
C00643,359,3,367.7,2022-03-29,2024-01-07,122.57,1,2,3,2,At Risk,649,Wales,Paid Search,45-54
C00644,898,1,175.62,2022-07-17,2022-07-17,175.62,1,1,1,1,Hibernating,0,Midlands,Direct,45-54
C00645,54,7,2493.57,2023-06-04,2024-11-07,356.22,2,4,5,5,Champions,522,Wales,Organic Search,18-24
C00646,257,1,6.52,2024-04-18,2024-04-18,6.52,1,2,1,1,Hibernating,0,London,Organic Search,35-44
C00647,125,5,755.56,2022-08-28,2024-08-28,151.11,3,3,4,4,Loyal Customers,731,Yorkshire,Organic Search,35-44
C00648,222,2,542.35,2023-11-08,2024-05-23,271.18,1,2,2,3,Hibernating,197,London,Organic Search,25-34
C00649,5,2,235.08,2024-05-01,2024-12-26,117.54,1,5,2,2,Recent Customers,239,Wales,Email,35-44
C00650,68,7,1718.43,2022-03-08,2024-10-24,245.49,2,4,5,5,Champions,961,Scotland,Social Media,45-54
C00651,150,1,31.25,2024-08-03,2024-08-03,31.25,1,3,1,1,Lost,0,London,Paid Search,25-34
C00652,194,2,235.35,2024-03-23,2024-06-20,117.68,2,2,2,2,Hibernating,89,North West,Direct,25-34
C00653,334,5,898.37,2022-01-24,2024-02-01,179.67,2,2,4,4,Cannot Lose Them,738,Yorkshire,Organic Search,35-44
C00655,155,4,1699.03,2021-07-23,2024-07-29,424.76,2,3,4,5,Loyal Customers,1102,London,Direct,18-24
C00657,79,1,39.14,2024-10-13,2024-10-13,39.14,1,4,1,1,Recent Customers,0,Wales,Organic Search,18-24
C00658,9,3,1061.97,2024-10-08,2024-12-22,353.99,2,5,3,5,Loyal Customers,75,South West,Paid Search,18-24
C00659,176,3,480.64,2022-10-18,2024-07-08,160.21,2,3,3,3,Loyal Customers,629,Wales,Organic Search,55+
C00660,550,2,547.79,2022-12-20,2023-06-30,273.9,1,1,2,3,Hibernating,192,London,Organic Search,35-44
C00661,225,3,922.28,2023-07-03,2024-05-20,307.43,1,2,3,4,At Risk,322,Wales,Organic Search,45-54
C00662,398,3,356.99,2021-05-12,2023-11-29,119.0,2,1,3,2,At Risk,931,South West,Referral,35-44
C00663,131,1,45.05,2024-08-22,2024-08-22,45.05,1,3,1,1,Lost,0,South East,Social Media,25-34
C00664,235,3,107.05,2023-04-18,2024-05-10,35.68,1,2,3,1,At Risk,388,Yorkshire,Organic Search,55+
C00665,992,2,384.13,2022-03-06,2022-04-14,192.06,2,1,2,2,Hibernating,39,Midlands,Paid Search,18-24
C00666,443,5,686.45,2023-02-20,2023-10-15,137.29,3,1,4,4,Cannot Lose Them,237,London,Organic Search,55+
C00667,233,3,300.02,2021-06-13,2024-05-12,100.01,2,2,3,2,At Risk,1064,South East,Social Media,55+
C00668,63,5,1067.57,2024-06-22,2024-10-29,213.51,4,4,4,5,Champions,129,South East,Paid Search,45-54
C00669,199,1,232.85,2024-06-15,2024-06-15,232.85,1,2,1,2,Hibernating,0,North East,Email,35-44
C00670,143,6,1488.35,2022-10-31,2024-08-10,248.06,2,3,5,5,Loyal Customers,649,Midlands,Paid Search,25-34
C00671,10,2,1173.48,2024-12-06,2024-12-21,586.74,2,5,2,5,Recent Customers,15,South East,Paid Search,25-34
C00672,200,7,2630.75,2023-07-08,2024-06-14,375.82,2,2,5,5,Cannot Lose Them,342,Midlands,Direct,18-24
C00673,674,2,332.42,2023-02-05,2023-02-26,166.21,2,1,2,2,Hibernating,21,North West,Organic Search,25-34
C00674,578,1,207.86,2023-06-02,2023-06-02,207.86,1,1,1,2,Hibernating,0,Midlands,Paid Search,35-44
C00677,81,3,1073.22,2024-07-19,2024-10-11,357.74,2,4,3,5,Loyal Customers,84,South West,Email,35-44
C00678,442,3,427.96,2022-08-24,2023-10-16,142.65,2,1,3,3,At Risk,418,South West,Social Media,25-34
C00679,8,3,543.94,2024-08-10,2024-12-23,181.31,2,5,3,3,Loyal Customers,135,Midlands,Email,55+
C00680,56,4,496.06,2024-09-26,2024-11-05,124.02,2,4,4,3,Champions,40,London,Email,18-24
C00681,547,5,985.05,2022-07-06,2023-07-03,197.01,1,1,4,4,Cannot Lose Them,362,London,Direct,25-34
C00682,128,4,566.34,2022-12-23,2024-08-25,141.58,2,3,4,3,Loyal Customers,611,South East,Paid Search,35-44
C00683,283,1,26.22,2024-03-23,2024-03-23,26.22,1,2,1,1,Hibernating,0,North West,Direct,25-34
C00684,9,4,601.8,2024-06-18,2024-12-22,150.45,2,5,4,3,Champions,187,South West,Social Media,35-44
C00685,48,6,1470.94,2023-09-30,2024-11-13,245.16,3,4,5,5,Champions,410,South East,Paid Search,18-24
C00686,420,1,248.28,2023-11-07,2023-11-07,248.28,1,1,1,2,Hibernating,0,North East,Direct,55+
C00687,496,5,753.29,2021-07-09,2023-08-23,150.66,3,1,4,4,Cannot Lose Them,775,South West,Email,55+
C00688,41,4,858.82,2024-08-22,2024-11-20,214.7,2,4,4,4,Champions,90,South East,Paid Search,25-34
C00689,81,1,146.99,2024-10-11,2024-10-11,146.99,1,4,1,1,Recent Customers,0,North East,Organic Search,45-54
C00690,11,3,1134.44,2024-11-10,2024-12-20,378.15,3,5,3,5,Loyal Customers,40,Yorkshire,Email,25-34
C00691,81,4,503.03,2023-07-25,2024-10-11,125.76,3,4,4,3,Champions,444,London,Paid Search,25-34
C00692,55,3,704.0,2023-12-16,2024-11-06,234.67,2,4,3,4,Loyal Customers,326,Wales,Paid Search,45-54
C00693,33,9,2810.54,2022-03-06,2024-11-28,312.28,4,4,5,5,Champions,998,South West,Email,45-54
C00694,252,2,510.31,2023-05-26,2024-04-23,255.15,1,2,2,3,Hibernating,333,Scotland,Paid Search,35-44
C00695,221,4,698.91,2023-06-01,2024-05-24,174.73,3,2,4,4,Cannot Lose Them,358,Midlands,Paid Search,55+
C00696,596,3,817.6,2021-01-03,2023-05-15,272.53,3,1,3,4,At Risk,862,London,Social Media,25-34
C00700,35,3,350.45,2023-05-30,2024-11-26,116.82,1,4,3,2,Loyal Customers,546,Yorkshire,Paid Search,35-44
C00701,59,6,1226.79,2022-07-15,2024-11-02,204.46,3,4,5,5,Champions,841,North West,Paid Search,35-44
C00702,384,1,430.34,2023-12-13,2023-12-13,430.34,1,1,1,3,Hibernating,0,North East,Organic Search,25-34
C00703,10,5,720.7,2024-08-01,2024-12-21,144.14,4,5,4,4,Champions,142,London,Direct,25-34
C00704,90,4,2187.36,2021-11-23,2024-10-02,546.84,2,3,4,5,Loyal Customers,1044,London,Paid Search,45-54
C00706,85,5,536.27,2022-08-29,2024-10-07,107.25,1,4,4,3,Champions,770,South East,Social Media,18-24
C00708,126,1,203.31,2024-08-27,2024-08-27,203.31,1,3,1,2,Lost,0,Midlands,Organic Search,35-44
C00709,92,1,64.81,2024-09-30,2024-09-30,64.81,1,3,1,1,Lost,0,Scotland,Direct,35-44
C00710,911,1,182.35,2022-07-04,2022-07-04,182.35,1,1,1,1,Hibernating,0,Wales,Social Media,55+
C00711,531,1,566.78,2023-07-19,2023-07-19,566.78,1,1,1,3,Hibernating,0,South East,Email,55+
C00712,61,4,468.35,2023-06-19,2024-10-31,117.09,4,4,4,3,Champions,500,Scotland,Organic Search,18-24
C00713,2,4,1540.85,2024-11-24,2024-12-29,385.21,2,5,4,5,Champions,35,South East,Email,25-34
C00715,72,5,739.22,2021-05-07,2024-10-20,147.84,2,4,4,4,Champions,1262,North West,Organic Search,35-44
C00716,64,5,1205.25,2022-08-02,2024-10-28,241.05,1,4,4,5,Champions,818,Scotland,Organic Search,18-24
C00717,225,3,561.3,2022-09-04,2024-05-20,187.1,2,2,3,3,At Risk,624,North East,Organic Search,25-34
C00718,277,2,265.35,2024-01-10,2024-03-29,132.68,1,2,2,2,Hibernating,79,Wales,Direct,25-34
C00720,264,4,628.67,2022-07-01,2024-04-11,157.17,2,2,4,4,Cannot Lose Them,650,South East,Paid Search,35-44
C00721,111,7,1281.91,2022-07-31,2024-09-11,183.13,1,3,5,5,Loyal Customers,773,North West,Social Media,55+
C00723,13,3,747.84,2022-04-15,2024-12-18,249.28,2,5,3,4,Loyal Customers,978,Yorkshire,Social Media,35-44
C00724,39,5,1851.35,2024-06-11,2024-11-22,370.27,1,4,4,5,Champions,164,Midlands,Email,45-54
C00725,76,1,89.31,2024-10-16,2024-10-16,89.31,1,4,1,1,Recent Customers,0,Scotland,Organic Search,35-44
C00727,28,3,652.15,2024-06-02,2024-12-03,217.38,1,5,3,4,Loyal Customers,184,Midlands,Direct,45-54
C00728,56,8,1448.87,2021-10-29,2024-11-05,181.11,3,4,5,5,Champions,1103,Yorkshire,Social Media,55+
C00729,18,6,1326.5,2024-08-15,2024-12-13,221.08,2,5,5,5,Champions,120,North West,Organic Search,45-54
C00730,309,3,793.24,2022-01-08,2024-02-26,264.41,2,2,3,4,At Risk,779,North West,Organic Search,18-24
C00731,164,3,581.31,2022-04-06,2024-07-20,193.77,2,3,3,3,Loyal Customers,836,North West,Organic Search,18-24
C00732,302,2,596.86,2023-04-14,2024-03-04,298.43,2,2,2,3,Hibernating,325,South East,Social Media,35-44
C00733,168,4,646.89,2023-10-05,2024-07-16,161.72,3,3,4,4,Loyal Customers,285,London,Direct,45-54
C00734,48,8,1488.63,2023-01-26,2024-11-13,186.08,3,4,5,5,Champions,657,Yorkshire,Email,25-34
C00735,1155,1,367.59,2021-11-02,2021-11-02,367.59,1,1,1,2,Hibernating,0,South East,Social Media,25-34
C00737,266,3,692.28,2022-08-28,2024-04-09,230.76,2,2,3,4,At Risk,590,North West,Paid Search,45-54
C00738,308,1,132.85,2024-02-27,2024-02-27,132.85,1,2,1,1,Hibernating,0,Scotland,Social Media,25-34
C00739,151,2,1016.03,2023-03-20,2024-08-02,508.02,1,3,2,4,Lost,501,Midlands,Paid Search,35-44
C00740,32,1,233.79,2024-11-29,2024-11-29,233.79,1,5,1,2,Recent Customers,0,South East,Organic Search,25-34
C00741,262,2,256.91,2023-05-10,2024-04-13,128.46,2,2,2,2,Hibernating,339,Wales,Paid Search,35-44
C00744,409,1,253.54,2023-11-18,2023-11-18,253.54,1,1,1,2,Hibernating,0,North East,Social Media,25-34
C00745,50,5,972.33,2022-02-01,2024-11-11,194.47,2,4,4,4,Champions,1014,Scotland,Organic Search,35-44
C00746,57,5,673.0,2024-01-01,2024-11-04,134.6,2,4,4,4,Champions,308,Midlands,Email,18-24
C00747,199,5,391.86,2023-01-14,2024-06-15,78.37,1,2,4,3,Cannot Lose Them,518,South East,Paid Search,35-44
C00748,116,4,781.29,2024-07-20,2024-09-06,195.32,2,3,4,4,Loyal Customers,48,South East,Paid Search,45-54
C00749,521,2,268.21,2022-04-18,2023-07-29,134.1,1,1,2,2,Hibernating,467,South East,Organic Search,18-24
C00750,182,7,1149.15,2022-10-13,2024-07-02,164.16,3,2,5,5,Cannot Lose Them,628,North East,Organic Search,35-44
C00751,205,3,283.8,2022-09-08,2024-06-09,94.6,1,2,3,2,At Risk,640,South West,Social Media,18-24
C00752,141,2,962.78,2024-05-10,2024-08-12,481.39,2,3,2,4,Lost,94,Midlands,Organic Search,35-44
C00753,192,3,156.58,2023-06-25,2024-06-22,52.19,1,2,3,1,At Risk,363,South East,Organic Search,25-34
C00754,43,9,2749.1,2023-09-17,2024-11-18,305.46,3,4,5,5,Champions,428,North West,Email,35-44
C00755,7,7,1068.47,2024-09-15,2024-12-24,152.64,2,5,5,5,Champions,100,Scotland,Paid Search,45-54
C00756,195,2,784.06,2022-05-25,2024-06-19,392.03,1,2,2,4,Hibernating,756,Wales,Organic Search,35-44
C00757,622,2,617.66,2022-10-19,2023-04-19,308.83,1,1,2,3,Hibernating,182,North West,Organic Search,35-44
C00758,29,7,1289.69,2024-01-17,2024-12-02,184.24,2,5,5,5,Champions,320,London,Social Media,35-44
C00760,116,3,462.64,2022-05-15,2024-09-06,154.21,2,3,3,3,Loyal Customers,845,London,Paid Search,25-34
C00761,32,4,1044.88,2024-06-05,2024-11-29,261.22,2,5,4,5,Champions,177,Scotland,Paid Search,35-44
C00762,87,8,1253.26,2022-04-24,2024-10-05,156.66,4,3,5,5,Loyal Customers,895,North East,Referral,35-44
C00763,307,1,249.5,2024-02-28,2024-02-28,249.5,1,2,1,2,Hibernating,0,Yorkshire,Paid Search,25-34
C00764,539,2,313.66,2023-04-02,2023-07-11,156.83,1,1,2,2,Hibernating,100,London,Organic Search,18-24
C00765,14,1,97.06,2024-12-17,2024-12-17,97.06,1,5,1,1,Recent Customers,0,Scotland,Email,18-24
C00767,223,1,279.86,2024-05-22,2024-05-22,279.86,1,2,1,2,Hibernating,0,Midlands,Social Media,35-44
C00768,1,5,1373.27,2024-09-16,2024-12-30,274.65,2,5,4,5,Champions,105,South East,Paid Search,35-44
C00769,209,4,492.1,2023-09-05,2024-06-05,123.02,3,2,4,3,Cannot Lose Them,274,South East,Organic Search,25-34
C00770,793,2,463.07,2021-01-26,2022-10-30,231.54,2,1,2,3,Hibernating,642,Wales,Paid Search,45-54
C00771,13,4,801.8,2023-02-02,2024-12-18,200.45,2,5,4,4,Champions,685,South East,Social Media,18-24
C00772,3,3,845.26,2023-07-09,2024-12-28,281.75,3,5,3,4,Loyal Customers,538,Scotland,Direct,55+
C00773,230,3,221.85,2022-06-12,2024-05-15,73.95,2,2,3,2,At Risk,703,London,Direct,35-44
C00774,22,8,1645.86,2022-09-18,2024-12-09,205.73,3,5,5,5,Champions,813,North West,Email,55+
C00775,114,10,2320.35,2021-12-09,2024-09-08,232.04,3,3,5,5,Loyal Customers,1004,Scotland,Social Media,25-34
C00777,450,1,44.14,2023-10-08,2023-10-08,44.14,1,1,1,1,Hibernating,0,Scotland,Organic Search,25-34
C00778,640,1,416.1,2023-04-01,2023-04-01,416.1,1,1,1,3,Hibernating,0,Yorkshire,Organic Search,55+
C00779,37,7,213.82,2024-03-24,2024-11-24,30.55,2,4,5,2,Champions,245,North West,Email,45-54
C00780,109,3,390.11,2024-04-12,2024-09-13,130.04,1,3,3,2,Loyal Customers,154,London,Paid Search,25-34
C00781,308,2,438.44,2023-11-26,2024-02-27,219.22,2,2,2,3,Hibernating,93,London,Email,25-34
C00782,4,2,447.05,2024-07-26,2024-12-27,223.52,1,5,2,3,Recent Customers,154,Yorkshire,Direct,35-44
C00783,201,2,159.54,2024-05-14,2024-06-13,79.77,1,2,2,1,Hibernating,30,Wales,Organic Search,35-44
C00784,209,1,316.75,2024-06-05,2024-06-05,316.75,1,2,1,2,Hibernating,0,Yorkshire,Organic Search,45-54
C00786,74,4,353.64,2023-04-29,2024-10-18,88.41,3,4,4,2,Champions,538,Midlands,Organic Search,55+
C00787,56,3,566.2,2024-08-26,2024-11-05,188.73,2,4,3,3,Loyal Customers,71,London,Paid Search,55+
C00788,600,4,1591.37,2021-04-18,2023-05-11,397.84,1,1,4,5,Cannot Lose Them,753,London,Paid Search,45-54
C00789,1,4,878.45,2024-12-16,2024-12-30,219.61,2,5,4,4,Champions,14,North East,Organic Search,18-24
C00790,483,3,1518.06,2021-08-06,2023-09-05,506.02,1,1,3,5,At Risk,760,South East,Paid Search,25-34
C00791,18,2,234.02,2024-11-07,2024-12-13,117.01,1,5,2,2,Recent Customers,36,North East,Direct,35-44
C00792,18,3,173.27,2024-07-25,2024-12-13,57.76,2,5,3,1,Loyal Customers,141,Scotland,Social Media,18-24
C00793,18,2,967.54,2024-12-03,2024-12-13,483.77,2,5,2,4,Recent Customers,10,Yorkshire,Organic Search,35-44
C00794,29,8,1500.62,2024-01-03,2024-12-02,187.58,1,5,5,5,Champions,334,North West,Referral,18-24
C00795,45,4,632.02,2024-09-08,2024-11-16,158.0,1,4,4,4,Champions,69,North West,Organic Search,45-54
C00797,75,1,134.86,2024-10-17,2024-10-17,134.86,1,4,1,1,Recent Customers,0,South West,Email,45-54
C00798,62,7,857.68,2022-03-27,2024-10-30,122.53,3,4,5,4,Champions,948,Yorkshire,Email,25-34
C00799,323,2,305.31,2023-07-18,2024-02-12,152.66,1,2,2,2,Hibernating,209,Scotland,Organic Search,18-24
C00800,12,1,492.02,2024-12-19,2024-12-19,492.02,1,5,1,3,Recent Customers,0,South East,Email,55+
C00801,24,5,828.37,2023-09-25,2024-12-07,165.67,3,5,4,4,Champions,439,Scotland,Social Media,18-24
C00802,59,2,332.86,2024-08-04,2024-11-02,166.43,1,4,2,2,Recent Customers,90,Yorkshire,Social Media,45-54
C00803,7,9,1625.29,2024-09-11,2024-12-24,180.59,4,5,5,5,Champions,104,North East,Organic Search,25-34
C00804,74,5,1049.45,2023-12-08,2024-10-18,209.89,2,4,4,5,Champions,315,Wales,Email,35-44
C00807,62,3,370.45,2024-05-22,2024-10-30,123.48,2,4,3,2,Loyal Customers,161,North West,Direct,25-34
C00808,250,5,1710.61,2023-10-22,2024-04-25,342.12,1,2,4,5,Cannot Lose Them,186,London,Organic Search,25-34
C00810,973,1,25.58,2022-05-03,2022-05-03,25.58,1,1,1,1,Hibernating,0,Wales,Organic Search,35-44
C00811,58,2,518.78,2022-05-26,2024-11-03,259.39,2,4,2,3,Recent Customers,892,London,Paid Search,25-34
C00813,436,4,556.59,2023-03-12,2023-10-22,139.15,2,1,4,3,Cannot Lose Them,224,North West,Email,25-34
C00814,1,5,1415.48,2024-01-01,2024-12-30,283.1,3,5,4,5,Champions,364,North West,Social Media,25-34
C00816,262,4,1196.43,2022-09-22,2024-04-13,299.11,2,2,4,5,Cannot Lose Them,569,London,Social Media,25-34
C00817,78,4,1455.08,2024-06-19,2024-10-14,363.77,1,4,4,5,Champions,117,South West,Organic Search,35-44
C00818,129,3,358.36,2022-06-06,2024-08-24,119.45,1,3,3,2,Loyal Customers,810,London,Direct,55+
C00819,5,6,1115.03,2023-12-19,2024-12-26,185.84,2,5,5,5,Champions,373,South West,Email,45-54
C00820,30,2,648.43,2024-10-23,2024-12-01,324.22,2,5,2,4,Recent Customers,39,London,Organic Search,25-34
C00821,261,1,455.81,2024-04-14,2024-04-14,455.81,1,2,1,3,Hibernating,0,London,Organic Search,25-34
C00822,75,6,1328.39,2022-10-08,2024-10-17,221.4,3,4,5,5,Champions,740,London,Paid Search,35-44
C00823,364,3,246.36,2021-12-10,2024-01-02,82.12,1,2,3,2,At Risk,753,London,Social Media,18-24
C00824,60,2,228.45,2022-04-11,2024-11-01,114.22,2,4,2,2,Recent Customers,935,Midlands,Email,18-24
C00825,26,4,522.3,2024-05-04,2024-12-05,130.57,2,5,4,3,Champions,215,Scotland,Paid Search,25-34
C00826,13,2,376.14,2024-12-10,2024-12-18,188.07,1,5,2,2,Recent Customers,8,London,Organic Search,35-44
C00827,86,5,1551.54,2022-11-22,2024-10-06,310.31,3,3,4,5,Loyal Customers,684,Scotland,Paid Search,35-44
C00828,111,1,146.02,2024-09-11,2024-09-11,146.02,1,3,1,1,Lost,0,South East,Paid Search,25-34
C00830,760,1,150.15,2022-12-02,2022-12-02,150.15,1,1,1,1,Hibernating,0,North West,Paid Search,35-44
C00831,7,2,653.07,2024-12-01,2024-12-24,326.53,1,5,2,4,Recent Customers,23,Scotland,Referral,45-54
C00833,290,5,1233.64,2022-09-08,2024-03-16,246.73,1,2,4,5,Cannot Lose Them,555,North West,Social Media,18-24
C00834,258,2,571.06,2023-04-23,2024-04-17,285.53,1,2,2,3,Hibernating,360,North East,Direct,55+
C00835,521,1,105.27,2023-07-29,2023-07-29,105.27,1,1,1,1,Hibernating,0,Wales,Email,35-44
C00836,112,4,354.2,2023-11-04,2024-09-10,88.55,2,3,4,2,Loyal Customers,311,South East,Organic Search,35-44
C00837,274,1,129.67,2024-04-01,2024-04-01,129.67,1,2,1,1,Hibernating,0,Wales,Referral,45-54
C00838,29,4,1538.91,2024-08-25,2024-12-02,384.73,3,5,4,5,Champions,99,North West,Social Media,35-44
C00839,241,2,258.01,2023-10-15,2024-05-04,129.0,2,2,2,2,Hibernating,202,South East,Email,35-44
C00840,12,5,597.47,2024-08-27,2024-12-19,119.49,3,5,4,3,Champions,114,North West,Email,35-44
C00841,51,3,416.09,2024-04-21,2024-11-10,138.7,3,4,3,3,Loyal Customers,203,North West,Direct,35-44
C00842,130,2,148.71,2024-02-11,2024-08-23,74.36,1,3,2,1,Lost,194,Scotland,Paid Search,25-34
C00843,332,2,800.47,2023-10-12,2024-02-03,400.24,1,2,2,4,Hibernating,114,North East,Email,18-24
C00844,570,3,393.67,2023-05-07,2023-06-10,131.22,1,1,3,3,At Risk,34,Scotland,Referral,18-24
C00845,500,2,168.45,2021-09-24,2023-08-19,84.22,1,1,2,1,Hibernating,694,North West,Social Media,45-54
C00846,15,4,1338.77,2023-02-11,2024-12-16,334.69,2,5,4,5,Champions,674,Scotland,Organic Search,55+
C00848,10,4,228.47,2023-07-16,2024-12-21,57.12,1,5,4,2,Champions,524,London,Social Media,18-24
C00849,488,3,244.75,2021-12-08,2023-08-31,81.58,3,1,3,2,At Risk,631,London,Email,25-34
C00850,21,1,167.08,2024-12-10,2024-12-10,167.08,1,5,1,1,Recent Customers,0,London,Organic Search,18-24
C00851,57,2,184.88,2023-11-15,2024-11-04,92.44,2,4,2,1,Recent Customers,355,Scotland,Organic Search,35-44
C00852,247,1,38.92,2024-04-28,2024-04-28,38.92,1,2,1,1,Hibernating,0,South East,Email,35-44
C00853,6,6,769.5,2024-05-07,2024-12-25,128.25,1,5,5,4,Champions,232,South East,Organic Search,25-34
C00854,7,4,832.85,2024-09-10,2024-12-24,208.21,2,5,4,4,Champions,105,London,Email,25-34
C00855,203,6,795.77,2022-03-02,2024-06-11,132.63,2,2,5,4,Cannot Lose Them,832,London,Organic Search,25-34
C00856,77,2,890.48,2024-09-29,2024-10-15,445.24,2,4,2,4,Recent Customers,16,London,Paid Search,25-34
C00857,303,4,402.78,2023-01-23,2024-03-03,100.7,3,2,4,3,Cannot Lose Them,405,South West,Email,35-44
C00859,355,2,101.73,2023-07-09,2024-01-11,50.86,1,2,2,1,Hibernating,186,North West,Paid Search,55+
C00861,77,3,669.55,2024-03-01,2024-10-15,223.18,2,4,3,4,Loyal Customers,228,South East,Social Media,35-44
C00864,97,2,309.9,2024-01-27,2024-09-25,154.95,2,3,2,2,Lost,242,London,Social Media,25-34
C00865,156,7,749.52,2022-02-21,2024-07-28,107.07,3,3,5,4,Loyal Customers,888,South East,Organic Search,25-34
C00866,90,2,122.42,2023-08-16,2024-10-02,61.21,1,3,2,1,Lost,413,Wales,Email,55+
C00867,11,8,1259.56,2022-01-18,2024-12-20,157.44,3,5,5,5,Champions,1067,London,Organic Search,45-54
C00868,632,1,160.79,2023-04-09,2023-04-09,160.79,1,1,1,1,Hibernating,0,Scotland,Paid Search,25-34
C00869,44,8,739.31,2024-06-26,2024-11-17,92.41,2,4,5,4,Champions,144,London,Paid Search,35-44
C00870,358,1,58.01,2024-01-08,2024-01-08,58.01,1,2,1,1,Hibernating,0,North West,Paid Search,45-54
C00871,216,5,532.32,2023-04-19,2024-05-29,106.46,2,2,4,3,Cannot Lose Them,406,North West,Organic Search,45-54
C00872,2,6,517.79,2022-05-08,2024-12-29,86.3,2,5,5,3,Champions,966,North West,Paid Search,45-54
C00873,28,1,130.65,2024-12-03,2024-12-03,130.65,1,5,1,1,Recent Customers,0,North West,Organic Search,35-44
C00874,487,3,317.34,2022-07-24,2023-09-01,105.78,2,1,3,2,At Risk,404,Yorkshire,Organic Search,25-34
C00876,12,1,265.14,2024-12-19,2024-12-19,265.14,1,5,1,2,Recent Customers,0,North East,Organic Search,45-54
C00877,704,1,369.11,2023-01-27,2023-01-27,369.11,1,1,1,2,Hibernating,0,North West,Referral,35-44
C00879,58,4,751.33,2023-04-12,2024-11-03,187.83,1,4,4,4,Champions,571,Scotland,Paid Search,35-44
C00881,151,7,742.21,2022-07-20,2024-08-02,106.03,4,3,5,4,Loyal Customers,744,Yorkshire,Direct,18-24
C00882,449,6,1069.99,2022-03-26,2023-10-09,178.33,3,1,5,5,Cannot Lose Them,562,Wales,Email,18-24
C00883,803,1,145.67,2022-10-20,2022-10-20,145.67,1,1,1,1,Hibernating,0,Wales,Referral,55+
C00886,639,1,101.56,2023-04-02,2023-04-02,101.56,1,1,1,1,Hibernating,0,London,Social Media,55+
C00887,12,5,1019.02,2024-08-10,2024-12-19,203.8,1,5,4,4,Champions,131,London,Social Media,35-44
C00890,627,2,411.27,2022-06-01,2023-04-14,205.64,2,1,2,3,Hibernating,317,South East,Email,55+
C00891,3,6,1395.9,2024-02-01,2024-12-28,232.65,1,5,5,5,Champions,331,London,Email,18-24
C00892,153,1,62.82,2024-07-31,2024-07-31,62.82,1,3,1,1,Lost,0,Yorkshire,Organic Search,18-24
C00893,118,4,1652.4,2021-12-12,2024-09-04,413.1,2,3,4,5,Loyal Customers,997,London,Email,18-24
C00894,4,6,915.85,2024-11-12,2024-12-27,152.64,4,5,5,4,Champions,45,South East,Paid Search,45-54
C00895,171,1,36.04,2024-07-13,2024-07-13,36.04,1,3,1,1,Lost,0,London,Referral,35-44
C00896,11,8,1479.81,2024-05-14,2024-12-20,184.98,2,5,5,5,Champions,220,London,Email,45-54
C00897,22,4,1405.43,2024-04-28,2024-12-09,351.36,2,5,4,5,Champions,225,Midlands,Email,45-54
C00899,164,5,929.34,2023-08-14,2024-07-20,185.87,3,3,4,4,Loyal Customers,341,Midlands,Paid Search,35-44
C00900,588,4,854.89,2021-08-31,2023-05-23,213.72,2,1,4,4,Cannot Lose Them,630,North East,Social Media,18-24
C00901,30,4,1301.94,2024-09-03,2024-12-01,325.48,2,5,4,5,Champions,89,London,Social Media,35-44
C00902,126,4,779.9,2024-04-15,2024-08-27,194.98,1,3,4,4,Loyal Customers,134,Yorkshire,Paid Search,35-44
C00903,10,2,426.64,2024-11-30,2024-12-21,213.32,2,5,2,3,Recent Customers,21,Scotland,Paid Search,35-44
C00906,126,1,123.05,2024-08-27,2024-08-27,123.05,1,3,1,1,Lost,0,South East,Organic Search,25-34
C00907,20,5,867.57,2024-01-21,2024-12-11,173.51,1,5,4,4,Champions,325,South East,Paid Search,45-54
C00908,30,6,469.56,2023-05-22,2024-12-01,78.26,2,5,5,3,Champions,559,Yorkshire,Organic Search,55+
C00909,16,5,1366.11,2024-02-02,2024-12-15,273.22,2,5,4,5,Champions,317,Scotland,Organic Search,45-54
C00912,479,2,221.63,2021-09-25,2023-09-09,110.82,2,1,2,2,Hibernating,714,Wales,Organic Search,18-24
C00914,488,2,520.97,2022-07-13,2023-08-31,260.48,1,1,2,3,Hibernating,414,South East,Direct,35-44
C00915,564,1,44.45,2023-06-16,2023-06-16,44.45,1,1,1,1,Hibernating,0,Wales,Email,25-34
C00916,803,3,344.81,2021-11-15,2022-10-20,114.94,1,1,3,2,At Risk,339,London,Social Media,25-34
C00917,268,1,91.5,2024-04-07,2024-04-07,91.5,1,2,1,1,Hibernating,0,Midlands,Email,25-34
C00918,8,4,819.62,2021-12-23,2024-12-23,204.9,2,5,4,4,Champions,1096,North East,Referral,55+
C00919,112,5,453.21,2023-04-03,2024-09-10,90.64,4,3,4,3,Loyal Customers,526,Scotland,Organic Search,35-44
C00920,207,3,549.57,2022-12-18,2024-06-07,183.19,3,2,3,3,At Risk,537,London,Email,35-44
C00921,233,7,778.87,2021-10-10,2024-05-12,111.27,1,2,5,4,Cannot Lose Them,945,Scotland,Email,35-44
C00922,59,4,715.45,2023-05-23,2024-11-02,178.86,2,4,4,4,Champions,529,North West,Organic Search,18-24
C00923,6,5,695.73,2024-08-03,2024-12-25,139.15,4,5,4,4,Champions,144,South West,Email,35-44
C00924,110,5,832.2,2023-07-21,2024-09-12,166.44,3,3,4,4,Loyal Customers,419,Wales,Organic Search,18-24
C00925,66,12,3322.77,2023-02-08,2024-10-26,276.9,4,4,5,5,Champions,626,Wales,Organic Search,18-24
C00926,730,1,176.56,2023-01-01,2023-01-01,176.56,1,1,1,1,Hibernating,0,South West,Organic Search,25-34
C00927,654,2,254.14,2022-08-22,2023-03-18,127.07,1,1,2,2,Hibernating,208,North West,Organic Search,25-34
C00928,115,2,402.85,2024-06-23,2024-09-07,201.42,1,3,2,3,Lost,76,London,Organic Search,25-34
C00930,10,6,897.98,2024-07-08,2024-12-21,149.66,3,5,5,4,Champions,166,North West,Paid Search,25-34
C00931,602,2,147.19,2022-08-16,2023-05-09,73.6,1,1,2,1,Hibernating,266,North East,Email,45-54
C00932,55,3,1114.59,2023-12-10,2024-11-06,371.53,1,4,3,5,Loyal Customers,332,London,Paid Search,35-44
C00933,1092,1,218.15,2022-01-04,2022-01-04,218.15,1,1,1,2,Hibernating,0,Scotland,Organic Search,25-34
C00934,596,5,1985.03,2021-05-14,2023-05-15,397.01,2,1,4,5,Cannot Lose Them,731,Scotland,Organic Search,55+
C00935,86,1,45.61,2024-10-06,2024-10-06,45.61,1,3,1,1,Lost,0,Wales,Organic Search,35-44
C00936,140,2,449.95,2022-09-10,2024-08-13,224.98,1,3,2,3,Lost,703,Scotland,Email,18-24
C00937,785,2,239.67,2022-07-18,2022-11-07,119.84,2,1,2,2,Hibernating,112,Midlands,Direct,35-44
C00938,12,2,193.9,2022-07-16,2024-12-19,96.95,1,5,2,1,Recent Customers,887,Wales,Social Media,25-34
C00939,130,7,1441.08,2023-01-22,2024-08-23,205.87,4,3,5,5,Loyal Customers,579,North East,Paid Search,35-44
C00940,160,1,183.51,2024-07-24,2024-07-24,183.51,1,3,1,1,Lost,0,Midlands,Paid Search,35-44
C00942,104,1,344.19,2024-09-18,2024-09-18,344.19,1,3,1,2,Lost,0,South West,Organic Search,35-44
C00943,14,1,136.46,2024-12-17,2024-12-17,136.46,1,5,1,1,Recent Customers,0,Yorkshire,Email,45-54
C00944,40,6,712.21,2023-02-20,2024-11-21,118.7,2,4,5,4,Champions,640,South West,Email,45-54
C00946,49,2,131.63,2024-06-28,2024-11-12,65.82,1,4,2,1,Recent Customers,137,Scotland,Direct,25-34
C00947,26,6,1910.41,2021-11-09,2024-12-05,318.4,4,5,5,5,Champions,1122,Yorkshire,Organic Search,55+
C00949,778,4,785.85,2021-11-16,2022-11-14,196.46,3,1,4,4,Cannot Lose Them,363,Yorkshire,Email,35-44
C00950,30,1,577.79,2024-12-01,2024-12-01,577.79,1,5,1,3,Recent Customers,0,Midlands,Organic Search,35-44
C00951,49,1,285.64,2024-11-12,2024-11-12,285.64,1,4,1,2,Recent Customers,0,Scotland,Referral,35-44
C00952,53,3,402.95,2024-11-05,2024-11-08,134.32,2,4,3,3,Loyal Customers,3,Yorkshire,Email,25-34
C00953,241,3,373.37,2023-12-15,2024-05-04,124.46,2,2,3,2,At Risk,141,South West,Social Media,25-34
C00954,93,2,262.44,2024-09-13,2024-09-29,131.22,2,3,2,2,Lost,16,North West,Paid Search,55+
C00955,173,1,109.44,2024-07-11,2024-07-11,109.44,1,3,1,1,Lost,0,London,Direct,35-44
C00956,301,3,670.32,2023-04-22,2024-03-05,223.44,2,2,3,4,At Risk,318,South East,Organic Search,25-34
C00957,47,3,506.92,2023-06-17,2024-11-14,168.97,2,4,3,3,Loyal Customers,516,Scotland,Social Media,35-44
C00958,56,2,583.12,2024-08-22,2024-11-05,291.56,1,4,2,3,Recent Customers,75,Midlands,Organic Search,45-54
C00959,433,1,354.81,2023-10-25,2023-10-25,354.81,1,1,1,2,Hibernating,0,North East,Direct,45-54
C00960,603,3,227.82,2022-04-18,2023-05-08,75.94,1,1,3,2,At Risk,385,Wales,Direct,25-34
C00961,160,4,1085.04,2023-05-18,2024-07-24,271.26,1,3,4,5,Loyal Customers,433,Midlands,Email,18-24
C00963,303,1,111.86,2024-03-03,2024-03-03,111.86,1,2,1,1,Hibernating,0,North West,Organic Search,35-44
C00964,191,7,1571.38,2023-06-08,2024-06-23,224.48,2,2,5,5,Cannot Lose Them,381,Scotland,Organic Search,55+
C00965,266,4,289.94,2023-12-18,2024-04-09,72.48,2,2,4,2,Cannot Lose Them,113,South East,Paid Search,35-44
C00966,231,1,223.1,2024-05-14,2024-05-14,223.1,1,2,1,2,Hibernating,0,London,Email,35-44
C00967,310,2,1098.82,2022-09-15,2024-02-25,549.41,1,2,2,5,Hibernating,528,Wales,Organic Search,45-54
C00968,67,8,2455.06,2023-01-05,2024-10-25,306.88,4,4,5,5,Champions,659,London,Social Media,25-34
C00969,298,1,291.69,2024-03-08,2024-03-08,291.69,1,2,1,2,Hibernating,0,London,Email,55+
C00970,35,6,607.6,2021-01-19,2024-11-26,101.27,1,4,5,3,Champions,1407,South West,Organic Search,25-34
C00971,372,3,1200.0,2022-06-16,2023-12-25,400.0,1,1,3,5,At Risk,557,North East,Social Media,25-34
C00972,194,3,506.37,2023-10-11,2024-06-20,168.79,2,2,3,3,At Risk,253,South East,Email,35-44
C00973,4,5,707.47,2023-12-08,2024-12-27,141.49,3,5,4,4,Champions,385,London,Referral,25-34
C00974,58,1,74.17,2024-11-03,2024-11-03,74.17,1,4,1,1,Recent Customers,0,South East,Organic Search,55+
C00976,431,1,96.4,2023-10-27,2023-10-27,96.4,1,1,1,1,Hibernating,0,London,Email,25-34
C00977,189,5,974.12,2022-11-22,2024-06-25,194.82,5,2,4,4,Cannot Lose Them,581,Yorkshire,Organic Search,25-34
C00978,10,8,1892.6,2022-06-13,2024-12-21,236.58,4,5,5,5,Champions,922,North East,Referral,25-34
C00979,55,7,857.13,2023-12-03,2024-11-06,122.45,2,4,5,4,Champions,339,Midlands,Paid Search,18-24
C00980,238,3,692.83,2022-02-01,2024-05-07,230.94,1,2,3,4,At Risk,826,Midlands,Referral,25-34
C00981,462,1,196.74,2023-09-26,2023-09-26,196.74,1,1,1,1,Hibernating,0,Scotland,Direct,35-44
C00982,654,2,584.3,2022-09-10,2023-03-18,292.15,1,1,2,3,Hibernating,189,South West,Organic Search,25-34
C00983,346,1,84.65,2024-01-20,2024-01-20,84.65,1,2,1,1,Hibernating,0,Yorkshire,Paid Search,45-54
C00985,60,5,719.73,2021-11-23,2024-11-01,143.95,1,4,4,4,Champions,1074,Scotland,Direct,18-24
C00986,6,6,845.88,2022-02-22,2024-12-25,140.98,2,5,5,4,Champions,1037,London,Organic Search,25-34
C00987,138,9,944.82,2023-07-08,2024-08-15,104.98,5,3,5,4,Loyal Customers,404,South East,Email,45-54
C00988,89,2,213.12,2023-09-12,2024-10-03,106.56,2,3,2,2,Lost,387,Scotland,Email,25-34
C00989,47,2,218.01,2024-10-20,2024-11-14,109.0,1,4,2,2,Recent Customers,25,Midlands,Paid Search,18-24
C00991,207,4,1090.56,2022-11-28,2024-06-07,272.64,3,2,4,5,Cannot Lose Them,557,South East,Direct,25-34
C00993,2,1,301.79,2024-12-29,2024-12-29,301.79,1,5,1,2,Recent Customers,0,Yorkshire,Paid Search,45-54
C00994,149,2,162.95,2024-03-06,2024-08-04,81.47,2,3,2,1,Lost,151,London,Organic Search,25-34
C00995,784,3,629.45,2021-04-25,2022-11-08,209.82,2,1,3,4,At Risk,562,Midlands,Email,18-24
C00996,51,4,554.47,2022-12-10,2024-11-10,138.62,2,4,4,3,Champions,701,South East,Direct,18-24
C00997,25,4,1063.85,2024-10-20,2024-12-06,265.96,1,5,4,5,Champions,47,South West,Organic Search,25-34
C00998,616,2,564.59,2022-12-10,2023-04-25,282.3,1,1,2,3,Hibernating,136,Midlands,Social Media,45-54
C00999,20,5,1492.22,2024-04-06,2024-12-11,298.44,3,5,4,5,Champions,249,London,Organic Search,45-54
C01000,220,5,1039.82,2022-12-21,2024-05-25,207.96,3,2,4,5,Cannot Lose Them,521,South East,Organic Search,25-34
C01001,728,1,107.41,2023-01-03,2023-01-03,107.41,1,1,1,1,Hibernating,0,Scotland,Paid Search,25-34
C01002,51,2,218.4,2023-02-27,2024-11-10,109.2,2,4,2,2,Recent Customers,622,Scotland,Direct,35-44
C01005,129,5,684.78,2023-07-01,2024-08-24,136.96,3,3,4,4,Loyal Customers,420,North East,Social Media,45-54
C01006,73,3,273.47,2024-01-13,2024-10-19,91.16,3,4,3,2,Loyal Customers,280,London,Referral,35-44
C01007,618,1,78.44,2023-04-23,2023-04-23,78.44,1,1,1,1,Hibernating,0,London,Referral,55+
C01008,159,4,691.92,2023-11-08,2024-07-25,172.98,4,3,4,4,Loyal Customers,260,South East,Organic Search,45-54
C01009,58,1,768.42,2024-11-03,2024-11-03,768.42,1,4,1,4,Recent Customers,0,Yorkshire,Email,35-44
C01010,213,8,899.93,2022-03-30,2024-06-01,112.49,2,2,5,4,Cannot Lose Them,794,Midlands,Social Media,25-34
C01011,38,5,1025.11,2024-06-19,2024-11-23,205.02,2,4,4,5,Champions,157,North West,Email,25-34
C01013,4,4,324.51,2024-04-08,2024-12-27,81.13,2,5,4,2,Champions,263,South West,Organic Search,25-34
C01014,6,7,1932.13,2024-10-25,2024-12-25,276.02,3,5,5,5,Champions,61,Midlands,Email,45-54
C01016,320,2,134.38,2023-11-16,2024-02-15,67.19,2,2,2,1,Hibernating,91,Yorkshire,Organic Search,35-44
C01017,374,1,289.96,2023-12-23,2023-12-23,289.96,1,1,1,2,Hibernating,0,Yorkshire,Referral,45-54
C01018,24,9,3638.12,2024-02-27,2024-12-07,404.24,4,5,5,5,Champions,284,Wales,Organic Search,25-34
C01019,2,1,150.62,2024-12-29,2024-12-29,150.62,1,5,1,1,Recent Customers,0,London,Paid Search,55+
C01020,335,2,478.59,2023-08-01,2024-01-31,239.3,2,2,2,3,Hibernating,183,South West,Social Media,45-54
C01021,131,4,415.91,2023-10-21,2024-08-22,103.98,3,3,4,3,Loyal Customers,306,Midlands,Organic Search,55+
C01022,139,1,156.21,2024-08-14,2024-08-14,156.21,1,3,1,1,Lost,0,London,Paid Search,35-44
C01023,261,1,378.25,2024-04-14,2024-04-14,378.25,1,2,1,2,Hibernating,0,Scotland,Social Media,45-54
C01024,622,2,297.97,2023-01-21,2023-04-19,148.99,1,1,2,2,Hibernating,88,Midlands,Referral,35-44
C01025,504,2,317.57,2023-03-11,2023-08-15,158.78,2,1,2,2,Hibernating,157,South East,Paid Search,45-54
C01026,263,8,422.68,2022-03-17,2024-04-12,52.84,2,2,5,3,Cannot Lose Them,757,South East,Paid Search,55+
C01027,91,3,263.07,2022-06-03,2024-10-01,87.69,1,3,3,2,Loyal Customers,851,London,Paid Search,55+
C01028,30,5,956.91,2021-12-02,2024-12-01,191.38,3,5,4,4,Champions,1095,Yorkshire,Organic Search,35-44
C01029,119,2,342.76,2024-08-15,2024-09-03,171.38,1,3,2,2,Lost,19,South East,Organic Search,18-24
C01030,116,3,125.51,2022-02-10,2024-09-06,41.84,2,3,3,1,Loyal Customers,939,Scotland,Paid Search,25-34
C01031,674,2,306.71,2022-06-22,2023-02-26,153.35,1,1,2,2,Hibernating,249,North West,Social Media,18-24
C01033,176,3,618.48,2024-02-09,2024-07-08,206.16,3,3,3,3,Loyal Customers,150,South East,Social Media,35-44
C01034,163,4,521.65,2023-04-06,2024-07-21,130.41,2,3,4,3,Loyal Customers,472,Wales,Paid Search,35-44
C01035,87,2,186.8,2024-07-15,2024-10-05,93.4,2,3,2,1,Lost,82,Midlands,Email,25-34
C01036,372,5,555.97,2022-01-24,2023-12-25,111.19,1,1,4,3,Cannot Lose Them,700,South East,Direct,35-44
C01037,31,13,3236.82,2021-10-09,2024-11-30,248.99,4,5,5,5,Champions,1148,Yorkshire,Direct,25-34
C01039,159,3,297.98,2022-10-05,2024-07-25,99.33,2,3,3,2,Loyal Customers,659,South West,Paid Search,18-24
C01042,362,4,626.12,2021-07-21,2024-01-04,156.53,2,2,4,3,Cannot Lose Them,897,London,Organic Search,25-34
C01043,36,5,579.27,2024-04-07,2024-11-25,115.85,2,4,4,3,Champions,232,Scotland,Paid Search,45-54
C01044,22,4,1657.54,2024-10-01,2024-12-09,414.38,1,5,4,5,Champions,69,South East,Social Media,25-34
C01045,439,4,941.38,2021-11-16,2023-10-19,235.34,3,1,4,4,Cannot Lose Them,702,South East,Organic Search,25-34
C01046,566,3,1066.32,2023-03-02,2023-06-14,355.44,2,1,3,5,At Risk,104,London,Organic Search,55+
C01047,37,2,603.46,2024-09-18,2024-11-24,301.73,1,4,2,3,Recent Customers,67,Scotland,Referral,35-44
C01049,67,3,242.38,2024-10-04,2024-10-25,80.79,2,4,3,2,Loyal Customers,21,Scotland,Direct,45-54
C01050,235,3,856.31,2022-10-31,2024-05-10,285.44,2,2,3,4,At Risk,557,North West,Email,25-34
C01051,271,3,639.68,2022-10-07,2024-04-04,213.23,3,2,3,4,At Risk,545,Scotland,Organic Search,25-34
C01052,728,1,216.73,2023-01-03,2023-01-03,216.73,1,1,1,2,Hibernating,0,Yorkshire,Organic Search,55+
C01054,851,1,189.53,2022-09-02,2022-09-02,189.53,1,1,1,1,Hibernating,0,London,Organic Search,35-44
C01055,85,1,19.34,2024-10-07,2024-10-07,19.34,1,4,1,1,Recent Customers,0,South East,Email,45-54
C01056,7,1,283.05,2024-12-24,2024-12-24,283.05,1,5,1,2,Recent Customers,0,North West,Paid Search,35-44
C01058,22,4,778.61,2023-12-15,2024-12-09,194.65,2,5,4,4,Champions,360,South East,Paid Search,25-34
C01059,5,4,1737.15,2024-08-09,2024-12-26,434.29,2,5,4,5,Champions,139,Wales,Referral,35-44
C01060,441,6,664.85,2021-05-05,2023-10-17,110.81,3,1,5,4,Cannot Lose Them,895,Scotland,Paid Search,25-34
C01062,681,1,158.23,2023-02-19,2023-02-19,158.23,1,1,1,1,Hibernating,0,North East,Email,18-24
C01063,220,4,523.23,2022-08-20,2024-05-25,130.81,1,2,4,3,Cannot Lose Them,644,Wales,Organic Search,25-34
C01064,11,6,539.46,2024-09-04,2024-12-20,89.91,2,5,5,3,Champions,107,Scotland,Organic Search,45-54
C01065,13,6,733.4,2023-06-01,2024-12-18,122.23,4,5,5,4,Champions,566,North East,Organic Search,45-54
C01066,521,1,235.92,2023-07-29,2023-07-29,235.92,1,1,1,2,Hibernating,0,London,Paid Search,25-34
C01067,459,5,1940.96,2022-12-23,2023-09-29,388.19,2,1,4,5,Cannot Lose Them,280,Scotland,Paid Search,35-44
C01068,110,3,531.85,2023-08-21,2024-09-12,177.28,1,3,3,3,Loyal Customers,388,Scotland,Paid Search,35-44
C01069,136,4,462.49,2023-06-01,2024-08-17,115.62,4,3,4,3,Loyal Customers,443,Scotland,Social Media,25-34
C01070,6,3,329.08,2024-08-20,2024-12-25,109.69,2,5,3,2,Loyal Customers,127,Wales,Social Media,25-34
C01071,62,4,2074.06,2023-12-30,2024-10-30,518.52,1,4,4,5,Champions,305,South East,Paid Search,25-34
C01075,499,4,1620.04,2021-09-01,2023-08-20,405.01,2,1,4,5,Cannot Lose Them,718,Scotland,Paid Search,35-44
C01076,536,1,146.87,2023-07-14,2023-07-14,146.87,1,1,1,1,Hibernating,0,London,Organic Search,35-44
C01077,97,2,280.72,2024-03-05,2024-09-25,140.36,2,3,2,2,Lost,204,South East,Direct,18-24
C01078,369,2,241.63,2023-12-07,2023-12-28,120.82,2,1,2,2,Hibernating,21,Midlands,Organic Search,55+
C01079,696,2,443.5,2022-11-18,2023-02-04,221.75,2,1,2,3,Hibernating,78,South West,Organic Search,45-54
C01080,70,6,1057.81,2023-10-28,2024-10-22,176.3,2,4,5,5,Champions,360,Midlands,Organic Search,45-54
C01081,30,4,603.82,2024-08-03,2024-12-01,150.95,4,5,4,3,Champions,120,North West,Paid Search,35-44
C01082,887,1,69.14,2022-07-28,2022-07-28,69.14,1,1,1,1,Hibernating,0,London,Organic Search,25-34
C01083,25,7,1475.7,2021-05-21,2024-12-06,210.81,2,5,5,5,Champions,1295,North West,Paid Search,18-24
C01084,455,1,441.88,2023-10-03,2023-10-03,441.88,1,1,1,3,Hibernating,0,Scotland,Organic Search,18-24
C01085,533,1,327.95,2023-07-17,2023-07-17,327.95,1,1,1,2,Hibernating,0,South East,Organic Search,35-44
C01086,548,2,377.52,2022-08-16,2023-07-02,188.76,2,1,2,2,Hibernating,320,Scotland,Email,55+
C01087,344,1,33.71,2024-01-22,2024-01-22,33.71,1,2,1,1,Hibernating,0,Scotland,Social Media,35-44
C01089,122,3,128.46,2024-04-14,2024-08-31,42.82,2,3,3,1,Loyal Customers,139,South East,Direct,45-54
C01090,224,1,40.6,2024-05-21,2024-05-21,40.6,1,2,1,1,Hibernating,0,North West,Organic Search,25-34
C01091,115,6,1333.6,2024-03-24,2024-09-07,222.27,4,3,5,5,Loyal Customers,167,Wales,Organic Search,55+
C01093,11,4,840.65,2023-06-03,2024-12-20,210.16,2,5,4,4,Champions,566,London,Email,18-24
C01095,31,4,1017.82,2024-08-18,2024-11-30,254.46,2,5,4,4,Champions,104,North West,Paid Search,35-44
C01096,105,2,841.91,2022-01-28,2024-09-17,420.96,1,3,2,4,Lost,963,Wales,Paid Search,35-44
C01097,69,8,811.61,2023-08-19,2024-10-23,101.45,2,4,5,4,Champions,431,South West,Organic Search,25-34
C01098,20,1,235.46,2024-12-11,2024-12-11,235.46,1,5,1,2,Recent Customers,0,Midlands,Social Media,35-44
C01100,159,3,973.67,2024-06-21,2024-07-25,324.56,3,3,3,4,Loyal Customers,34,London,Email,18-24
C01101,64,3,428.16,2023-04-27,2024-10-28,142.72,2,4,3,3,Loyal Customers,550,Wales,Email,18-24
C01102,256,2,60.13,2024-02-19,2024-04-19,30.06,1,2,2,1,Hibernating,60,North West,Social Media,35-44
C01103,257,5,1269.51,2023-01-07,2024-04-18,253.9,2,2,4,5,Cannot Lose Them,467,London,Organic Search,35-44
C01104,297,3,537.91,2021-06-07,2024-03-09,179.3,2,2,3,3,At Risk,1006,Yorkshire,Email,25-34
C01105,68,4,1105.25,2023-03-19,2024-10-24,276.31,2,4,4,5,Champions,585,North West,Paid Search,35-44
C01107,777,1,492.28,2022-11-15,2022-11-15,492.28,1,1,1,3,Hibernating,0,Yorkshire,Paid Search,35-44
C01108,220,2,196.79,2022-11-18,2024-05-25,98.4,2,2,2,1,Hibernating,554,South East,Organic Search,45-54
C01109,12,3,741.43,2024-07-14,2024-12-19,247.14,1,5,3,4,Loyal Customers,158,South East,Organic Search,18-24
C01110,162,2,214.85,2023-09-25,2024-07-22,107.43,2,3,2,2,Lost,301,South West,Email,18-24
C01113,156,1,114.69,2024-07-28,2024-07-28,114.69,1,3,1,1,Lost,0,Midlands,Direct,35-44
C01114,84,3,567.94,2023-05-08,2024-10-08,189.31,3,4,3,3,Loyal Customers,519,South East,Organic Search,45-54
C01115,72,9,1046.63,2022-07-25,2024-10-20,116.29,5,4,5,5,Champions,818,Scotland,Paid Search,25-34
C01116,263,3,196.39,2023-01-10,2024-04-12,65.46,1,2,3,1,At Risk,458,South East,Direct,55+
C01117,91,2,451.92,2024-09-22,2024-10-01,225.96,1,3,2,3,Lost,9,North West,Paid Search,18-24
C01119,411,6,2178.75,2021-07-04,2023-11-16,363.12,2,1,5,5,Cannot Lose Them,865,Midlands,Direct,35-44
C01120,172,4,415.69,2022-04-22,2024-07-12,103.92,2,3,4,3,Loyal Customers,812,South East,Paid Search,35-44
C01121,21,9,2204.78,2023-03-20,2024-12-10,244.98,2,5,5,5,Champions,631,South East,Social Media,35-44
C01123,262,3,666.66,2023-10-02,2024-04-13,222.22,1,2,3,4,At Risk,194,London,Organic Search,45-54
C01124,178,5,931.28,2021-07-01,2024-07-06,186.26,3,2,4,4,Cannot Lose Them,1101,North West,Paid Search,18-24
C01126,188,2,463.6,2023-05-30,2024-06-26,231.8,2,2,2,3,Hibernating,393,Midlands,Paid Search,25-34
C01127,207,4,513.5,2022-11-18,2024-06-07,128.38,3,2,4,3,Cannot Lose Them,567,Yorkshire,Email,35-44
C01128,691,2,367.9,2022-08-24,2023-02-09,183.95,2,1,2,2,Hibernating,169,Yorkshire,Direct,45-54
C01129,288,3,1027.82,2022-04-27,2024-03-18,342.61,1,2,3,5,At Risk,691,Wales,Email,25-34
C01130,270,1,39.72,2024-04-05,2024-04-05,39.72,1,2,1,1,Hibernating,0,South West,Direct,25-34
C01131,68,1,66.14,2024-10-24,2024-10-24,66.14,1,4,1,1,Recent Customers,0,South West,Paid Search,45-54
C01132,25,9,1071.89,2023-12-16,2024-12-06,119.1,4,5,5,5,Champions,356,South East,Social Media,18-24
C01133,310,2,352.69,2022-07-10,2024-02-25,176.34,2,2,2,2,Hibernating,595,North West,Organic Search,25-34
C01134,750,1,228.54,2022-12-12,2022-12-12,228.54,1,1,1,2,Hibernating,0,Scotland,Paid Search,35-44
C01135,373,2,293.48,2023-12-12,2023-12-24,146.74,1,1,2,2,Hibernating,12,Midlands,Organic Search,35-44
C01136,69,2,218.27,2024-06-15,2024-10-23,109.14,1,4,2,2,Recent Customers,130,London,Direct,35-44
C01137,77,5,498.74,2022-12-15,2024-10-15,99.75,2,4,5,3,Champions,670,South West,Paid Search,25-34
C01138,9,4,664.21,2024-01-12,2024-12-22,166.05,1,5,4,4,Champions,345,Midlands,Organic Search,45-54
C01139,290,5,803.44,2023-08-24,2024-03-16,160.69,2,2,5,4,Cannot Lose Them,205,North West,Email,35-44
C01140,270,1,186.99,2024-04-05,2024-04-05,186.99,1,2,1,1,Hibernating,0,South East,Organic Search,25-34
C01141,132,1,382.52,2024-08-21,2024-08-21,382.52,1,3,1,2,Lost,0,North East,Organic Search,45-54
C01142,244,3,543.8,2021-12-08,2024-05-01,181.27,2,2,3,3,At Risk,875,North East,Organic Search,45-54
C01144,89,3,272.24,2024-05-19,2024-10-03,90.75,2,3,3,2,Loyal Customers,137,London,Paid Search,35-44
C01146,154,2,794.76,2024-06-13,2024-07-30,397.38,1,3,2,4,Lost,47,London,Social Media,25-34
C01147,929,1,41.27,2022-06-16,2022-06-16,41.27,1,1,1,1,Hibernating,0,London,Direct,35-44
C01148,2,4,403.72,2024-10-28,2024-12-29,100.93,2,5,4,3,Champions,62,North West,Organic Search,35-44
C01149,272,5,1191.12,2023-06-21,2024-04-03,238.22,2,2,5,5,Cannot Lose Them,287,Scotland,Paid Search,18-24
C01150,11,7,725.25,2023-11-01,2024-12-20,103.61,2,5,5,4,Champions,415,North West,Organic Search,55+
C01151,274,2,813.09,2024-02-01,2024-04-01,406.54,1,2,2,4,Hibernating,60,London,Email,25-34
C01154,118,4,761.1,2023-03-14,2024-09-04,190.28,2,3,4,4,Loyal Customers,540,South West,Organic Search,45-54
C01155,301,4,1155.44,2022-01-20,2024-03-05,288.86,2,2,4,5,Cannot Lose Them,775,Midlands,Organic Search,35-44
C01156,82,1,59.28,2024-10-10,2024-10-10,59.28,1,4,1,1,Recent Customers,0,Scotland,Direct,35-44
C01158,107,1,174.62,2024-09-15,2024-09-15,174.62,1,3,1,1,Lost,0,Wales,Email,35-44
C01159,83,3,559.71,2022-10-07,2024-10-09,186.57,2,4,3,3,Loyal Customers,733,South West,Organic Search,18-24
C01160,162,6,1199.62,2022-11-15,2024-07-22,199.94,2,3,5,5,Loyal Customers,615,North East,Paid Search,25-34
C01161,148,11,1203.39,2022-11-24,2024-08-05,109.4,6,3,5,5,Loyal Customers,620,Wales,Paid Search,18-24
C01162,86,3,323.26,2023-12-10,2024-10-06,107.75,3,3,3,2,Loyal Customers,301,South East,Referral,25-34
C01163,608,1,350.52,2023-05-03,2023-05-03,350.52,1,1,1,2,Hibernating,0,London,Organic Search,18-24
C01164,389,4,545.99,2023-02-04,2023-12-08,136.5,1,1,4,3,Cannot Lose Them,307,London,Organic Search,25-34
C01165,7,3,835.69,2024-06-08,2024-12-24,278.56,2,5,3,4,Loyal Customers,199,North West,Email,25-34
C01166,60,3,920.67,2024-05-19,2024-11-01,306.89,2,4,3,4,Loyal Customers,166,Wales,Direct,25-34
C01167,63,2,853.58,2023-11-04,2024-10-29,426.79,1,4,2,4,Recent Customers,360,Scotland,Direct,25-34
C01168,527,1,332.85,2023-07-23,2023-07-23,332.85,1,1,1,2,Hibernating,0,Scotland,Organic Search,25-34
C01169,3,6,1914.79,2024-06-01,2024-12-28,319.13,3,5,5,5,Champions,210,North West,Direct,18-24
C01170,224,2,288.88,2024-02-01,2024-05-21,144.44,2,2,2,2,Hibernating,110,Scotland,Organic Search,55+
C01171,39,1,1221.62,2024-11-22,2024-11-22,1221.62,1,4,1,5,Recent Customers,0,South West,Social Media,25-34
C01172,18,4,2275.99,2024-11-05,2024-12-13,569.0,1,5,4,5,Champions,38,South West,Direct,18-24
C01173,140,1,94.75,2024-08-13,2024-08-13,94.75,1,3,1,1,Lost,0,North West,Organic Search,25-34
C01175,18,3,1872.3,2024-11-28,2024-12-13,624.1,2,5,3,5,Loyal Customers,15,South East,Paid Search,18-24
C01177,147,2,136.35,2023-07-09,2024-08-06,68.18,2,3,2,1,Lost,394,Scotland,Organic Search,35-44
C01178,15,6,1454.01,2024-10-18,2024-12-16,242.34,3,5,5,5,Champions,59,Yorkshire,Organic Search,25-34
C01179,796,2,790.01,2022-08-18,2022-10-27,395.0,2,1,2,4,Hibernating,70,Yorkshire,Organic Search,45-54
C01180,239,3,174.93,2023-05-24,2024-05-06,58.31,2,2,3,1,At Risk,348,Scotland,Paid Search,18-24
C01181,283,1,19.05,2024-03-23,2024-03-23,19.05,1,2,1,1,Hibernating,0,Yorkshire,Paid Search,25-34
C01182,34,7,1467.9,2024-10-11,2024-11-27,209.7,3,4,5,5,Champions,47,London,Direct,45-54
C01183,41,2,590.92,2022-11-03,2024-11-20,295.46,2,4,2,3,Recent Customers,748,London,Social Media,18-24
C01184,154,4,733.72,2023-01-21,2024-07-30,183.43,2,3,4,4,Loyal Customers,556,Yorkshire,Email,25-34
C01185,534,5,668.71,2021-12-07,2023-07-16,133.74,3,1,5,4,Cannot Lose Them,586,South East,Organic Search,55+
C01187,235,2,242.41,2024-02-08,2024-05-10,121.2,1,2,2,2,Hibernating,92,Scotland,Direct,45-54
C01188,460,1,109.05,2023-09-28,2023-09-28,109.05,1,1,1,1,Hibernating,0,Scotland,Organic Search,35-44
C01189,42,1,111.31,2024-11-19,2024-11-19,111.31,1,4,1,1,Recent Customers,0,Wales,Email,35-44
C01190,2,4,901.46,2024-11-11,2024-12-29,225.36,1,5,4,4,Champions,48,North West,Organic Search,35-44
C01191,57,4,453.05,2023-09-24,2024-11-04,113.26,2,4,4,3,Champions,407,South East,Paid Search,35-44
C01192,89,2,557.78,2024-08-21,2024-10-03,278.89,1,3,2,3,Lost,43,South West,Organic Search,18-24
C01195,5,6,1672.84,2023-08-17,2024-12-26,278.81,3,5,5,5,Champions,497,South West,Social Media,25-34
C01196,136,2,872.74,2024-06-09,2024-08-17,436.37,2,3,2,4,Lost,69,Midlands,Paid Search,45-54
C01198,124,3,417.02,2024-07-05,2024-08-29,139.01,2,3,3,3,Loyal Customers,55,North West,Email,45-54
C01199,843,3,620.58,2022-05-15,2022-09-10,206.86,1,1,3,3,At Risk,118,South East,Social Media,35-44
C01200,107,3,238.87,2023-11-22,2024-09-15,79.62,2,3,3,2,Loyal Customers,298,South West,Paid Search,18-24
C01201,123,5,1077.44,2024-06-05,2024-08-30,215.49,2,3,5,5,Loyal Customers,86,London,Social Media,45-54
C01202,39,2,303.11,2024-10-23,2024-11-22,151.56,1,4,2,2,Recent Customers,30,Yorkshire,Email,55+
C01204,19,5,1629.47,2024-11-09,2024-12-12,325.89,4,5,5,5,Champions,33,South West,Organic Search,35-44
C01206,87,5,759.71,2024-04-28,2024-10-05,151.94,2,3,5,4,Loyal Customers,160,South West,Referral,55+
C01207,93,2,260.57,2024-02-10,2024-09-29,130.28,2,3,2,2,Lost,232,Midlands,Referral,18-24
C01208,669,4,948.71,2022-04-30,2023-03-03,237.18,4,1,4,4,Cannot Lose Them,307,South East,Social Media,55+
C01211,102,5,898.47,2022-11-24,2024-09-20,179.69,3,3,5,4,Loyal Customers,666,Wales,Email,25-34
C01212,165,4,1451.9,2022-06-06,2024-07-19,362.98,2,3,4,5,Loyal Customers,774,Scotland,Organic Search,35-44
C01213,312,1,60.68,2024-02-23,2024-02-23,60.68,1,2,1,1,Hibernating,0,South West,Organic Search,35-44
C01214,261,2,156.27,2023-11-11,2024-04-14,78.13,1,2,2,1,Hibernating,155,North West,Paid Search,45-54
C01215,11,5,1691.6,2023-03-09,2024-12-20,338.32,3,5,5,5,Champions,652,Wales,Paid Search,45-54
C01217,5,6,2747.88,2024-11-22,2024-12-26,457.98,3,5,5,5,Champions,34,Wales,Organic Search,25-34
C01218,169,8,1337.39,2021-12-07,2024-07-15,167.17,5,3,5,5,Loyal Customers,951,South West,Paid Search,45-54
C01219,302,3,510.89,2023-10-17,2024-03-04,170.3,2,2,3,3,At Risk,139,South West,Direct,18-24
C01220,52,6,584.6,2023-08-15,2024-11-09,97.43,3,4,5,3,Champions,452,London,Organic Search,25-34
C01221,288,5,751.37,2022-10-05,2024-03-18,150.27,2,2,5,4,Cannot Lose Them,530,Wales,Email,25-34
C01222,12,7,2359.7,2024-06-28,2024-12-19,337.1,2,5,5,5,Champions,174,North West,Paid Search,35-44
C01223,673,2,208.09,2022-07-24,2023-02-27,104.04,2,1,2,2,Hibernating,218,North West,Direct,25-34
C01224,1071,1,17.78,2022-01-25,2022-01-25,17.78,1,1,1,1,Hibernating,0,Scotland,Social Media,55+
C01225,362,1,41.16,2024-01-04,2024-01-04,41.16,1,2,1,1,Hibernating,0,Yorkshire,Email,45-54
C01226,93,3,472.56,2022-07-26,2024-09-29,157.52,1,3,3,3,Loyal Customers,796,London,Organic Search,35-44
C01227,160,4,1904.87,2021-03-03,2024-07-24,476.22,1,3,4,5,Loyal Customers,1239,Midlands,Email,45-54
C01228,313,3,394.79,2023-04-20,2024-02-22,131.6,1,2,3,3,At Risk,308,Yorkshire,Organic Search,18-24
C01229,24,5,1408.72,2024-08-06,2024-12-07,281.74,3,5,5,5,Champions,123,South West,Organic Search,35-44
C01230,14,6,951.47,2024-08-26,2024-12-17,158.58,3,5,5,4,Champions,113,London,Paid Search,45-54
C01232,20,5,686.85,2024-06-09,2024-12-11,137.37,1,5,5,4,Champions,185,Yorkshire,Paid Search,25-34
C01233,269,8,2268.02,2022-08-19,2024-04-06,283.5,1,2,5,5,Cannot Lose Them,596,North West,Email,18-24
C01234,182,2,200.25,2023-12-12,2024-07-02,100.12,2,2,2,2,Hibernating,203,Yorkshire,Social Media,25-34
C01235,28,3,561.45,2022-06-14,2024-12-03,187.15,1,5,3,3,Loyal Customers,903,South East,Organic Search,45-54
C01238,111,1,125.36,2024-09-11,2024-09-11,125.36,1,3,1,1,Lost,0,South East,Organic Search,55+
C01239,67,5,482.83,2022-03-03,2024-10-25,96.57,2,4,5,3,Champions,967,Midlands,Referral,55+
C01240,8,6,2226.21,2024-07-12,2024-12-23,371.04,1,5,5,5,Champions,164,Scotland,Social Media,18-24
C01241,985,2,333.88,2022-04-03,2022-04-21,166.94,2,1,2,2,Hibernating,18,Midlands,Social Media,45-54
C01242,44,2,554.91,2023-01-05,2024-11-17,277.46,1,4,2,3,Recent Customers,682,North East,Email,45-54
C01243,188,4,1411.1,2022-06-16,2024-06-26,352.78,2,2,4,5,Cannot Lose Them,741,London,Paid Search,25-34
C01244,72,5,440.98,2023-01-02,2024-10-20,88.2,3,4,5,3,Champions,657,London,Direct,45-54
C01245,179,3,787.03,2023-05-03,2024-07-05,262.34,2,2,3,4,At Risk,429,Scotland,Organic Search,25-34
C01246,32,4,911.73,2023-06-10,2024-11-29,227.93,3,5,4,4,Champions,538,Scotland,Paid Search,45-54
C01247,9,4,1521.11,2024-11-26,2024-12-22,380.28,3,5,4,5,Champions,26,Yorkshire,Paid Search,45-54
C01248,748,1,158.73,2022-12-14,2022-12-14,158.73,1,1,1,1,Hibernating,0,London,Paid Search,35-44
C01249,116,1,189.29,2024-09-06,2024-09-06,189.29,1,3,1,1,Lost,0,London,Organic Search,35-44
C01250,103,2,228.98,2024-03-24,2024-09-19,114.49,2,3,2,2,Lost,179,London,Social Media,45-54
C01251,88,1,20.04,2024-10-04,2024-10-04,20.04,1,3,1,1,Lost,0,London,Email,45-54
C01252,76,4,256.71,2024-02-12,2024-10-16,64.18,3,4,4,2,Champions,247,Midlands,Paid Search,35-44
C01253,225,1,152.49,2024-05-20,2024-05-20,152.49,1,2,1,1,Hibernating,0,Scotland,Paid Search,25-34
C01254,126,2,58.73,2023-08-20,2024-08-27,29.36,2,3,2,1,Lost,373,North West,Paid Search,35-44
C01257,214,7,793.88,2022-08-07,2024-05-31,113.41,1,2,5,4,Cannot Lose Them,663,South East,Email,55+
C01258,84,2,161.57,2024-03-29,2024-10-08,80.78,1,4,2,1,Recent Customers,193,London,Email,25-34
C01259,1077,1,37.58,2022-01-19,2022-01-19,37.58,1,1,1,1,Hibernating,0,London,Email,18-24
C01260,134,5,315.97,2022-09-15,2024-08-19,63.19,3,3,5,2,Loyal Customers,704,Scotland,Email,55+
C01261,198,3,270.56,2023-06-10,2024-06-16,90.19,1,2,3,2,At Risk,372,Scotland,Organic Search,45-54
C01262,163,5,1048.41,2022-08-09,2024-07-21,209.68,1,3,5,5,Loyal Customers,712,Wales,Organic Search,55+
C01263,704,2,254.69,2022-03-09,2023-01-27,127.34,2,1,2,2,Hibernating,324,South East,Paid Search,45-54
C01264,348,1,78.02,2024-01-18,2024-01-18,78.02,1,2,1,1,Hibernating,0,North East,Organic Search,18-24
C01266,37,4,446.69,2024-06-17,2024-11-24,111.67,2,4,4,3,Champions,160,London,Paid Search,55+
C01267,1243,1,356.27,2021-08-06,2021-08-06,356.27,1,1,1,2,Hibernating,0,London,Organic Search,35-44
C01268,23,3,2011.37,2023-11-14,2024-12-08,670.46,1,5,3,5,Loyal Customers,390,South West,Social Media,55+
C01269,30,5,1774.06,2024-10-31,2024-12-01,354.81,3,5,5,5,Champions,31,South West,Social Media,25-34
C01271,407,1,29.11,2023-11-20,2023-11-20,29.11,1,1,1,1,Hibernating,0,Midlands,Organic Search,35-44
C01272,384,1,346.77,2023-12-13,2023-12-13,346.77,1,1,1,2,Hibernating,0,London,Email,25-34
C01273,403,5,696.48,2022-07-03,2023-11-24,139.3,3,1,5,4,Cannot Lose Them,509,Wales,Social Media,18-24
C01274,83,6,2254.66,2024-07-21,2024-10-09,375.78,3,4,5,5,Champions,80,North West,Paid Search,25-34
C01277,130,9,1566.79,2024-02-26,2024-08-23,174.09,4,3,5,5,Loyal Customers,179,South East,Organic Search,25-34
C01278,630,3,290.6,2023-01-18,2023-04-11,96.87,1,1,3,2,At Risk,83,North West,Organic Search,18-24
C01279,6,1,1040.97,2024-12-25,2024-12-25,1040.97,1,5,1,5,Recent Customers,0,South West,Organic Search,25-34
C01280,47,5,455.09,2023-03-01,2024-11-14,91.02,3,4,5,3,Champions,624,Yorkshire,Paid Search,35-44
C01281,750,2,1145.01,2022-12-10,2022-12-12,572.5,2,1,2,5,Hibernating,2,London,Paid Search,35-44
C01282,343,7,1277.69,2021-10-16,2024-01-23,182.53,2,2,5,5,Cannot Lose Them,829,North West,Paid Search,45-54
C01283,17,6,819.24,2024-01-21,2024-12-14,136.54,3,5,5,4,Champions,328,Yorkshire,Paid Search,35-44
C01284,230,5,361.97,2022-12-06,2024-05-15,72.39,3,2,5,2,Cannot Lose Them,526,North West,Paid Search,25-34
C01286,128,3,412.76,2024-01-31,2024-08-25,137.59,1,3,3,3,Loyal Customers,207,London,Email,25-34
C01287,802,4,411.67,2022-01-28,2022-10-21,102.92,3,1,4,3,Cannot Lose Them,266,South East,Direct,45-54
C01288,85,5,992.94,2024-03-07,2024-10-07,198.59,2,4,5,4,Champions,214,Yorkshire,Email,25-34
C01290,2,2,330.03,2022-02-20,2024-12-29,165.02,1,5,2,2,Recent Customers,1043,South East,Paid Search,25-34
C01291,78,3,1035.42,2023-06-03,2024-10-14,345.14,2,4,3,5,Loyal Customers,499,Scotland,Paid Search,55+
C01292,102,4,498.01,2021-12-11,2024-09-20,124.5,3,3,4,3,Loyal Customers,1014,Yorkshire,Email,25-34
C01293,130,7,837.25,2022-11-21,2024-08-23,119.61,2,3,5,4,Loyal Customers,641,London,Organic Search,18-24
C01294,470,3,797.64,2021-04-24,2023-09-18,265.88,2,1,3,4,At Risk,877,London,Social Media,18-24
C01297,23,4,848.61,2024-10-25,2024-12-08,212.15,2,5,4,4,Champions,44,Wales,Email,55+
C01298,15,6,912.54,2024-01-06,2024-12-16,152.09,3,5,5,4,Champions,345,South West,Social Media,35-44
C01299,69,3,1364.0,2024-02-15,2024-10-23,454.67,2,4,3,5,Loyal Customers,251,Scotland,Organic Search,55+
C01300,35,7,1516.95,2023-11-02,2024-11-26,216.71,4,4,5,5,Champions,390,London,Organic Search,35-44
C01301,56,7,1521.25,2023-07-13,2024-11-05,217.32,4,4,5,5,Champions,481,North West,Direct,25-34
C01302,112,4,1137.74,2024-02-06,2024-09-10,284.44,2,3,4,5,Loyal Customers,217,London,Social Media,25-34
C01304,56,2,212.0,2024-01-22,2024-11-05,106.0,2,4,2,2,Recent Customers,288,London,Paid Search,18-24
C01307,416,4,513.58,2021-07-13,2023-11-11,128.39,2,1,4,3,Cannot Lose Them,851,Scotland,Organic Search,18-24
C01309,28,2,762.76,2023-10-27,2024-12-03,381.38,1,5,2,4,Recent Customers,403,Wales,Organic Search,18-24
C01310,875,3,254.72,2022-01-04,2022-08-09,84.91,1,1,3,2,At Risk,217,London,Paid Search,18-24
C01311,208,4,919.7,2022-03-16,2024-06-06,229.92,1,2,4,4,Cannot Lose Them,813,North West,Referral,25-34
C01312,777,3,1452.47,2021-03-04,2022-11-15,484.16,2,1,3,5,At Risk,621,London,Paid Search,45-54
C01313,68,4,1116.51,2024-07-14,2024-10-24,279.13,2,4,4,5,Champions,102,London,Email,25-34
C01314,67,3,815.03,2024-06-14,2024-10-25,271.68,1,4,3,4,Loyal Customers,133,South East,Paid Search,35-44
C01315,107,3,459.35,2024-08-09,2024-09-15,153.12,2,3,3,3,Loyal Customers,37,South East,Paid Search,25-34
C01316,167,6,968.44,2022-12-26,2024-07-17,161.41,2,3,5,4,Loyal Customers,569,Scotland,Paid Search,25-34
C01317,5,3,260.53,2024-10-10,2024-12-26,86.84,2,5,3,2,Loyal Customers,77,North West,Social Media,18-24
C01318,35,5,1371.98,2022-06-16,2024-11-26,274.4,2,4,5,5,Champions,894,North East,Paid Search,18-24
C01319,14,7,1766.33,2023-02-27,2024-12-17,252.33,3,5,5,5,Champions,659,North East,Direct,18-24
C01320,235,2,1112.11,2023-12-08,2024-05-10,556.05,1,2,2,5,Hibernating,154,Yorkshire,Organic Search,55+
C01321,110,7,869.36,2023-12-30,2024-09-12,124.19,3,3,5,4,Loyal Customers,257,Midlands,Email,45-54
C01322,138,2,100.71,2022-12-03,2024-08-15,50.36,1,3,2,1,Lost,621,Scotland,Organic Search,35-44
C01323,70,7,1512.06,2022-08-21,2024-10-22,216.01,3,4,5,5,Champions,793,South West,Organic Search,18-24
C01326,377,3,901.57,2022-05-08,2023-12-20,300.52,2,1,3,4,At Risk,591,Scotland,Organic Search,18-24
C01327,17,9,782.0,2023-02-25,2024-12-14,86.89,2,5,5,4,Champions,658,Wales,Paid Search,45-54
C01329,12,8,1635.18,2024-10-15,2024-12-19,204.4,2,5,5,5,Champions,65,Scotland,Organic Search,55+
C01330,8,1,215.0,2024-12-23,2024-12-23,215.0,1,5,1,2,Recent Customers,0,Midlands,Email,45-54
C01331,50,3,1475.85,2024-05-18,2024-11-11,491.95,2,4,3,5,Loyal Customers,177,London,Email,18-24
C01332,126,5,913.72,2024-04-06,2024-08-27,182.74,2,3,5,4,Loyal Customers,143,London,Email,18-24
C01333,182,2,449.71,2024-05-19,2024-07-02,224.86,2,2,2,3,Hibernating,44,South East,Paid Search,55+
C01334,110,7,1417.53,2023-12-07,2024-09-12,202.5,2,3,5,5,Loyal Customers,280,South East,Social Media,25-34
C01335,64,6,2052.79,2023-07-06,2024-10-28,342.13,3,4,5,5,Champions,480,London,Email,35-44
C01336,88,5,1070.98,2024-01-05,2024-10-04,214.2,1,3,5,5,Loyal Customers,273,North West,Social Media,35-44
C01337,61,5,697.21,2023-05-14,2024-10-31,139.44,2,4,5,4,Champions,536,Midlands,Social Media,18-24
C01338,369,2,369.97,2023-02-23,2023-12-28,184.98,2,1,2,2,Hibernating,308,London,Paid Search,45-54
C01339,43,1,607.74,2024-11-18,2024-11-18,607.74,1,4,1,3,Recent Customers,0,North East,Email,18-24
C01340,62,3,1182.64,2023-09-13,2024-10-30,394.21,2,4,3,5,Loyal Customers,413,Scotland,Email,35-44
C01341,227,1,33.98,2024-05-18,2024-05-18,33.98,1,2,1,1,Hibernating,0,South East,Paid Search,18-24
C01342,25,11,1451.08,2024-02-29,2024-12-06,131.92,4,5,5,5,Champions,281,London,Organic Search,35-44
C01343,385,1,260.24,2023-12-12,2023-12-12,260.24,1,1,1,2,Hibernating,0,Midlands,Paid Search,25-34
C01345,111,5,784.2,2023-07-29,2024-09-11,156.84,1,3,5,4,Loyal Customers,410,Scotland,Paid Search,25-34
C01346,137,1,180.17,2024-08-16,2024-08-16,180.17,1,3,1,1,Lost,0,North West,Organic Search,25-34
C01347,251,2,297.81,2023-09-20,2024-04-24,148.91,2,2,2,2,Hibernating,217,Yorkshire,Social Media,45-54
C01349,361,1,224.4,2024-01-05,2024-01-05,224.4,1,2,1,2,Hibernating,0,North West,Referral,18-24
C01350,231,2,198.26,2023-11-06,2024-05-14,99.13,1,2,2,2,Hibernating,190,Midlands,Referral,25-34
C01351,574,1,306.03,2023-06-06,2023-06-06,306.03,1,1,1,2,Hibernating,0,Wales,Social Media,25-34
C01352,95,9,1763.62,2022-12-23,2024-09-27,195.96,1,3,5,5,Loyal Customers,644,Wales,Paid Search,35-44
C01353,10,3,410.56,2024-11-08,2024-12-21,136.85,2,5,3,3,Loyal Customers,43,North East,Social Media,25-34
C01354,114,3,205.72,2023-08-24,2024-09-08,68.57,1,3,3,2,Loyal Customers,381,Scotland,Social Media,35-44
C01355,126,3,350.06,2022-07-31,2024-08-27,116.69,1,3,3,2,Loyal Customers,758,South East,Email,35-44
C01357,19,2,230.05,2024-10-26,2024-12-12,115.02,1,5,2,2,Recent Customers,47,Scotland,Paid Search,25-34
C01358,453,3,220.04,2022-02-15,2023-10-05,73.35,2,1,3,2,At Risk,597,North West,Paid Search,45-54
C01359,183,2,100.31,2024-02-22,2024-07-01,50.16,2,2,2,1,Hibernating,130,North West,Paid Search,55+
C01360,119,2,82.76,2024-08-30,2024-09-03,41.38,2,3,2,1,Lost,4,Yorkshire,Email,55+
C01361,170,1,168.28,2024-07-14,2024-07-14,168.28,1,3,1,1,Lost,0,South West,Direct,35-44
C01362,64,5,1307.05,2022-07-13,2024-10-28,261.41,2,4,5,5,Champions,838,North East,Email,35-44
C01363,21,1,85.2,2024-12-10,2024-12-10,85.2,1,5,1,1,Recent Customers,0,Midlands,Email,35-44
C01366,157,1,158.61,2024-07-27,2024-07-27,158.61,1,3,1,1,Lost,0,London,Direct,35-44
C01367,196,1,55.9,2024-06-18,2024-06-18,55.9,1,2,1,1,Hibernating,0,London,Organic Search,45-54
C01368,339,1,96.98,2024-01-27,2024-01-27,96.98,1,2,1,1,Hibernating,0,Midlands,Email,55+
C01369,100,4,457.99,2023-09-16,2024-09-22,114.5,3,3,4,3,Loyal Customers,372,North West,Organic Search,45-54
C01370,146,6,2453.74,2022-11-06,2024-08-07,408.96,2,3,5,5,Loyal Customers,640,South East,Referral,35-44
C01371,117,7,670.0,2022-12-24,2024-09-05,95.71,3,3,5,4,Loyal Customers,621,Scotland,Organic Search,35-44
C01372,193,1,58.14,2024-06-21,2024-06-21,58.14,1,2,1,1,Hibernating,0,Yorkshire,Email,18-24
C01373,617,5,1151.66,2022-01-21,2023-04-24,230.33,2,1,5,5,Cannot Lose Them,458,Wales,Paid Search,45-54
C01374,232,4,205.02,2023-10-17,2024-05-13,51.26,1,2,4,2,Cannot Lose Them,209,London,Paid Search,45-54
C01376,186,3,1004.21,2024-03-03,2024-06-28,334.74,2,2,3,4,At Risk,117,Scotland,Paid Search,18-24
C01377,159,6,537.15,2022-04-24,2024-07-25,89.52,3,3,5,3,Loyal Customers,823,London,Social Media,25-34
C01378,98,5,568.66,2023-02-13,2024-09-24,113.73,2,3,5,3,Loyal Customers,589,North West,Email,35-44
C01379,514,2,151.24,2023-06-30,2023-08-05,75.62,1,1,2,1,Hibernating,36,South East,Organic Search,25-34
C01380,262,3,411.32,2022-05-28,2024-04-13,137.11,1,2,3,3,At Risk,686,South East,Social Media,25-34
C01381,80,5,979.15,2022-03-19,2024-10-12,195.83,1,4,5,4,Champions,938,Yorkshire,Paid Search,45-54
C01382,89,2,707.47,2024-06-02,2024-10-03,353.74,2,3,2,4,Lost,123,Midlands,Referral,35-44
C01383,202,4,500.9,2023-04-10,2024-06-12,125.22,4,2,4,3,Cannot Lose Them,429,North West,Social Media,35-44
C01384,2,1,166.82,2024-12-29,2024-12-29,166.82,1,5,1,1,Recent Customers,0,Scotland,Social Media,35-44
C01385,86,2,211.02,2024-01-27,2024-10-06,105.51,1,3,2,2,Lost,253,North West,Organic Search,35-44
C01387,19,4,488.4,2023-09-23,2024-12-12,122.1,1,5,4,3,Champions,446,Yorkshire,Social Media,18-24
C01388,617,1,216.96,2023-04-24,2023-04-24,216.96,1,1,1,2,Hibernating,0,Scotland,Paid Search,45-54
C01391,56,1,172.02,2024-11-05,2024-11-05,172.02,1,4,1,1,Recent Customers,0,South East,Paid Search,45-54
C01392,20,4,795.6,2024-08-10,2024-12-11,198.9,3,5,4,4,Champions,123,North West,Social Media,35-44
C01393,85,2,555.16,2023-06-02,2024-10-07,277.58,2,4,2,3,Recent Customers,493,Midlands,Social Media,55+
C01395,95,2,193.11,2024-08-27,2024-09-27,96.56,2,3,2,1,Lost,31,South West,Paid Search,45-54
C01396,169,2,204.28,2024-06-24,2024-07-15,102.14,1,3,2,2,Lost,21,Midlands,Social Media,45-54
C01397,16,2,609.25,2024-11-07,2024-12-15,304.62,2,5,2,3,Recent Customers,38,Scotland,Email,18-24
C01398,13,10,1520.17,2024-06-20,2024-12-18,152.02,3,5,5,5,Champions,181,South East,Email,25-34
C01399,297,2,181.72,2022-08-15,2024-03-09,90.86,1,2,2,1,Hibernating,572,Wales,Social Media,45-54
C01400,12,4,305.28,2024-09-23,2024-12-19,76.32,2,5,4,2,Champions,87,Yorkshire,Email,25-34
C01401,92,7,1223.96,2022-11-08,2024-09-30,174.85,3,3,5,5,Loyal Customers,692,South East,Social Media,35-44
C01402,154,3,466.37,2023-07-31,2024-07-30,155.46,2,3,3,3,Loyal Customers,365,South East,Email,25-34
C01403,24,5,724.0,2024-05-09,2024-12-07,144.8,4,5,5,4,Champions,212,London,Email,18-24
C01404,86,2,262.06,2023-11-08,2024-10-06,131.03,2,3,2,2,Lost,333,Scotland,Email,45-54
C01405,14,4,1653.01,2024-07-14,2024-12-17,413.25,3,5,4,5,Champions,156,Midlands,Paid Search,55+
C01406,283,3,390.55,2023-05-21,2024-03-23,130.18,2,2,3,3,At Risk,307,North West,Social Media,45-54
C01408,98,5,1195.98,2022-03-10,2024-09-24,239.2,3,3,5,5,Loyal Customers,929,London,Organic Search,18-24
C01409,69,4,481.73,2021-09-01,2024-10-23,120.43,3,4,4,3,Champions,1148,North West,Paid Search,18-24
C01410,329,1,231.6,2024-02-06,2024-02-06,231.6,1,2,1,2,Hibernating,0,London,Email,55+
C01411,218,3,304.13,2022-08-04,2024-05-27,101.38,2,2,3,2,At Risk,662,London,Social Media,55+
C01412,12,5,454.89,2023-03-24,2024-12-19,90.98,2,5,5,3,Champions,636,South East,Social Media,18-24
C01415,18,4,613.76,2024-07-28,2024-12-13,153.44,3,5,4,3,Champions,138,Yorkshire,Email,25-34
C01416,79,4,418.3,2024-07-22,2024-10-13,104.58,2,4,4,3,Champions,83,Yorkshire,Paid Search,25-34
C01417,22,5,315.95,2023-11-28,2024-12-09,63.19,1,5,5,2,Champions,377,Wales,Referral,25-34
C01418,246,3,252.7,2021-11-16,2024-04-29,84.23,1,2,3,2,At Risk,895,South East,Organic Search,18-24
C01419,260,3,325.87,2023-05-16,2024-04-15,108.62,2,2,3,2,At Risk,335,South East,Email,25-34
C01420,215,3,659.07,2024-01-27,2024-05-30,219.69,1,2,3,4,At Risk,124,Wales,Email,55+
C01421,218,5,918.53,2021-11-26,2024-05-27,183.71,3,2,5,4,Cannot Lose Them,913,North West,Social Media,25-34
C01422,647,2,211.8,2022-01-14,2023-03-25,105.9,1,1,2,2,Hibernating,435,Yorkshire,Email,35-44
C01423,4,3,544.23,2024-07-25,2024-12-27,181.41,1,5,3,3,Loyal Customers,155,South East,Social Media,25-34
C01424,19,8,1012.18,2024-11-03,2024-12-12,126.52,4,5,5,4,Champions,39,Yorkshire,Referral,45-54
C01425,17,2,295.64,2024-11-19,2024-12-14,147.82,1,5,2,2,Recent Customers,25,Scotland,Organic Search,35-44
C01427,1050,1,159.74,2022-02-15,2022-02-15,159.74,1,1,1,1,Hibernating,0,Yorkshire,Social Media,18-24
C01428,764,1,384.65,2022-11-28,2022-11-28,384.65,1,1,1,2,Hibernating,0,North West,Social Media,25-34
C01429,224,1,193.43,2024-05-21,2024-05-21,193.43,1,2,1,1,Hibernating,0,London,Organic Search,35-44
C01430,340,1,113.78,2024-01-26,2024-01-26,113.78,1,2,1,1,Hibernating,0,Scotland,Paid Search,25-34
C01431,217,3,270.63,2021-08-25,2024-05-28,90.21,2,2,3,2,At Risk,1007,Scotland,Organic Search,55+
C01432,83,2,186.61,2024-02-28,2024-10-09,93.3,2,4,2,1,Recent Customers,224,London,Organic Search,45-54
C01433,128,5,300.59,2022-09-19,2024-08-25,60.12,2,3,5,2,Loyal Customers,706,North East,Email,18-24
C01435,132,6,2887.92,2022-12-21,2024-08-21,481.32,2,3,5,5,Loyal Customers,609,North West,Social Media,35-44
C01436,43,5,469.08,2023-10-18,2024-11-18,93.82,4,4,5,3,Champions,397,Wales,Referral,25-34
C01437,249,3,381.09,2023-12-17,2024-04-26,127.03,3,2,3,2,At Risk,131,Wales,Organic Search,35-44
C01438,130,2,412.68,2024-06-30,2024-08-23,206.34,1,3,2,3,Lost,54,London,Paid Search,45-54
C01439,931,1,196.63,2022-06-14,2022-06-14,196.63,1,1,1,1,Hibernating,0,South East,Organic Search,25-34
C01441,19,6,636.35,2024-01-07,2024-12-12,106.06,2,5,5,4,Champions,340,South East,Organic Search,18-24
C01443,256,3,566.65,2021-07-23,2024-04-19,188.88,2,2,3,3,At Risk,1001,London,Paid Search,25-34
C01444,18,4,1235.63,2024-11-26,2024-12-13,308.91,3,5,4,5,Champions,17,South East,Social Media,25-34
C01445,308,4,717.58,2023-09-26,2024-02-27,179.4,2,2,4,4,Cannot Lose Them,154,London,Organic Search,25-34
C01446,65,2,820.76,2024-10-03,2024-10-27,410.38,2,4,2,4,Recent Customers,24,Midlands,Organic Search,45-54
C01447,228,4,860.31,2022-03-09,2024-05-17,215.08,2,2,4,4,Cannot Lose Them,800,Yorkshire,Email,55+
C01448,70,1,17.56,2024-10-22,2024-10-22,17.56,1,4,1,1,Recent Customers,0,North West,Email,25-34
C01449,83,7,1140.23,2022-09-09,2024-10-09,162.89,3,4,5,5,Champions,761,Yorkshire,Organic Search,35-44
C01450,58,5,621.41,2022-02-15,2024-11-03,124.28,2,4,5,3,Champions,992,Yorkshire,Social Media,55+
C01451,172,5,566.13,2023-09-28,2024-07-12,113.23,2,3,5,3,Loyal Customers,288,South East,Organic Search,35-44
C01452,323,1,134.03,2024-02-12,2024-02-12,134.03,1,2,1,1,Hibernating,0,South West,Organic Search,18-24
C01453,16,4,2056.91,2024-09-10,2024-12-15,514.23,1,5,4,5,Champions,96,Yorkshire,Social Media,35-44
C01454,11,9,2278.94,2022-02-07,2024-12-20,253.22,2,5,5,5,Champions,1047,Wales,Paid Search,45-54
C01456,12,3,463.0,2024-10-21,2024-12-19,154.33,2,5,3,3,Loyal Customers,59,Wales,Direct,35-44
C01457,698,1,42.91,2023-02-02,2023-02-02,42.91,1,1,1,1,Hibernating,0,South East,Paid Search,25-34
C01458,365,5,940.4,2022-11-10,2024-01-01,188.08,3,1,5,4,Cannot Lose Them,417,Yorkshire,Email,35-44
C01459,88,1,74.05,2024-10-04,2024-10-04,74.05,1,3,1,1,Lost,0,London,Paid Search,35-44
C01460,14,5,1970.21,2024-11-23,2024-12-17,394.04,2,5,5,5,Champions,24,Yorkshire,Organic Search,18-24
C01461,2,2,754.51,2024-12-12,2024-12-29,377.26,2,5,2,4,Recent Customers,17,Midlands,Direct,55+
C01462,18,1,134.71,2024-12-13,2024-12-13,134.71,1,5,1,1,Recent Customers,0,London,Email,45-54
C01463,139,1,66.52,2024-08-14,2024-08-14,66.52,1,3,1,1,Lost,0,London,Organic Search,18-24
C01464,57,1,208.01,2024-11-04,2024-11-04,208.01,1,4,1,2,Recent Customers,0,South West,Email,25-34
C01465,35,3,306.25,2023-02-18,2024-11-26,102.08,2,4,3,2,Loyal Customers,647,Scotland,Paid Search,55+
C01466,26,3,796.47,2024-07-29,2024-12-05,265.49,2,5,3,4,Loyal Customers,129,North West,Organic Search,35-44
C01467,6,8,838.0,2024-10-22,2024-12-25,104.75,4,5,5,4,Champions,64,London,Direct,45-54
C01468,1410,1,131.83,2021-02-20,2021-02-20,131.83,1,1,1,1,Hibernating,0,North West,Social Media,45-54
C01470,59,8,1124.55,2021-07-12,2024-11-02,140.57,4,4,5,5,Champions,1209,Midlands,Paid Search,35-44
C01471,73,3,1497.96,2023-12-20,2024-10-19,499.32,1,4,3,5,Loyal Customers,304,Wales,Social Media,18-24
C01472,112,6,1032.58,2022-03-13,2024-09-10,172.1,4,3,5,5,Loyal Customers,912,South East,Paid Search,35-44
C01473,23,6,1117.71,2021-08-26,2024-12-08,186.28,2,5,5,5,Champions,1200,North West,Social Media,35-44
C01475,10,3,289.47,2024-03-07,2024-12-21,96.49,2,5,3,2,Loyal Customers,289,South East,Referral,45-54
C01476,320,2,419.41,2024-01-13,2024-02-15,209.7,1,2,2,3,Hibernating,33,South West,Social Media,25-34
C01477,67,3,93.65,2024-09-02,2024-10-25,31.22,1,4,3,1,Loyal Customers,53,Wales,Paid Search,35-44
C01478,68,7,1191.27,2023-07-18,2024-10-24,170.18,3,4,5,5,Champions,464,North West,Direct,35-44
C01479,47,5,2326.59,2023-10-24,2024-11-14,465.32,2,4,5,5,Champions,387,Wales,Paid Search,35-44
C01480,19,1,56.56,2024-12-12,2024-12-12,56.56,1,5,1,1,Recent Customers,0,Midlands,Email,55+
C01481,113,3,308.98,2023-10-12,2024-09-09,102.99,2,3,3,2,Loyal Customers,333,Midlands,Referral,25-34
C01482,88,1,142.09,2024-10-04,2024-10-04,142.09,1,3,1,1,Lost,0,London,Social Media,18-24
C01483,14,3,680.93,2024-10-14,2024-12-17,226.98,1,5,3,4,Loyal Customers,64,South East,Organic Search,35-44
C01484,80,4,397.78,2022-07-17,2024-10-12,99.44,2,4,4,3,Champions,818,Wales,Email,25-34
C01485,492,5,698.91,2021-08-29,2023-08-27,139.78,2,1,5,4,Cannot Lose Them,728,South West,Organic Search,35-44
C01486,135,3,300.38,2024-04-23,2024-08-18,100.13,2,3,3,2,Loyal Customers,117,North West,Social Media,25-34
C01487,137,5,953.49,2023-10-23,2024-08-16,190.7,3,3,5,4,Loyal Customers,298,Wales,Referral,25-34
C01488,594,3,536.08,2021-11-14,2023-05-17,178.69,1,1,3,3,At Risk,549,North West,Email,35-44
C01489,141,1,253.58,2024-08-12,2024-08-12,253.58,1,3,1,2,Lost,0,Scotland,Email,18-24
C01490,237,7,689.26,2022-11-21,2024-05-08,98.47,3,2,5,4,Cannot Lose Them,534,Midlands,Direct,45-54
C01491,375,1,623.27,2023-12-22,2023-12-22,623.27,1,1,1,3,Hibernating,0,Wales,Paid Search,25-34
C01493,276,2,190.67,2024-02-27,2024-03-30,95.34,1,2,2,1,Hibernating,32,Wales,Paid Search,18-24
C01494,509,2,62.44,2021-09-28,2023-08-10,31.22,1,1,2,1,Hibernating,681,Wales,Email,35-44
C01495,706,4,479.99,2022-03-02,2023-01-25,120.0,2,1,4,3,Cannot Lose Them,329,South West,Organic Search,25-34
C01496,657,1,306.39,2023-03-15,2023-03-15,306.39,1,1,1,2,Hibernating,0,Midlands,Direct,25-34
C01499,44,2,932.45,2024-05-28,2024-11-17,466.22,1,4,2,4,Recent Customers,173,Yorkshire,Paid Search,25-34
C01500,24,2,580.71,2024-10-02,2024-12-07,290.36,2,5,2,3,Recent Customers,66,South East,Organic Search,25-34
C01501,589,2,181.53,2023-02-21,2023-05-22,90.76,1,1,2,1,Hibernating,90,South East,Direct,45-54
C01502,22,4,1189.98,2024-09-20,2024-12-09,297.5,1,5,4,5,Champions,80,London,Paid Search,35-44
C01503,376,2,184.95,2021-09-30,2023-12-21,92.48,1,1,2,1,Hibernating,812,Wales,Email,35-44
C01504,735,2,151.35,2021-05-27,2022-12-27,75.68,2,1,2,1,Hibernating,579,London,Email,35-44
C01505,153,4,1552.76,2024-05-16,2024-07-31,388.19,2,3,4,5,Loyal Customers,76,North West,Social Media,35-44
C01506,160,5,1448.36,2023-05-01,2024-07-24,289.67,4,3,5,5,Loyal Customers,450,South East,Email,25-34
C01507,294,3,447.49,2023-05-03,2024-03-12,149.16,2,2,3,3,At Risk,314,North West,Email,35-44
C01508,36,9,1801.89,2023-10-03,2024-11-25,200.21,3,4,5,5,Champions,419,South West,Paid Search,18-24
C01509,119,1,104.83,2024-09-03,2024-09-03,104.83,1,3,1,1,Lost,0,Wales,Organic Search,35-44
C01510,121,9,1375.44,2022-02-27,2024-09-01,152.83,4,3,5,5,Loyal Customers,917,Scotland,Paid Search,35-44
C01511,402,3,585.72,2023-07-21,2023-11-25,195.24,2,1,3,3,At Risk,127,Midlands,Paid Search,18-24
C01512,131,5,364.09,2021-04-16,2024-08-22,72.82,2,3,5,2,Loyal Customers,1224,London,Paid Search,45-54
C01513,514,1,64.93,2023-08-05,2023-08-05,64.93,1,1,1,1,Hibernating,0,North East,Social Media,25-34
C01514,444,4,1347.33,2022-03-21,2023-10-14,336.83,1,1,4,5,Cannot Lose Them,572,South East,Organic Search,25-34
C01515,78,3,540.45,2023-09-07,2024-10-14,180.15,1,4,3,3,Loyal Customers,403,London,Paid Search,25-34
C01516,32,8,933.78,2022-03-25,2024-11-29,116.72,1,5,5,4,Champions,980,South West,Paid Search,35-44
C01517,360,3,622.82,2023-03-26,2024-01-06,207.61,3,2,3,3,At Risk,286,Yorkshire,Organic Search,45-54
C01518,15,2,759.33,2024-12-03,2024-12-16,379.66,2,5,2,4,Recent Customers,13,North West,Paid Search,25-34
C01519,49,7,1170.35,2022-11-09,2024-11-12,167.19,4,4,5,5,Champions,734,Yorkshire,Social Media,18-24
C01520,3,8,1974.92,2024-04-04,2024-12-28,246.86,3,5,5,5,Champions,268,Yorkshire,Email,45-54
C01521,585,2,574.61,2022-12-12,2023-05-26,287.3,1,1,2,3,Hibernating,165,South East,Social Media,45-54
C01522,555,3,506.83,2023-01-29,2023-06-25,168.94,2,1,3,3,At Risk,147,South East,Social Media,35-44
C01524,169,4,1018.59,2023-08-05,2024-07-15,254.65,3,3,4,4,Loyal Customers,345,South West,Organic Search,45-54
C01525,99,4,740.93,2023-05-02,2024-09-23,185.23,2,3,4,4,Loyal Customers,510,Midlands,Social Media,25-34
C01527,63,3,493.97,2023-04-06,2024-10-29,164.66,2,4,3,3,Loyal Customers,572,Scotland,Organic Search,35-44
C01528,412,4,436.22,2023-01-01,2023-11-15,109.06,2,1,4,3,Cannot Lose Them,318,Wales,Organic Search,18-24
C01529,309,1,70.84,2024-02-26,2024-02-26,70.84,1,2,1,1,Hibernating,0,Scotland,Direct,55+
C01530,205,2,416.42,2023-01-04,2024-06-09,208.21,2,2,2,3,Hibernating,522,South East,Paid Search,55+
C01531,713,3,540.11,2022-05-24,2023-01-18,180.04,3,1,3,3,At Risk,239,Yorkshire,Paid Search,25-34
C01532,209,1,182.23,2024-06-05,2024-06-05,182.23,1,2,1,1,Hibernating,0,London,Direct,45-54
C01533,302,3,440.24,2023-02-09,2024-03-04,146.75,3,2,3,3,At Risk,389,North West,Paid Search,18-24
C01534,652,2,174.48,2022-05-31,2023-03-20,87.24,1,1,2,1,Hibernating,293,London,Referral,35-44
C01535,5,1,529.82,2024-12-26,2024-12-26,529.82,1,5,1,3,Recent Customers,0,South West,Paid Search,25-34
C01536,237,8,3061.92,2022-10-31,2024-05-08,382.74,2,2,5,5,Cannot Lose Them,555,North East,Social Media,18-24
C01537,14,6,3147.91,2022-03-23,2024-12-17,524.65,1,5,5,5,Champions,1000,Scotland,Organic Search,55+
C01538,67,1,358.58,2024-10-25,2024-10-25,358.58,1,4,1,2,Recent Customers,0,South East,Paid Search,35-44
C01539,26,3,230.88,2024-10-06,2024-12-05,76.96,2,5,3,2,Loyal Customers,60,South East,Email,18-24
C01542,73,4,1137.39,2024-04-18,2024-10-19,284.35,2,4,4,5,Champions,184,South East,Paid Search,35-44
C01543,34,2,489.64,2024-06-12,2024-11-27,244.82,2,4,2,3,Recent Customers,168,North West,Paid Search,35-44
C01544,5,3,705.85,2022-09-14,2024-12-26,235.28,2,5,3,4,Loyal Customers,834,South East,Social Media,35-44
C01545,379,1,132.81,2023-12-18,2023-12-18,132.81,1,1,1,1,Hibernating,0,London,Email,55+
C01546,427,2,1129.16,2022-11-29,2023-10-31,564.58,1,1,2,5,Hibernating,336,North West,Paid Search,45-54
C01547,197,4,342.09,2023-09-04,2024-06-17,85.52,3,2,4,2,Cannot Lose Them,287,Scotland,Paid Search,35-44
C01548,24,3,424.93,2022-06-29,2024-12-07,141.64,2,5,3,3,Loyal Customers,892,South East,Social Media,35-44
C01550,162,1,44.16,2024-07-22,2024-07-22,44.16,1,3,1,1,Lost,0,Scotland,Paid Search,25-34
C01551,43,3,467.27,2023-07-24,2024-11-18,155.76,2,4,3,3,Loyal Customers,483,Yorkshire,Paid Search,25-34
C01553,153,4,832.75,2021-10-03,2024-07-31,208.19,2,3,4,4,Loyal Customers,1032,Wales,Organic Search,35-44
C01554,81,4,1418.75,2024-03-23,2024-10-11,354.69,2,4,4,5,Champions,202,South West,Email,45-54
C01555,169,5,1503.82,2024-01-30,2024-07-15,300.76,2,3,5,5,Loyal Customers,167,North East,Social Media,55+
C01556,9,2,909.37,2023-09-03,2024-12-22,454.68,2,5,2,4,Recent Customers,476,Yorkshire,Direct,35-44
C01557,6,8,2779.58,2023-09-19,2024-12-25,347.45,1,5,5,5,Champions,463,Scotland,Direct,25-34
C01558,144,3,360.91,2024-01-21,2024-08-09,120.3,1,3,3,2,Loyal Customers,201,South West,Paid Search,55+
C01561,32,2,808.31,2024-05-10,2024-11-29,404.16,1,5,2,4,Recent Customers,203,London,Organic Search,45-54
C01562,473,5,1217.61,2021-09-21,2023-09-15,243.52,3,1,5,5,Cannot Lose Them,724,South West,Paid Search,35-44
C01563,327,3,592.55,2023-05-01,2024-02-08,197.52,2,2,3,3,At Risk,283,South West,Social Media,45-54
C01564,354,2,190.74,2023-05-27,2024-01-12,95.37,2,2,2,1,Hibernating,230,Scotland,Email,45-54
C01565,677,1,131.01,2023-02-23,2023-02-23,131.01,1,1,1,1,Hibernating,0,South East,Paid Search,35-44
C01566,36,9,1380.0,2022-06-25,2024-11-25,153.33,4,4,5,5,Champions,884,London,Social Media,25-34
C01567,404,1,184.47,2023-11-23,2023-11-23,184.47,1,1,1,1,Hibernating,0,South West,Organic Search,25-34
C01568,81,1,51.64,2024-10-11,2024-10-11,51.64,1,4,1,1,Recent Customers,0,North West,Paid Search,25-34
C01569,74,2,825.4,2023-12-25,2024-10-18,412.7,2,4,2,4,Recent Customers,298,South West,Direct,45-54
C01570,33,5,659.67,2024-05-01,2024-11-28,131.93,2,4,5,4,Champions,211,Scotland,Organic Search,55+
C01571,608,3,212.53,2022-06-20,2023-05-03,70.84,3,1,3,2,At Risk,317,Scotland,Paid Search,35-44
C01572,17,8,816.94,2024-09-03,2024-12-14,102.12,3,5,5,4,Champions,102,Midlands,Social Media,25-34
C01574,88,3,385.03,2024-06-15,2024-10-04,128.34,1,3,3,2,Loyal Customers,111,London,Paid Search,35-44
C01575,251,4,366.52,2023-02-05,2024-04-24,91.63,3,2,4,2,Cannot Lose Them,444,Wales,Organic Search,45-54
C01577,246,2,86.92,2023-04-02,2024-04-29,43.46,1,2,2,1,Hibernating,393,Scotland,Direct,18-24
C01578,64,4,782.69,2022-08-04,2024-10-28,195.67,2,4,4,4,Champions,816,North West,Direct,35-44
C01579,4,7,524.73,2023-05-02,2024-12-27,74.96,2,5,5,3,Champions,605,Scotland,Social Media,35-44
C01580,26,6,1225.02,2023-01-11,2024-12-05,204.17,3,5,5,5,Champions,694,Scotland,Social Media,18-24
C01581,24,7,2472.76,2023-06-03,2024-12-07,353.25,3,5,5,5,Champions,553,South East,Email,25-34
C01584,14,6,1223.95,2024-06-09,2024-12-17,203.99,2,5,5,5,Champions,191,London,Email,25-34
C01585,342,1,120.4,2024-01-24,2024-01-24,120.4,1,2,1,1,Hibernating,0,Midlands,Email,35-44
C01586,1183,1,92.56,2021-10-05,2021-10-05,92.56,1,1,1,1,Hibernating,0,Yorkshire,Social Media,35-44
C01587,1032,1,81.05,2022-03-05,2022-03-05,81.05,1,1,1,1,Hibernating,0,South East,Email,35-44
C01588,208,3,236.76,2023-08-31,2024-06-06,78.92,3,2,3,2,At Risk,280,North West,Paid Search,35-44
C01589,37,2,405.29,2023-12-10,2024-11-24,202.64,1,4,2,3,Recent Customers,350,South East,Social Media,45-54
C01591,15,3,464.71,2022-02-27,2024-12-16,154.9,2,5,3,3,Loyal Customers,1023,South East,Social Media,45-54
C01592,345,2,171.26,2022-11-04,2024-01-21,85.63,2,2,2,1,Hibernating,443,Midlands,Organic Search,55+
C01593,163,5,738.15,2023-06-22,2024-07-21,147.63,1,3,5,4,Loyal Customers,395,Wales,Organic Search,45-54
C01594,108,2,432.65,2021-11-25,2024-09-14,216.32,2,3,2,3,Lost,1024,London,Organic Search,45-54
C01595,136,1,268.32,2024-08-17,2024-08-17,268.32,1,3,1,2,Lost,0,Yorkshire,Social Media,25-34
C01596,200,1,87.66,2024-06-14,2024-06-14,87.66,1,2,1,1,Hibernating,0,London,Email,35-44
C01597,471,3,202.18,2023-04-10,2023-09-17,67.39,2,1,3,2,At Risk,160,North East,Organic Search,25-34
C01598,99,5,697.07,2023-03-31,2024-09-23,139.41,3,3,5,4,Loyal Customers,542,London,Organic Search,35-44
C01599,69,6,1172.27,2024-03-15,2024-10-23,195.38,4,4,5,5,Champions,222,Scotland,Organic Search,55+
C01600,117,2,247.85,2023-03-11,2024-09-05,123.93,1,3,2,2,Lost,544,Scotland,Social Media,25-34
C01601,60,6,1493.48,2023-06-21,2024-11-01,248.91,2,4,5,5,Champions,499,London,Paid Search,18-24
C01602,107,7,1385.42,2022-01-14,2024-09-15,197.92,2,3,5,5,Loyal Customers,975,Midlands,Direct,18-24
C01603,117,1,102.83,2024-09-05,2024-09-05,102.83,1,3,1,1,Lost,0,North West,Social Media,18-24
C01604,809,1,220.57,2022-10-14,2022-10-14,220.57,1,1,1,2,Hibernating,0,South West,Organic Search,25-34
C01605,4,5,1692.3,2024-11-21,2024-12-27,338.46,2,5,5,5,Champions,36,Midlands,Paid Search,35-44
C01606,33,7,1417.68,2022-04-09,2024-11-28,202.53,1,4,5,5,Champions,964,London,Direct,45-54
C01607,11,2,354.8,2024-12-12,2024-12-20,177.4,2,5,2,2,Recent Customers,8,Wales,Paid Search,45-54
C01608,85,2,330.41,2023-12-27,2024-10-07,165.2,2,4,2,2,Recent Customers,285,South East,Direct,25-34
C01609,136,5,1798.02,2022-08-26,2024-08-17,359.6,3,3,5,5,Loyal Customers,722,London,Organic Search,25-34
C01610,41,6,816.62,2022-05-06,2024-11-20,136.1,2,4,5,4,Champions,929,Scotland,Organic Search,18-24
C01611,7,2,303.61,2024-11-17,2024-12-24,151.8,1,5,2,2,Recent Customers,37,North East,Email,18-24
C01612,200,5,697.55,2023-07-23,2024-06-14,139.51,1,2,5,4,Cannot Lose Them,327,Midlands,Direct,25-34
C01613,371,4,619.28,2022-06-29,2023-12-26,154.82,1,1,4,3,Cannot Lose Them,545,Wales,Organic Search,18-24
C01614,44,5,1424.72,2021-03-12,2024-11-17,284.94,3,4,5,5,Champions,1346,London,Referral,55+
C01616,70,2,385.83,2022-03-26,2024-10-22,192.92,1,4,2,2,Recent Customers,941,Scotland,Organic Search,35-44
C01617,578,1,132.77,2023-06-02,2023-06-02,132.77,1,1,1,1,Hibernating,0,London,Paid Search,45-54
C01618,40,2,540.71,2023-02-10,2024-11-21,270.36,1,4,2,3,Recent Customers,650,London,Social Media,25-34
C01620,39,1,263.81,2024-11-22,2024-11-22,263.81,1,4,1,2,Recent Customers,0,Scotland,Paid Search,55+
C01622,535,2,390.23,2022-08-16,2023-07-15,195.12,1,1,2,3,Hibernating,333,Midlands,Paid Search,45-54
C01623,36,6,1286.8,2024-06-29,2024-11-25,214.47,3,4,5,5,Champions,149,Scotland,Organic Search,45-54
C01625,132,1,90.59,2024-08-21,2024-08-21,90.59,1,3,1,1,Lost,0,North East,Email,35-44
C01627,110,4,894.05,2024-06-17,2024-09-12,223.51,2,3,4,4,Loyal Customers,87,London,Paid Search,45-54
C01628,22,3,692.59,2024-02-10,2024-12-09,230.86,1,5,3,4,Loyal Customers,303,London,Paid Search,55+
C01629,465,2,224.82,2022-11-14,2023-09-23,112.41,2,1,2,2,Hibernating,313,Scotland,Direct,45-54
C01631,47,2,143.05,2024-10-17,2024-11-14,71.53,1,4,2,1,Recent Customers,28,South East,Paid Search,18-24
C01635,62,3,686.57,2023-06-04,2024-10-30,228.86,2,4,3,4,Loyal Customers,514,London,Paid Search,55+
C01636,93,4,823.09,2024-03-14,2024-09-29,205.77,2,3,4,4,Loyal Customers,199,Wales,Social Media,35-44
C01638,175,1,44.46,2024-07-09,2024-07-09,44.46,1,3,1,1,Lost,0,London,Email,45-54
C01639,271,1,174.81,2024-04-04,2024-04-04,174.81,1,2,1,1,Hibernating,0,Yorkshire,Direct,35-44
C01640,2,5,1213.76,2024-12-01,2024-12-29,242.75,2,5,5,5,Champions,28,London,Direct,35-44
C01641,214,8,2566.84,2022-02-07,2024-05-31,320.86,3,2,5,5,Cannot Lose Them,844,South East,Direct,45-54
C01643,68,5,1858.65,2022-03-30,2024-10-24,371.73,3,4,5,5,Champions,939,South West,Organic Search,18-24
C01644,639,1,131.54,2023-04-02,2023-04-02,131.54,1,1,1,1,Hibernating,0,South East,Organic Search,18-24
C01645,39,1,101.54,2024-11-22,2024-11-22,101.54,1,4,1,1,Recent Customers,0,South East,Direct,35-44
C01646,184,1,692.86,2024-06-30,2024-06-30,692.86,1,2,1,4,Hibernating,0,North West,Social Media,25-34
C01647,398,5,701.17,2022-03-02,2023-11-29,140.23,1,1,5,4,Cannot Lose Them,637,North East,Email,35-44
C01648,24,1,119.91,2024-12-07,2024-12-07,119.91,1,5,1,1,Recent Customers,0,Wales,Organic Search,18-24
C01649,150,2,93.49,2021-05-12,2024-08-03,46.74,2,3,2,1,Lost,1179,London,Organic Search,35-44
C01651,515,2,116.81,2022-09-11,2023-08-04,58.4,2,1,2,1,Hibernating,327,South East,Organic Search,25-34
C01653,226,4,949.76,2022-01-09,2024-05-19,237.44,1,2,4,4,Cannot Lose Them,861,Wales,Social Media,35-44
C01654,971,1,34.79,2022-05-05,2022-05-05,34.79,1,1,1,1,Hibernating,0,Midlands,Organic Search,18-24
C01656,3,3,1835.81,2024-12-16,2024-12-28,611.94,2,5,3,5,Loyal Customers,12,South West,Organic Search,35-44
C01657,392,1,80.99,2023-12-05,2023-12-05,80.99,1,1,1,1,Hibernating,0,North West,Direct,55+
C01658,288,3,848.38,2021-12-06,2024-03-18,282.79,2,2,3,4,At Risk,833,London,Direct,55+
C01660,35,2,879.13,2022-03-20,2024-11-26,439.57,2,4,2,4,Recent Customers,982,South East,Email,18-24
C01661,16,8,3701.96,2023-11-17,2024-12-15,462.74,3,5,5,5,Champions,394,North East,Organic Search,25-34
C01662,179,3,550.99,2022-01-16,2024-07-05,183.66,2,2,3,3,At Risk,901,Scotland,Organic Search,25-34
C01663,550,3,246.04,2023-03-19,2023-06-30,82.01,2,1,3,2,At Risk,103,North East,Organic Search,35-44
C01664,175,4,689.33,2024-04-14,2024-07-09,172.33,2,3,4,4,Loyal Customers,86,North East,Paid Search,25-34
C01665,266,1,74.02,2024-04-09,2024-04-09,74.02,1,2,1,1,Hibernating,0,North West,Email,35-44
C01667,372,1,155.09,2023-12-25,2023-12-25,155.09,1,1,1,1,Hibernating,0,Midlands,Paid Search,35-44
C01668,332,5,639.55,2021-08-27,2024-02-03,127.91,1,2,5,4,Cannot Lose Them,890,North East,Social Media,35-44
C01671,164,4,602.31,2022-03-20,2024-07-20,150.58,1,3,4,3,Loyal Customers,853,London,Social Media,45-54
C01672,138,7,1680.87,2023-08-03,2024-08-15,240.12,3,3,5,5,Loyal Customers,378,London,Paid Search,25-34
C01673,1,3,719.78,2024-11-19,2024-12-30,239.93,2,5,3,4,Loyal Customers,41,Scotland,Paid Search,55+
C01674,114,3,433.4,2023-04-06,2024-09-08,144.47,3,3,3,3,Loyal Customers,521,North West,Organic Search,35-44
C01675,841,2,260.18,2022-06-18,2022-09-12,130.09,1,1,2,2,Hibernating,86,Yorkshire,Direct,25-34
C01677,202,3,584.67,2023-12-22,2024-06-12,194.89,2,2,3,3,At Risk,173,Scotland,Email,55+
C01679,182,2,623.39,2023-12-20,2024-07-02,311.7,1,2,2,3,Hibernating,195,Midlands,Paid Search,35-44
C01680,405,9,1577.86,2021-06-19,2023-11-22,175.32,4,1,5,5,Cannot Lose Them,886,London,Email,25-34
C01681,362,3,1091.09,2023-10-21,2024-01-04,363.7,2,2,3,5,At Risk,75,South East,Social Media,35-44
C01682,122,9,2383.26,2024-01-25,2024-08-31,264.81,3,3,5,5,Loyal Customers,219,Scotland,Organic Search,25-34
C01683,89,4,554.08,2023-09-04,2024-10-03,138.52,3,3,4,3,Loyal Customers,395,Scotland,Paid Search,25-34
C01684,27,1,266.45,2024-12-04,2024-12-04,266.45,1,5,1,2,Recent Customers,0,South West,Organic Search,35-44
C01685,13,10,1163.95,2024-07-23,2024-12-18,116.4,3,5,5,5,Champions,148,London,Referral,18-24
C01687,309,2,81.09,2023-08-26,2024-02-26,40.54,2,2,2,1,Hibernating,184,Wales,Email,18-24
C01688,526,5,559.5,2022-06-26,2023-07-24,111.9,1,1,5,3,Cannot Lose Them,393,Midlands,Organic Search,45-54
C01689,50,3,828.62,2023-09-08,2024-11-11,276.21,3,4,3,4,Loyal Customers,430,Scotland,Social Media,25-34
C01690,753,1,192.35,2022-12-09,2022-12-09,192.35,1,1,1,1,Hibernating,0,North West,Paid Search,45-54
C01692,55,8,1108.52,2022-04-11,2024-11-06,138.56,3,4,5,5,Champions,940,South East,Email,18-24
C01693,371,2,277.37,2023-07-28,2023-12-26,138.68,2,1,2,2,Hibernating,151,North West,Organic Search,25-34
C01694,117,4,978.35,2022-05-14,2024-09-05,244.59,3,3,4,4,Loyal Customers,845,North East,Paid Search,55+
C01695,118,1,59.1,2024-09-04,2024-09-04,59.1,1,3,1,1,Lost,0,London,Paid Search,25-34
C01696,13,5,2065.9,2024-08-25,2024-12-18,413.18,1,5,5,5,Champions,115,Scotland,Paid Search,18-24
C01697,117,4,204.05,2021-10-20,2024-09-05,51.01,3,3,4,2,Loyal Customers,1051,Yorkshire,Organic Search,25-34
C01698,455,1,48.04,2023-10-03,2023-10-03,48.04,1,1,1,1,Hibernating,0,South East,Referral,18-24
C01700,25,6,1571.88,2024-02-04,2024-12-06,261.98,2,5,5,5,Champions,306,Scotland,Email,45-54
C01701,628,6,1434.52,2021-01-14,2023-04-13,239.09,2,1,5,5,Cannot Lose Them,819,North West,Organic Search,25-34
C01702,239,2,94.31,2022-06-06,2024-05-06,47.16,1,2,2,1,Hibernating,700,Midlands,Organic Search,25-34
C01703,124,3,140.18,2022-08-08,2024-08-29,46.73,2,3,3,1,Loyal Customers,752,London,Email,25-34
C01706,94,7,1132.69,2023-12-13,2024-09-28,161.81,3,3,5,5,Loyal Customers,290,Scotland,Paid Search,25-34
C01707,437,3,561.02,2021-06-27,2023-10-21,187.01,3,1,3,3,At Risk,846,Yorkshire,Paid Search,25-34
C01709,43,9,1063.07,2021-04-09,2024-11-18,118.12,2,4,5,5,Champions,1319,London,Email,18-24
C01710,35,6,2291.06,2023-10-29,2024-11-26,381.84,1,4,5,5,Champions,394,Scotland,Email,55+
C01711,129,1,212.81,2024-08-24,2024-08-24,212.81,1,3,1,2,Lost,0,Scotland,Email,35-44
C01713,17,4,1506.17,2024-04-19,2024-12-14,376.54,2,5,4,5,Champions,239,North West,Social Media,18-24
C01714,111,6,1677.8,2021-08-06,2024-09-11,279.63,3,3,5,5,Loyal Customers,1132,Yorkshire,Email,35-44
C01715,529,2,284.63,2023-03-12,2023-07-21,142.32,2,1,2,2,Hibernating,131,Scotland,Direct,25-34
C01716,133,3,1049.7,2023-04-15,2024-08-20,349.9,3,3,3,5,Loyal Customers,493,Wales,Paid Search,25-34
C01717,22,2,303.3,2023-05-07,2024-12-09,151.65,2,5,2,2,Recent Customers,582,Scotland,Email,18-24
C01718,524,2,127.69,2023-03-12,2023-07-26,63.84,1,1,2,1,Hibernating,136,North West,Organic Search,25-34
C01719,387,1,35.31,2023-12-10,2023-12-10,35.31,1,1,1,1,Hibernating,0,London,Paid Search,35-44
C01720,694,2,820.0,2022-11-13,2023-02-06,410.0,1,1,2,4,Hibernating,85,Scotland,Organic Search,35-44
C01721,781,2,618.63,2022-08-04,2022-11-11,309.32,1,1,2,3,Hibernating,99,London,Organic Search,45-54
C01722,6,3,228.41,2024-02-14,2024-12-25,76.14,2,5,3,2,Loyal Customers,315,South West,Email,45-54
C01723,749,1,302.93,2022-12-13,2022-12-13,302.93,1,1,1,2,Hibernating,0,North West,Paid Search,18-24
C01724,101,2,839.08,2022-01-05,2024-09-21,419.54,2,3,2,4,Lost,990,London,Paid Search,25-34
C01725,63,2,252.32,2024-09-16,2024-10-29,126.16,1,4,2,2,Recent Customers,43,North West,Organic Search,55+
C01726,932,2,1140.85,2021-12-16,2022-06-13,570.42,2,1,2,5,Hibernating,179,Yorkshire,Paid Search,45-54
C01727,115,2,134.49,2024-06-19,2024-09-07,67.24,2,3,2,1,Lost,80,North West,Organic Search,35-44
C01729,106,5,409.86,2023-02-24,2024-09-16,81.97,1,3,5,3,Loyal Customers,570,South West,Paid Search,45-54
C01730,507,1,156.8,2023-08-12,2023-08-12,156.8,1,1,1,1,Hibernating,0,Midlands,Direct,45-54
C01731,2,5,627.56,2022-12-08,2024-12-29,125.51,3,5,5,4,Champions,752,Scotland,Paid Search,25-34
C01733,203,1,149.02,2024-06-11,2024-06-11,149.02,1,2,1,1,Hibernating,0,South East,Paid Search,25-34
C01734,31,4,376.62,2023-04-29,2024-11-30,94.16,1,5,4,2,Champions,581,South West,Organic Search,45-54
C01735,44,3,383.28,2023-08-31,2024-11-17,127.76,2,4,3,2,Loyal Customers,444,Wales,Social Media,25-34
C01736,474,1,138.05,2023-09-14,2023-09-14,138.05,1,1,1,1,Hibernating,0,Yorkshire,Email,25-34
C01737,36,3,101.68,2024-05-09,2024-11-25,33.89,3,4,3,1,Loyal Customers,200,London,Direct,55+
C01738,551,1,44.23,2023-06-29,2023-06-29,44.23,1,1,1,1,Hibernating,0,North West,Email,25-34
C01739,3,2,310.09,2023-05-28,2024-12-28,155.05,1,5,2,2,Recent Customers,580,Midlands,Social Media,25-34
C01740,142,1,110.28,2024-08-11,2024-08-11,110.28,1,3,1,1,Lost,0,Wales,Paid Search,18-24
C01741,126,1,505.07,2024-08-27,2024-08-27,505.07,1,3,1,3,Lost,0,South East,Organic Search,25-34
C01742,202,2,529.86,2023-10-06,2024-06-12,264.93,2,2,2,3,Hibernating,250,London,Social Media,45-54
C01743,117,1,178.12,2024-09-05,2024-09-05,178.12,1,3,1,1,Lost,0,North East,Direct,35-44
C01744,19,5,460.18,2024-04-18,2024-12-12,92.04,3,5,5,3,Champions,238,Wales,Email,35-44
C01745,1,2,240.61,2024-12-17,2024-12-30,120.3,1,5,2,2,Recent Customers,13,North West,Email,25-34
C01746,31,1,242.49,2024-11-30,2024-11-30,242.49,1,5,1,2,Recent Customers,0,North West,Organic Search,35-44
C01749,1073,2,117.71,2021-01-21,2022-01-23,58.86,1,1,2,1,Hibernating,367,South East,Direct,35-44
C01751,79,5,941.91,2022-05-20,2024-10-13,188.38,2,4,5,4,Champions,877,London,Paid Search,55+
C01752,237,2,67.83,2023-05-10,2024-05-08,33.92,2,2,2,1,Hibernating,364,Scotland,Direct,18-24
C01753,6,9,1929.04,2021-09-17,2024-12-25,214.34,5,5,5,5,Champions,1195,North West,Email,18-24
C01754,129,9,1556.06,2022-05-20,2024-08-24,172.9,2,3,5,5,Loyal Customers,827,London,Organic Search,25-34
C01755,185,1,358.27,2024-06-29,2024-06-29,358.27,1,2,1,2,Hibernating,0,Scotland,Email,45-54
C01756,125,6,1033.71,2023-02-01,2024-08-28,172.28,4,3,5,5,Loyal Customers,574,Scotland,Direct,35-44
C01757,95,5,769.69,2023-05-13,2024-09-27,153.94,5,3,5,4,Loyal Customers,503,Wales,Organic Search,25-34
C01758,128,3,537.86,2022-04-19,2024-08-25,179.29,2,3,3,3,Loyal Customers,859,Wales,Social Media,35-44
C01760,306,2,111.43,2022-06-10,2024-02-29,55.72,2,2,2,1,Hibernating,629,North East,Paid Search,25-34
C01761,490,3,430.27,2022-11-13,2023-08-29,143.42,3,1,3,3,At Risk,289,Midlands,Organic Search,55+
C01762,535,3,407.91,2021-07-17,2023-07-15,135.97,1,1,3,3,At Risk,728,South East,Paid Search,18-24
C01763,94,3,140.04,2023-01-01,2024-09-28,46.68,2,3,3,1,Loyal Customers,636,Yorkshire,Referral,45-54
C01764,174,1,135.43,2024-07-10,2024-07-10,135.43,1,3,1,1,Lost,0,London,Organic Search,55+
C01765,407,1,321.46,2023-11-20,2023-11-20,321.46,1,1,1,2,Hibernating,0,London,Direct,55+
C01766,88,3,346.89,2022-08-02,2024-10-04,115.63,2,3,3,2,Loyal Customers,794,Midlands,Referral,25-34
C01767,129,2,304.47,2022-11-30,2024-08-24,152.24,2,3,2,2,Lost,633,Scotland,Social Media,45-54
C01768,65,3,215.82,2024-04-16,2024-10-27,71.94,1,4,3,2,Loyal Customers,194,Wales,Email,45-54
C01769,58,3,297.46,2022-03-18,2024-11-03,99.15,3,4,3,2,Loyal Customers,961,Yorkshire,Paid Search,25-34
C01770,89,7,1390.38,2022-06-21,2024-10-03,198.63,2,3,5,5,Loyal Customers,835,London,Organic Search,35-44
C01771,453,2,410.15,2023-04-28,2023-10-05,205.08,1,1,2,3,Hibernating,160,Wales,Referral,35-44
C01772,243,9,2674.56,2023-04-29,2024-05-02,297.17,2,2,5,5,Cannot Lose Them,369,Scotland,Organic Search,35-44
C01773,75,1,344.22,2024-10-17,2024-10-17,344.22,1,4,1,2,Recent Customers,0,London,Referral,45-54
C01774,155,1,115.68,2024-07-29,2024-07-29,115.68,1,3,1,1,Lost,0,Yorkshire,Paid Search,35-44
C01776,287,2,207.07,2023-12-04,2024-03-19,103.54,1,2,2,2,Hibernating,106,Scotland,Organic Search,25-34
C01777,357,3,521.66,2023-07-27,2024-01-09,173.89,2,2,3,3,At Risk,166,North West,Direct,45-54
C01778,53,1,289.43,2024-11-08,2024-11-08,289.43,1,4,1,2,Recent Customers,0,Yorkshire,Paid Search,45-54
C01779,9,3,106.15,2024-05-15,2024-12-22,35.38,3,5,3,1,Loyal Customers,221,London,Organic Search,55+
C01780,747,5,1146.1,2021-11-09,2022-12-15,229.22,2,1,5,5,Cannot Lose Them,401,London,Paid Search,35-44
C01781,81,5,1116.8,2022-06-14,2024-10-11,223.36,2,4,5,5,Champions,850,South West,Social Media,55+
C01782,3,3,825.74,2024-10-12,2024-12-28,275.25,2,5,3,4,Loyal Customers,77,London,Organic Search,55+
C01783,1,1,192.42,2024-12-30,2024-12-30,192.42,1,5,1,1,Recent Customers,0,Scotland,Organic Search,18-24
C01785,201,4,515.94,2023-01-10,2024-06-13,128.98,2,2,4,3,Cannot Lose Them,520,South West,Organic Search,25-34
C01787,25,3,367.86,2024-07-04,2024-12-06,122.62,3,5,3,2,Loyal Customers,155,South West,Paid Search,55+
C01788,1,8,945.69,2023-12-26,2024-12-30,118.21,2,5,5,4,Champions,370,Midlands,Direct,18-24
C01790,9,3,658.99,2024-12-09,2024-12-22,219.66,1,5,3,4,Loyal Customers,13,South East,Direct,25-34
C01791,204,6,1246.36,2021-08-26,2024-06-10,207.73,3,2,5,5,Cannot Lose Them,1019,London,Paid Search,55+
C01793,210,3,888.8,2021-11-22,2024-06-04,296.27,2,2,3,4,At Risk,925,North East,Email,25-34
C01794,190,3,661.68,2022-05-15,2024-06-24,220.56,2,2,3,4,At Risk,771,South East,Organic Search,45-54
C01795,389,1,282.37,2023-12-08,2023-12-08,282.37,1,1,1,2,Hibernating,0,London,Paid Search,25-34
C01796,73,4,508.91,2024-03-02,2024-10-19,127.23,4,4,4,3,Champions,231,Yorkshire,Direct,25-34
C01797,338,1,45.9,2024-01-28,2024-01-28,45.9,1,2,1,1,Hibernating,0,London,Email,35-44
C01798,32,2,378.55,2024-11-27,2024-11-29,189.28,2,5,2,2,Recent Customers,2,North West,Paid Search,25-34
C01799,86,2,74.03,2024-08-18,2024-10-06,37.02,1,3,2,1,Lost,49,North West,Organic Search,45-54
C01800,414,3,283.54,2023-05-31,2023-11-13,94.51,2,1,3,2,At Risk,166,South West,Organic Search,25-34
C01801,502,5,721.39,2022-01-18,2023-08-17,144.28,2,1,5,4,Cannot Lose Them,576,London,Organic Search,45-54
C01802,163,3,907.1,2023-08-05,2024-07-21,302.37,2,3,3,4,Loyal Customers,351,North West,Social Media,25-34
C01803,7,8,1313.12,2024-01-21,2024-12-24,164.14,3,5,5,5,Champions,338,North West,Organic Search,25-34
C01804,116,5,657.34,2022-08-23,2024-09-06,131.47,2,3,5,4,Loyal Customers,745,North East,Organic Search,18-24
C01805,53,6,1825.05,2021-10-21,2024-11-08,304.18,2,4,5,5,Champions,1114,Scotland,Referral,45-54
C01806,143,1,163.96,2024-08-10,2024-08-10,163.96,1,3,1,1,Lost,0,South East,Social Media,35-44
C01808,649,1,121.22,2023-03-23,2023-03-23,121.22,1,1,1,1,Hibernating,0,Scotland,Organic Search,35-44
C01810,273,6,1676.05,2022-06-02,2024-04-02,279.34,3,2,5,5,Cannot Lose Them,670,London,Organic Search,18-24
C01811,76,4,290.93,2023-11-05,2024-10-16,72.73,2,4,4,2,Champions,346,South East,Paid Search,45-54
C01812,661,2,317.62,2022-06-21,2023-03-11,158.81,1,1,2,2,Hibernating,263,Midlands,Email,35-44
C01813,49,3,1205.99,2022-02-22,2024-11-12,402.0,2,4,3,5,Loyal Customers,994,South East,Organic Search,35-44
C01814,311,3,549.55,2023-08-15,2024-02-24,183.18,1,2,3,3,At Risk,193,South West,Organic Search,18-24
C01815,5,4,830.86,2024-12-08,2024-12-26,207.72,1,5,4,4,Champions,18,Yorkshire,Email,55+
C01816,28,1,223.57,2024-12-03,2024-12-03,223.57,1,5,1,2,Recent Customers,0,Yorkshire,Paid Search,55+
C01818,229,4,530.08,2023-01-31,2024-05-16,132.52,2,2,4,3,Cannot Lose Them,471,London,Social Media,55+
C01820,182,2,299.47,2024-02-12,2024-07-02,149.73,1,2,3,2,At Risk,141,London,Organic Search,25-34
C01821,103,7,2371.13,2022-12-21,2024-09-19,338.73,3,3,5,5,Loyal Customers,638,South East,Paid Search,25-34
C01822,325,1,404.91,2024-02-10,2024-02-10,404.91,1,2,1,3,Hibernating,0,North West,Organic Search,18-24
C01823,382,1,323.5,2023-12-15,2023-12-15,323.5,1,1,1,2,Hibernating,0,North East,Direct,18-24
C01824,672,3,336.95,2022-09-11,2023-02-28,112.32,1,1,3,2,At Risk,170,South West,Organic Search,18-24
C01825,540,3,615.87,2022-05-07,2023-07-10,205.29,3,1,3,3,At Risk,429,Wales,Email,35-44
C01826,74,4,761.82,2024-06-23,2024-10-18,190.46,1,4,4,4,Champions,117,North West,Email,55+
C01827,90,1,533.33,2024-10-02,2024-10-02,533.33,1,3,1,3,Lost,0,North East,Organic Search,18-24
C01828,164,4,626.16,2023-08-03,2024-07-20,156.54,3,3,4,4,Loyal Customers,352,South West,Email,55+
C01829,62,3,628.45,2023-12-29,2024-10-30,209.48,2,4,3,4,Loyal Customers,306,North West,Social Media,25-34
C01830,232,3,524.55,2022-06-17,2024-05-13,174.85,2,2,3,3,At Risk,696,North East,Email,35-44
C01831,10,1,114.95,2024-12-21,2024-12-21,114.95,1,5,1,1,Recent Customers,0,North West,Direct,55+
C01832,217,2,567.82,2023-12-21,2024-05-28,283.91,1,2,3,3,At Risk,159,Scotland,Paid Search,25-34
C01833,68,2,243.24,2024-08-20,2024-10-24,121.62,1,4,3,2,Loyal Customers,65,South East,Organic Search,55+
C01835,34,3,406.18,2024-06-30,2024-11-27,135.39,1,4,3,3,Loyal Customers,150,South East,Paid Search,55+
C01837,320,3,564.3,2023-03-25,2024-02-15,188.1,1,2,3,3,At Risk,327,South West,Organic Search,18-24
C01838,74,1,217.26,2024-10-18,2024-10-18,217.26,1,4,1,2,Recent Customers,0,London,Organic Search,25-34
C01839,88,2,150.01,2023-07-04,2024-10-04,75.0,2,3,3,1,Loyal Customers,458,Scotland,Direct,35-44
C01840,61,3,284.0,2023-11-02,2024-10-31,94.67,1,4,3,2,Loyal Customers,364,London,Organic Search,25-34
C01842,365,3,328.53,2023-08-08,2024-01-01,109.51,1,1,3,2,At Risk,146,North West,Email,25-34
C01844,133,2,137.83,2024-02-22,2024-08-20,68.92,1,3,3,1,Loyal Customers,180,Scotland,Social Media,35-44
C01845,614,1,321.47,2023-04-27,2023-04-27,321.47,1,1,1,2,Hibernating,0,Midlands,Paid Search,25-34
C01846,11,2,215.96,2024-10-22,2024-12-20,107.98,1,5,3,2,Loyal Customers,59,Scotland,Email,18-24
C01848,296,3,376.43,2022-07-15,2024-03-10,125.48,3,2,3,2,At Risk,604,Yorkshire,Paid Search,18-24
C01849,258,1,108.82,2024-04-17,2024-04-17,108.82,1,2,1,1,Hibernating,0,South West,Organic Search,25-34
C01850,43,2,184.36,2024-08-18,2024-11-18,92.18,2,4,3,1,Loyal Customers,92,London,Organic Search,45-54
C01852,216,1,55.99,2024-05-29,2024-05-29,55.99,1,2,1,1,Hibernating,0,South East,Email,55+
C01853,505,1,55.7,2023-08-14,2023-08-14,55.7,1,1,1,1,Hibernating,0,North West,Paid Search,25-34
C01854,313,3,338.74,2023-11-21,2024-02-22,112.91,2,2,3,2,At Risk,93,Scotland,Organic Search,35-44
C01855,72,5,1169.77,2023-05-19,2024-10-20,233.95,3,4,5,5,Champions,520,North West,Paid Search,35-44
C01856,34,1,284.1,2024-11-27,2024-11-27,284.1,1,4,1,2,Recent Customers,0,London,Organic Search,25-34
C01858,47,1,397.31,2024-11-14,2024-11-14,397.31,1,4,1,3,Recent Customers,0,South West,Email,35-44
C01859,93,5,1094.59,2023-09-17,2024-09-29,218.92,2,3,5,5,Loyal Customers,378,North West,Organic Search,45-54
C01860,219,5,644.41,2021-11-06,2024-05-26,128.88,2,2,5,4,Cannot Lose Them,932,North East,Organic Search,25-34
C01861,60,4,878.37,2024-05-29,2024-11-01,219.59,1,4,4,4,Champions,156,Yorkshire,Email,55+
C01863,63,1,353.9,2024-10-29,2024-10-29,353.9,1,4,1,2,Recent Customers,0,North West,Referral,25-34
C01864,344,2,167.91,2023-11-09,2024-01-22,83.96,2,2,3,1,At Risk,74,North West,Organic Search,55+
C01865,238,2,209.2,2024-01-12,2024-05-07,104.6,2,2,3,2,At Risk,116,Wales,Paid Search,45-54
C01866,35,4,696.05,2023-10-20,2024-11-26,174.01,2,4,4,4,Champions,403,London,Email,35-44
C01867,136,2,461.58,2024-07-24,2024-08-17,230.79,2,3,3,3,Loyal Customers,24,Wales,Paid Search,25-34
C01868,374,2,453.68,2022-12-11,2023-12-23,226.84,1,1,3,3,At Risk,377,North East,Organic Search,25-34
C01870,381,1,170.65,2023-12-16,2023-12-16,170.65,1,1,1,1,Hibernating,0,North West,Email,25-34
C01871,112,3,247.21,2022-02-26,2024-09-10,82.4,2,3,3,2,Loyal Customers,927,North East,Organic Search,25-34
C01872,226,2,430.92,2023-12-13,2024-05-19,215.46,2,2,3,3,At Risk,158,North West,Social Media,35-44
C01875,47,3,115.74,2024-05-03,2024-11-14,38.58,1,4,3,1,Loyal Customers,195,South East,Organic Search,45-54
C01876,6,5,1201.98,2023-03-11,2024-12-25,240.4,3,5,5,5,Champions,655,North West,Paid Search,35-44
C01877,377,3,600.44,2022-09-22,2023-12-20,200.15,2,1,3,3,At Risk,454,Scotland,Email,25-34
C01878,308,1,59.17,2024-02-27,2024-02-27,59.17,1,2,2,1,Hibernating,0,Midlands,Email,25-34
C01879,105,4,390.22,2024-05-20,2024-09-17,97.56,2,3,4,3,Loyal Customers,120,South East,Organic Search,18-24
C01880,432,1,172.21,2023-10-26,2023-10-26,172.21,1,1,2,1,Hibernating,0,Scotland,Social Media,45-54
C01881,26,6,2738.47,2024-08-06,2024-12-05,456.41,2,5,5,5,Champions,121,Yorkshire,Email,25-34
C01882,2,2,516.42,2024-12-02,2024-12-29,258.21,1,5,3,3,Loyal Customers,27,London,Organic Search,25-34
C01883,35,6,901.47,2023-01-01,2024-11-26,150.24,4,4,5,4,Champions,695,North West,Email,25-34
C01884,95,4,1557.52,2024-08-14,2024-09-27,389.38,1,3,4,5,Loyal Customers,44,South East,Email,25-34
C01885,5,1,109.41,2024-12-26,2024-12-26,109.41,1,5,2,1,Recent Customers,0,Scotland,Social Media,25-34
C01886,39,3,559.06,2022-03-17,2024-11-22,186.35,3,4,3,3,Loyal Customers,981,Scotland,Paid Search,18-24
C01887,15,4,644.15,2024-05-05,2024-12-16,161.04,2,5,4,4,Champions,225,North West,Organic Search,35-44
C01888,457,1,108.9,2023-10-01,2023-10-01,108.9,1,1,2,1,Hibernating,0,South West,Social Media,25-34
C01889,110,8,828.6,2021-09-16,2024-09-12,103.58,4,3,5,4,Loyal Customers,1092,North West,Organic Search,35-44
C01890,255,1,533.67,2024-04-20,2024-04-20,533.67,1,2,2,3,Hibernating,0,South West,Organic Search,35-44
C01891,1222,1,54.02,2021-08-27,2021-08-27,54.02,1,1,2,1,Hibernating,0,London,Social Media,35-44
C01892,582,5,426.88,2021-03-19,2023-05-29,85.38,2,1,5,3,Cannot Lose Them,801,London,Organic Search,35-44
C01893,70,2,195.62,2023-06-17,2024-10-22,97.81,2,4,3,1,Loyal Customers,493,North West,Organic Search,35-44
C01895,144,3,147.99,2023-09-23,2024-08-09,49.33,1,3,3,1,Loyal Customers,321,Scotland,Direct,45-54
C01896,224,2,605.84,2024-05-03,2024-05-21,302.92,2,2,3,3,At Risk,18,North West,Organic Search,35-44
C01897,454,5,270.44,2021-08-23,2023-10-04,54.09,1,1,5,2,Cannot Lose Them,772,Yorkshire,Organic Search,45-54
C01899,53,3,606.55,2023-10-13,2024-11-08,202.18,1,4,3,3,Loyal Customers,392,North West,Organic Search,18-24
C01900,271,4,935.13,2023-09-16,2024-04-04,233.78,2,2,4,4,Cannot Lose Them,201,South West,Email,25-34
C01901,160,2,261.08,2023-09-02,2024-07-24,130.54,1,3,3,2,Loyal Customers,326,North West,Email,35-44
C01902,448,4,883.41,2021-07-20,2023-10-10,220.85,2,1,4,4,Cannot Lose Them,812,London,Social Media,45-54
C01903,35,3,183.28,2024-10-03,2024-11-26,61.09,2,4,3,1,Loyal Customers,54,North West,Organic Search,35-44
C01904,117,4,1119.98,2023-03-01,2024-09-05,280.0,2,3,4,5,Loyal Customers,554,Midlands,Organic Search,35-44
C01906,69,4,585.74,2023-10-22,2024-10-23,146.44,2,4,4,3,Champions,367,Wales,Social Media,25-34
C01907,51,5,579.86,2024-04-07,2024-11-10,115.97,2,4,5,3,Champions,217,South West,Organic Search,25-34
C01908,15,5,1343.89,2022-04-11,2024-12-16,268.78,2,5,5,5,Champions,980,Yorkshire,Social Media,25-34
C01909,78,9,2914.18,2023-04-26,2024-10-14,323.8,2,4,5,5,Champions,537,London,Social Media,35-44
C01910,468,1,72.38,2023-09-20,2023-09-20,72.38,1,1,2,1,Hibernating,0,London,Email,45-54
C01911,332,2,301.25,2022-01-16,2024-02-03,150.62,1,2,3,2,At Risk,748,Midlands,Organic Search,35-44
C01912,349,3,965.55,2023-04-21,2024-01-17,321.85,1,2,3,4,At Risk,271,South East,Email,35-44
C01914,105,2,585.1,2023-08-29,2024-09-17,292.55,1,3,3,3,Loyal Customers,385,Midlands,Paid Search,18-24
C01915,989,2,829.8,2022-04-02,2022-04-17,414.9,2,1,3,4,At Risk,15,South East,Social Media,25-34
C01917,49,2,441.0,2022-09-12,2024-11-12,220.5,2,4,3,3,Loyal Customers,792,South West,Direct,55+
C01918,254,1,399.19,2024-04-21,2024-04-21,399.19,1,2,2,3,Hibernating,0,Scotland,Email,35-44
C01919,257,1,345.09,2024-04-18,2024-04-18,345.09,1,2,2,2,Hibernating,0,Yorkshire,Organic Search,25-34
C01920,51,6,832.2,2024-03-11,2024-11-10,138.7,5,4,5,4,Champions,244,London,Email,35-44
C01921,166,3,662.24,2023-05-04,2024-07-18,220.75,2,3,3,4,Loyal Customers,441,Yorkshire,Direct,55+
C01923,82,4,260.03,2022-09-28,2024-10-10,65.01,3,4,4,2,Champions,743,Scotland,Email,18-24
C01924,30,6,545.21,2023-10-24,2024-12-01,90.87,3,5,5,3,Champions,404,Scotland,Paid Search,35-44
C01925,301,3,862.35,2023-06-08,2024-03-05,287.45,2,2,3,4,At Risk,271,Scotland,Organic Search,18-24
C01926,1210,2,706.51,2021-06-26,2021-09-08,353.26,2,1,3,4,At Risk,74,Scotland,Paid Search,25-34
C01927,8,3,366.12,2024-10-12,2024-12-23,122.04,2,5,3,2,Loyal Customers,72,Midlands,Organic Search,45-54
C01928,170,8,1450.77,2022-04-06,2024-07-14,181.35,3,3,5,5,Loyal Customers,830,North East,Organic Search,25-34
C01931,27,3,221.74,2024-07-08,2024-12-04,73.91,2,5,3,2,Loyal Customers,149,London,Email,55+
C01932,665,1,75.36,2023-03-07,2023-03-07,75.36,1,1,2,1,Hibernating,0,Wales,Social Media,45-54
C01933,38,5,835.07,2023-04-06,2024-11-23,167.01,2,4,5,4,Champions,597,South East,Direct,25-34
C01934,16,3,888.63,2024-11-18,2024-12-15,296.21,3,5,3,4,Loyal Customers,27,Scotland,Direct,18-24
C01936,98,1,173.17,2024-09-24,2024-09-24,173.17,1,3,2,1,Lost,0,Yorkshire,Email,45-54
C01937,9,3,684.86,2024-11-18,2024-12-22,228.29,1,5,3,4,Loyal Customers,34,South West,Referral,25-34
C01938,799,5,1457.95,2021-07-24,2022-10-24,291.59,2,1,5,5,Cannot Lose Them,457,Scotland,Paid Search,45-54
C01939,26,2,350.21,2023-08-05,2024-12-05,175.1,1,5,3,2,Loyal Customers,488,North West,Referral,55+
C01940,788,3,397.38,2022-09-22,2022-11-04,132.46,2,1,3,3,At Risk,43,South East,Paid Search,18-24
C01941,267,3,701.09,2023-03-05,2024-04-08,233.7,1,2,3,4,At Risk,400,North West,Paid Search,35-44
C01942,207,4,299.24,2021-11-19,2024-06-07,74.81,2,2,4,2,Cannot Lose Them,931,Scotland,Paid Search,45-54
C01943,259,2,365.95,2024-03-21,2024-04-16,182.98,1,2,3,2,At Risk,26,London,Social Media,25-34
C01945,67,2,435.11,2024-06-14,2024-10-25,217.56,1,4,3,3,Loyal Customers,133,Midlands,Paid Search,45-54
C01946,1141,2,233.07,2021-08-27,2021-11-16,116.54,2,1,3,2,At Risk,81,Midlands,Email,35-44
C01947,255,2,440.77,2024-03-19,2024-04-20,220.38,2,2,3,3,At Risk,32,Scotland,Direct,55+
C01948,66,3,434.68,2023-12-15,2024-10-26,144.89,3,4,4,3,Champions,316,Scotland,Direct,35-44
C01950,230,1,358.3,2024-05-15,2024-05-15,358.3,1,2,2,2,Hibernating,0,Wales,Direct,45-54
C01951,10,6,1768.09,2023-11-29,2024-12-21,294.68,3,5,5,5,Champions,388,North West,Paid Search,25-34
C01952,355,5,858.91,2021-09-11,2024-01-11,171.78,3,2,5,4,Cannot Lose Them,852,Midlands,Social Media,55+
C01953,214,5,733.8,2022-03-07,2024-05-31,146.76,2,2,5,4,Cannot Lose Them,816,Yorkshire,Organic Search,35-44
C01954,85,5,713.3,2024-06-18,2024-10-07,142.66,1,4,5,4,Champions,111,South West,Email,35-44
C01956,142,2,462.6,2022-12-20,2024-08-11,231.3,1,3,3,3,Loyal Customers,600,North West,Email,45-54
C01958,1123,1,528.93,2021-12-04,2021-12-04,528.93,1,1,2,3,Hibernating,0,South West,Email,25-34
C01959,176,1,55.74,2024-07-08,2024-07-08,55.74,1,3,2,1,Lost,0,Scotland,Paid Search,18-24
C01960,47,2,478.58,2024-07-30,2024-11-14,239.29,1,4,3,3,Loyal Customers,107,London,Direct,35-44
C01961,1,4,578.77,2021-07-08,2024-12-30,144.69,3,5,4,3,Champions,1271,Midlands,Social Media,18-24
C01962,91,7,967.93,2024-04-14,2024-10-01,138.28,2,3,5,4,Loyal Customers,170,Midlands,Paid Search,25-34
C01963,110,2,274.11,2024-07-03,2024-09-12,137.06,1,3,3,2,Loyal Customers,71,Midlands,Email,25-34
C01965,475,3,185.82,2023-03-06,2023-09-13,61.94,2,1,4,1,Cannot Lose Them,191,North West,Paid Search,25-34
C01966,475,3,526.39,2022-03-13,2023-09-13,175.46,2,1,4,3,Cannot Lose Them,549,North East,Paid Search,25-34
C01967,71,7,469.75,2024-05-31,2024-10-21,67.11,3,4,5,3,Champions,143,Midlands,Organic Search,18-24
C01968,100,4,535.43,2024-06-30,2024-09-22,133.86,1,3,4,3,Loyal Customers,84,Midlands,Organic Search,25-34
C01969,5,4,516.81,2022-06-15,2024-12-26,129.2,1,5,4,3,Champions,925,North West,Paid Search,55+
C01970,53,3,1251.9,2024-05-18,2024-11-08,417.3,1,4,4,5,Champions,174,South East,Email,45-54
C01971,64,2,121.91,2024-09-06,2024-10-28,60.96,1,4,3,1,Loyal Customers,52,Scotland,Organic Search,25-34
C01972,467,1,156.25,2023-09-21,2023-09-21,156.25,1,1,2,1,Hibernating,0,Wales,Organic Search,45-54
C01973,14,3,973.36,2024-11-09,2024-12-17,324.45,2,5,4,4,Champions,38,North West,Email,35-44
C01974,139,1,226.0,2024-08-14,2024-08-14,226.0,1,3,2,2,Lost,0,North West,Organic Search,18-24
C01975,78,6,394.43,2023-09-03,2024-10-14,65.74,3,4,5,3,Champions,407,London,Paid Search,25-34
C01977,1028,1,51.88,2022-03-09,2022-03-09,51.88,1,1,2,1,Hibernating,0,Scotland,Direct,55+
C01978,7,2,616.47,2024-05-31,2024-12-24,308.24,2,5,3,3,Loyal Customers,207,North West,Paid Search,45-54
C01979,861,3,118.78,2022-02-04,2022-08-23,39.59,2,1,4,1,Cannot Lose Them,200,South East,Organic Search,35-44
C01980,1091,1,76.41,2022-01-05,2022-01-05,76.41,1,1,2,1,Hibernating,0,South East,Referral,18-24
C01981,34,8,1383.85,2024-02-04,2024-11-27,172.98,4,4,5,5,Champions,297,South West,Direct,45-54
C01982,682,1,349.64,2023-02-18,2023-02-18,349.64,1,1,2,2,Hibernating,0,Wales,Paid Search,25-34
C01984,88,3,742.8,2024-03-16,2024-10-04,247.6,2,3,4,4,Loyal Customers,202,South West,Direct,35-44
C01985,60,4,675.16,2024-07-08,2024-11-01,168.79,2,4,4,4,Champions,116,North West,Referral,35-44
C01986,7,4,681.76,2024-12-13,2024-12-24,170.44,2,5,4,4,Champions,11,Scotland,Direct,25-34
C01987,53,2,465.91,2024-08-25,2024-11-08,232.96,1,4,3,3,Loyal Customers,75,London,Paid Search,25-34
C01988,125,5,1149.7,2024-01-03,2024-08-28,229.94,1,3,5,5,Loyal Customers,238,South East,Paid Search,55+
C01989,43,6,773.23,2022-03-17,2024-11-18,128.87,2,4,5,4,Champions,977,London,Email,35-44
C01990,133,4,1593.01,2024-03-03,2024-08-20,398.25,2,3,4,5,Loyal Customers,170,North West,Paid Search,35-44
C01991,31,3,557.3,2024-11-15,2024-11-30,185.77,2,5,4,3,Champions,15,Scotland,Paid Search,18-24
C01993,29,6,2362.41,2024-09-01,2024-12-02,393.73,3,5,5,5,Champions,92,London,Social Media,25-34
C01995,78,1,204.14,2024-10-14,2024-10-14,204.14,1,4,2,2,Recent Customers,0,North East,Email,45-54
C01997,3,1,63.14,2024-12-28,2024-12-28,63.14,1,5,2,1,Recent Customers,0,South East,Social Media,18-24
C01999,191,6,985.58,2023-04-16,2024-06-23,164.26,4,2,5,4,Cannot Lose Them,434,North East,Organic Search,45-54
C02000,811,3,167.2,2021-09-11,2022-10-12,55.73,1,1,4,1,Cannot Lose Them,396,South East,Paid Search,25-34
